"Name","Team","W","L","SV","HLD","G","GS","IP","SO","K/9","BB/9","HR/9","BABIP","LOB%","GB%","HR/FB","ERA","WHIP","FIP","xFIP","WAR","playerid"
"Xavier Cedeno","Cubs","0","0","0","0","5","0","2.0","1","4.50","13.50","0.00",".444","100.0 %","44.4 %","0.0 %","0.00","3.50","6.62","9.48","0.0","36"
"Matt Moore","Tigers","0","0","0","0","2","2","10.0","9","8.10","0.90","0.00",".130","100.0 %","59.1 %","0.0 %","0.00","0.40","1.62","2.95","0.5","1890"
"Charlie Culberson","Braves","0","0","0","0","1","0","1.0","1","9.00","18.00","0.00",".333","100.0 %","0.0 %","0.0 %","0.00","3.00","7.12","10.93","0.0","3298"
"Jeff Mathis","Rangers","0","0","0","0","1","0","1.0","1","9.00","0.00","0.00",".333","100.0 %","33.3 %","0.0 %","0.00","1.00","1.12","3.02","0.0","3448"
"Hector Santiago","Mets","1","0","0","0","2","0","3.0","3","9.00","6.00","0.00",".143","100.0 %","33.3 %","0.0 %","0.00","1.00","3.12","5.66","0.0","4026"
"Russell Martin","Dodgers","0","0","0","0","1","0","1.0","0","0.00","0.00","0.00",".000","100.0 %","66.7 %","0.0 %","0.00","0.00","3.12","5.02","0.0","4616"
"Pablo Sandoval","Giants","0","0","0","0","1","0","1.0","0","0.00","0.00","0.00",".000","100.0 %","50.0 %","0.0 %","0.00","0.00","6.12","8.02","0.0","5409"
"Hernan Perez","Brewers","0","0","0","0","1","0","1.0","1","9.00","18.00","0.00",".000","100.0 %","100.0 %","0.0 %","0.00","2.00","7.12","7.12","0.0","5751"
"Jesus Sucre","Orioles","0","0","0","0","1","0","1.0","0","0.00","0.00","0.00",".000","100.0 %","66.7 %","0.0 %","0.00","0.00","3.12","5.02","0.0","5942"
"JB Shuck","Pirates","0","0","0","0","1","0","1.0","0","0.00","9.00","0.00",".250","100.0 %","50.0 %","0.0 %","0.00","2.00","6.12","9.93","0.0","6677"
"Caleb Joseph","Diamondbacks","0","0","0","0","1","0","1.0","0","0.00","0.00","0.00",".000","100.0 %","66.7 %","0.0 %","0.00","0.00","3.12","5.02","0.0","7087"
"Jake McGee","Rockies","0","0","0","0","5","0","4.1","3","6.23","0.00","0.00",".400","100.0 %","33.3 %","0.0 %","0.00","1.38","1.73","3.93","0.1","7550"
"Anthony Bass","Mariners","0","0","0","0","3","0","3.2","4","9.82","0.00","0.00",".143","100.0 %","57.1 %","0.0 %","0.00","0.27","0.93","1.97","0.1","7982"
"Aaron Loup","Padres","0","0","0","1","4","0","3.1","5","13.50","2.70","0.00",".286","100.0 %","57.1 %","0.0 %","0.00","0.90","1.92","2.49","0.1","10343"
"Jedd Gyorko","Cardinals","0","0","0","0","1","0","0.1","1","27.00","0.00","0.00",".000","100.0 %","0.0 %","0.0 %","0.00","0.00","-2.88","-2.88","0.0","10816"
"Ryan O'Rourke","Mets","0","0","0","0","2","0","1.1","1","6.75","20.25","0.00",".000","100.0 %","0.0 %","0.0 %","0.00","2.25","8.37","11.23","-0.1","10976"
"Grant Dayton","Braves","0","0","0","0","5","0","4.0","1","2.25","2.25","0.00",".286","100.0 %","21.4 %","0.0 %","0.00","1.25","3.37","7.18","0.1","11203"
"Brian Flynn","Royals","0","0","0","0","1","0","0.1","0","0.00","0.00","0.00","1.000","100.0 %","100.0 %","0.0 %","0.00","3.00","3.12","3.12","0.0","12027"
"Evan Marshall","White Sox","0","0","0","1","8","0","8.0","5","5.63","3.38","0.00",".227","100.0 %","45.5 %","0.0 %","0.00","1.00","2.99","4.90","0.2","12297"
"Nathan Karns","Orioles","0","1","0","0","4","2","5.1","5","8.44","5.06","0.00",".438","90.9 %","75.0 %","0.0 %","0.00","1.88","3.49","4.21","0.1","12638"
"Mike Clevinger","Indians","1","0","0","0","2","2","12.0","22","16.50","3.00","0.00",".125","100.0 %","43.8 %","0.0 %","0.00","0.50","0.45","1.24","0.8","12808"
"Luke Maile","Blue Jays","0","0","0","0","2","0","2.0","3","13.50","0.00","0.00",".250","100.0 %","50.0 %","0.0 %","0.00","0.50","1.62","2.57","0.0","13355"
"Matt Bowman","Reds","0","0","0","0","3","0","2.2","3","10.13","0.00","0.00",".000","100.0 %","80.0 %","0.0 %","0.00","0.00","0.87","1.58","0.1","13528"
"Jake Faria","Rays","0","0","0","0","1","0","2.0","1","4.50","4.50","0.00",".200","100.0 %","20.0 %","0.0 %","0.00","1.00","3.62","6.48","0.0","13699"
"Kevin Plawecki","Indians","0","0","0","0","2","0","2.0","0","0.00","0.00","0.00",".000","100.0 %","50.0 %","0.0 %","0.00","0.00","3.12","5.02","0.0","13807"
"Jose Rondon","White Sox","0","0","0","0","1","0","1.0","0","0.00","0.00","0.00",".400","100.0 %","40.0 %","0.0 %","0.00","2.00","3.12","6.93","0.0","14140"
"Williams Jerez","Giants","0","0","0","0","1","0","1.0","0","0.00","18.00","0.00",".000","100.0 %","33.3 %","0.0 %","0.00","2.00","9.12","12.93","0.0","14338"
"Matt Ramsey","Angels","0","0","0","0","1","0","1.0","1","9.00","0.00","0.00",".000","100.0 %","0.0 %","0.0 %","0.00","0.00","1.12","4.93","0.0","14460"
"Dillon Maples","Cubs","1","0","0","0","5","0","4.2","10","19.29","11.57","0.00",".250","100.0 %","100.0 %","0.0 %","0.00","1.50","2.69","2.69","0.1","14672"
"Jaime Schultz","Dodgers","0","0","0","0","3","0","3.0","3","9.00","6.00","0.00",".167","100.0 %","33.3 %","0.0 %","0.00","1.00","3.12","5.66","0.0","15066"
"Donnie Hart","Brewers","0","0","0","0","4","0","6.2","3","4.05","5.40","0.00",".211","100.0 %","68.4 %","0.0 %","0.00","1.20","4.02","5.16","0.0","15306"
"Tyler White","Astros","0","0","0","0","1","0","1.0","1","9.00","9.00","0.00",".000","100.0 %","0.0 %","0.0 %","0.00","1.00","4.12","7.93","0.0","15564"
"Zack Littell","Twins","0","0","0","0","1","0","2.0","2","9.00","0.00","0.00",".000","100.0 %","25.0 %","0.0 %","0.00","0.00","1.12","3.02","0.0","15823"
"Chris Ellis","Royals","0","0","0","0","1","0","1.0","0","0.00","9.00","0.00",".250","100.0 %","25.0 %","0.0 %","0.00","2.00","6.12","8.02","0.0","16125"
"James Norwood","Cubs","0","0","0","0","1","0","1.0","1","9.00","9.00","0.00",".000","100.0 %","0.0 %","0.0 %","0.00","1.00","4.12","7.93","0.0","16440"
"Sam Coonrod","Giants","0","0","0","0","1","0","1.0","1","9.00","0.00","0.00",".000","100.0 %","50.0 %","0.0 %","0.00","0.00","1.12","3.02","0.0","17264"
"J. D. Hammer","Phillies","0","0","0","0","1","0","1.0","1","9.00","0.00","0.00",".000","100.0 %","0.0 %","0.0 %","0.00","0.00","1.12","3.02","0.0","19548"
"David McKay","Mariners","0","0","0","0","3","0","2.0","0","0.00","0.00","0.00",".250","100.0 %","25.0 %","0.0 %","0.00","1.00","3.12","5.98","0.0","19814"
"Darwinzon Hernandez","Red Sox","0","0","0","0","1","0","2.1","4","15.43","3.86","0.00",".571","100.0 %","42.9 %","0.0 %","0.00","2.14","0.97","3.42","0.1","19848"
"Ryan Pressly","Astros","1","0","2","13","22","0","24.1","27","9.99","0.74","0.37",".196","100.0 %","59.6 %","11.1 %","0.37","0.58","1.68","1.85","0.9","7005"
"Emilio Pagan","Rays","1","0","3","2","16","0","17.0","24","12.71","2.65","0.00",".242","92.3 %","33.3 %","0.0 %","0.53","0.76","1.17","2.41","0.8","14771"
"Aaron Bummer","White Sox","0","0","0","2","10","0","11.1","10","7.94","3.18","0.00",".179","80.0 %","67.9 %","0.0 %","0.79","0.79","2.67","3.35","0.2","16258"
"Yoan Lopez","Diamondbacks","0","1","0","6","25","0","21.0","14","6.00","3.00","0.86",".143","98.6 %","55.2 %","16.7 %","0.86","0.81","4.02","3.87","0.1","17181"
"Jimmie Sherfy","Diamondbacks","0","0","0","0","5","0","9.2","9","8.38","4.66","0.00",".379","93.8 %","28.6 %","0.0 %","0.93","1.66","2.80","4.78","0.2","15118"
"Mike Morin","Twins","0","0","1","1","10","0","9.1","7","6.75","0.00","0.96",".192","100.0 %","55.6 %","16.7 %","0.96","0.64","3.33","3.16","0.1","13442"
"Will Harris","Astros","1","0","0","7","20","0","18.0","16","8.00","2.50","0.00",".250","88.2 %","62.5 %","0.0 %","1.00","0.94","2.17","3.12","0.5","3192"
"Blake Parker","Twins","0","1","8","4","18","0","17.1","14","7.27","3.63","0.52",".190","96.2 %","54.8 %","7.1 %","1.04","0.92","3.63","4.42","0.3","5224"
"Mike Soroka","Braves","5","1","0","0","8","8","50.2","46","8.17","2.66","0.18",".213","85.0 %","57.6 %","3.6 %","1.07","0.89","2.86","3.66","1.4","18383"
"Francisco Liriano","Pirates","1","0","0","3","23","0","24.2","30","10.95","4.38","0.36",".259","94.0 %","46.6 %","4.2 %","1.09","1.14","2.67","4.00","0.6","3201"
"Kirby Yates","Padres","0","2","20","0","24","0","24.0","44","16.50","3.00","0.00",".375","88.0 %","47.5 %","0.0 %","1.13","0.96","0.70","1.81","1.6","9073"
"A.J. Cole","Indians","2","1","0","0","6","0","7.2","10","11.74","1.17","0.00",".222","80.0 %","35.3 %","0.0 %","1.17","0.65","0.90","2.89","0.3","11467"
"Shane Greene","Tigers","0","2","16","0","22","0","22.0","24","9.82","2.86","1.23",".170","76.0 %","55.4 %","15.8 %","1.23","0.86","3.80","3.67","0.4","10756"
"Ken Giles","Blue Jays","1","1","10","0","22","0","21.2","34","14.12","2.08","0.42",".341","91.8 %","42.2 %","5.3 %","1.25","0.97","1.27","2.34","1.1","12910"
"John Gant","Cardinals","3","0","2","8","24","0","28.2","31","9.73","2.51","0.94",".155","100.0 %","45.9 %","14.3 %","1.26","0.70","3.15","3.19","0.5","13684"
"Ryan Weber","Red Sox","1","0","0","0","4","1","14.0","11","7.07","0.64","0.64",".238","95.2 %","54.8 %","10.0 %","1.29","0.86","3.12","3.55","0.3","10160"
"Brad Hand","Indians","2","2","13","0","22","0","21.0","30","12.86","2.57","0.43",".262","90.9 %","11.6 %","5.3 %","1.29","0.86","1.88","2.98","0.9","9111"
"Liam Hendriks","Athletics","2","0","0","1","22","1","27.2","29","9.43","3.58","0.33",".275","91.5 %","31.3 %","2.8 %","1.30","1.12","2.79","4.80","0.7","3548"
"Ty Buttrey","Angels","2","2","2","10","24","0","26.1","32","10.94","1.71","0.34",".328","90.9 %","45.6 %","4.0 %","1.37","1.06","1.98","3.29","1.0","14719"
"Cody Reed","Reds","0","0","0","0","3","0","6.1","7","9.95","1.42","0.00",".353","85.7 %","70.6 %","0.0 %","1.42","1.11","1.38","2.28","0.1","15232"
"Adam Ottavino","Yankees","2","1","0","12","24","0","25.1","32","11.37","6.39","0.71",".220","95.9 %","43.1 %","8.7 %","1.42","1.22","3.87","4.57","0.4","1247"
"Nick Wittgren","Indians","1","0","1","4","15","0","18.2","21","10.13","0.48","0.48",".267","87.3 %","39.1 %","6.7 %","1.45","0.75","1.72","2.56","0.7","15594"
"Juan Minaya","White Sox","0","0","0","0","8","0","12.1","14","10.22","3.65","0.73",".323","89.7 %","34.4 %","6.7 %","1.46","1.30","3.36","4.62","0.1","10341"
"Marcus Walden","Red Sox","6","0","1","1","19","0","30.1","34","10.09","2.08","0.59",".214","81.1 %","54.2 %","11.8 %","1.48","0.79","2.52","2.73","0.9","8004"
"Greg Holland","Diamondbacks","1","0","9","0","18","0","17.2","24","12.23","5.09","0.51",".222","90.9 %","41.7 %","6.7 %","1.53","1.08","2.83","3.72","0.5","7196"
"Matt Magill","Twins","0","0","0","0","12","0","11.2","16","12.34","3.86","0.77",".269","94.8 %","40.7 %","10.0 %","1.54","1.11","2.77","3.29","0.2","3950"
"Felipe Vazquez","Pirates","1","0","14","0","21","0","23.0","37","14.48","1.96","0.78",".353","90.5 %","34.6 %","10.0 %","1.57","1.09","1.81","2.34","1.0","12076"
"Matt Shoemaker","Blue Jays","3","0","0","0","5","5","28.2","24","7.53","2.83","0.94",".183","87.2 %","51.4 %","11.1 %","1.57","0.87","3.85","4.28","0.6","4776"
"Burch Smith","Brewers","0","1","0","0","3","0","5.2","5","7.94","4.76","1.59",".133","100.0 %","43.8 %","14.3 %","1.59","1.06","5.23","5.29","0.0","12784"
"John Brebbia","Cardinals","1","2","0","7","24","0","28.0","33","10.61","3.21","0.96",".227","96.9 %","31.9 %","9.1 %","1.61","1.00","3.44","4.29","0.4","12777"
"Tommy Kahnle","Yankees","2","0","0","9","25","0","22.0","32","13.09","2.45","1.23",".182","85.9 %","59.6 %","20.0 %","1.64","0.77","2.80","2.32","0.6","11384"
"Ryne Harper","Twins","0","0","0","4","21","0","22.0","20","8.18","2.05","0.41",".220","85.2 %","38.3 %","4.5 %","1.64","0.86","2.57","3.89","0.6","12680"
"Hyun-Jin Ryu","Dodgers","7","1","0","0","10","10","65.1","62","8.54","0.55","0.83",".259","92.1 %","45.9 %","12.5 %","1.65","0.83","2.59","2.80","2.1","14444"
"Aroldis Chapman","Yankees","0","1","15","0","23","0","21.2","32","13.29","2.49","0.42",".277","81.6 %","45.8 %","7.7 %","1.66","0.92","1.73","2.27","1.0","10233"
"Hunter Wood","Rays","1","1","1","0","8","2","10.2","12","10.13","2.53","0.84",".296","84.9 %","34.6 %","7.7 %","1.69","1.13","2.93","4.03","0.2","15091"
"Pedro Avila","Padres","0","0","0","0","1","1","5.1","5","8.44","3.38","0.00",".267","85.7 %","40.0 %","0.0 %","1.69","1.13","2.93","5.07","0.2","18864"
"Edwin Diaz","Mets","1","2","13","0","23","0","21.0","34","14.57","2.57","1.29",".310","100.0 %","40.0 %","18.8 %","1.71","1.05","2.73","2.33","0.5","14710"
"Jacob Webb","Braves","3","0","1","3","18","0","15.2","16","9.19","3.45","1.15",".222","98.5 %","37.8 %","11.1 %","1.72","1.02","3.88","4.41","0.1","19274"
"Casey Sadler","Rays","0","0","0","0","7","0","15.1","9","5.28","2.35","1.17",".200","90.9 %","54.3 %","16.7 %","1.76","0.98","4.62","4.41","0.0","11209"
"Daniel Ponce de Leon","Cardinals","0","0","0","0","1","1","5.0","7","12.60","5.40","1.80",".111","100.0 %","40.0 %","20.0 %","1.80","1.00","4.72","4.02","0.0","16110"
"Alex Colome","White Sox","1","0","9","0","20","0","19.2","18","8.24","2.29","0.92",".114","87.0 %","34.8 %","8.7 %","1.83","0.61","3.37","4.28","0.3","6661"
"Tyler Glasnow","Rays","6","1","0","0","8","8","48.1","55","10.24","1.68","0.56",".276","82.9 %","51.7 %","8.3 %","1.86","0.91","2.20","2.82","1.8","14374"
"Scott Oberg","Rockies","3","0","0","4","21","0","24.0","18","6.75","4.50","0.75",".203","86.8 %","49.2 %","11.8 %","1.88","1.13","4.20","4.47","0.2","13911"
"Chris Paddack","Padres","4","2","0","0","9","9","51.1","56","9.82","1.93","0.70",".198","74.2 %","44.3 %","8.3 %","1.93","0.76","2.76","3.53","1.4","20099"
"Amir Garrett","Reds","3","1","0","7","27","0","23.0","36","14.09","3.91","0.78",".341","91.3 %","52.2 %","15.4 %","1.96","1.17","2.55","2.50","0.7","14375"
"Adam Morgan","Phillies","2","1","0","12","24","0","18.1","18","8.84","2.45","0.98",".146","90.9 %","41.9 %","11.8 %","1.96","0.71","3.88","4.23","0.2","12580"
"Hector Neris","Phillies","1","1","9","2","22","0","22.2","32","12.71","2.78","0.79",".250","84.2 %","50.0 %","10.5 %","1.99","0.93","2.63","3.08","0.6","11804"
"Kyle Crick","Pirates","2","1","0","9","19","0","17.2","16","8.15","4.58","0.00",".233","81.0 %","52.5 %","0.0 %","2.04","1.08","3.17","4.68","0.3","13182"
"Taylor Rogers","Twins","1","1","4","8","20","0","22.0","28","11.45","2.45","0.82",".390","93.0 %","46.7 %","10.5 %","2.05","1.41","2.98","3.44","0.5","13449"
"Thyago Vieira","White Sox","1","0","0","0","3","0","4.1","6","12.46","6.23","0.00",".333","71.4 %","16.7 %","0.0 %","2.08","1.62","2.42","5.06","0.1","14510"
"Matt Barnes","Red Sox","2","1","3","8","21","0","21.0","38","16.29","3.00","1.29",".286","95.2 %","59.5 %","37.5 %","2.14","0.95","2.50","1.37","0.6","12863"
"Yusmeiro Petit","Athletics","0","1","0","7","26","0","29.1","18","5.52","1.23","1.23",".193","92.4 %","22.6 %","8.7 %","2.15","0.82","4.07","5.29","0.2","4020"
"Jake Odorizzi","Twins","7","2","0","0","11","11","58.1","61","9.41","3.09","0.62",".238","82.4 %","27.0 %","5.6 %","2.16","0.99","3.00","4.42","1.8","6397"
"Erick Fedde","Nationals","1","0","0","0","7","2","20.2","12","5.23","3.48","0.44",".237","84.8 %","51.7 %","5.6 %","2.18","1.11","4.03","5.07","0.2","17425"
"Dylan Floro","Dodgers","1","1","0","4","21","0","20.2","15","6.53","0.87","0.87",".250","78.1 %","50.0 %","11.1 %","2.18","0.97","3.50","3.91","0.3","13394"
"Mark Melancon","Giants","1","0","0","3","19","0","20.1","18","7.97","3.54","0.44",".315","85.9 %","65.5 %","10.0 %","2.21","1.28","3.31","3.61","0.2","4264"
"Roberto Osuna","Astros","3","0","14","0","24","0","24.1","24","8.88","1.11","1.11",".183","87.0 %","35.5 %","11.5 %","2.22","0.70","3.24","3.67","0.4","13764"
"Zack Britton","Yankees","2","0","2","11","25","0","24.1","24","8.88","3.33","0.37",".286","82.7 %","75.0 %","14.3 %","2.22","1.15","2.79","2.80","0.6","3240"
"Junior Guerra","Brewers","2","0","2","8","23","0","28.1","25","7.94","3.81","0.95",".157","87.2 %","37.1 %","10.7 %","2.22","0.92","4.00","4.51","0.3","5702"
"Clayton Richard","Blue Jays","0","0","0","0","1","1","4.0","2","4.50","4.50","0.00",".182","80.0 %","45.5 %","0.0 %","2.25","1.00","4.37","5.80","0.1","3551"
"Arodys Vizcaino","Braves","1","0","1","0","4","0","4.0","6","13.50","6.75","2.25",".286","100.0 %","12.5 %","16.7 %","2.25","1.50","5.62","5.23","-0.1","5498"
"Jon Duplantier","Diamondbacks","1","0","1","0","5","0","12.0","12","9.00","3.75","0.00",".276","82.4 %","48.3 %","0.0 %","2.25","1.08","3.37","4.80","0.2","19546"
"Jose Quijada","Marlins","0","1","0","0","4","0","4.0","4","9.00","11.25","2.25",".250","100.0 %","33.3 %","25.0 %","2.25","2.00","8.87","7.52","-0.2","19200"
"Carlos Martinez","Cardinals","0","0","0","1","5","0","4.0","3","6.75","4.50","0.00",".273","83.3 %","45.5 %","0.0 %","2.25","1.25","3.87","5.77","0.0","11682"
"Ariel Jurado","Rangers","1","2","0","1","11","2","23.2","16","6.08","1.90","0.76",".276","59.5 %","55.8 %","11.1 %","2.28","1.18","3.50","3.85","0.5","17030"
"Austin Brice","Marlins","0","0","0","2","12","0","19.2","18","8.24","4.12","0.46",".283","81.1 %","47.5 %","5.9 %","2.29","1.37","3.93","4.92","0.1","17237"
"Brandon Brennan","Mariners","2","2","0","6","22","0","27.1","29","9.55","3.95","0.99",".219","84.7 %","55.2 %","18.8 %","2.30","1.06","3.74","3.43","0.2","13527"
"Brandon Workman","Red Sox","3","1","1","10","26","0","23.1","35","13.50","6.56","0.39",".135","78.7 %","42.1 %","7.1 %","2.31","0.99","2.86","3.45","0.5","11428"
"Josh Hader","Brewers","1","3","13","1","20","0","27.0","51","17.00","2.67","1.67",".171","100.0 %","22.5 %","20.8 %","2.33","0.70","2.63","1.92","1.1","14212"
"Chaz Roe","Rays","0","2","0","9","22","0","15.1","19","11.15","8.80","0.59",".324","90.2 %","45.9 %","8.3 %","2.35","1.83","4.42","5.06","0.0","9866"
"Justin Verlander","Astros","8","2","0","0","12","12","79.1","95","10.78","1.93","1.47",".168","93.8 %","35.7 %","15.1 %","2.38","0.74","3.64","3.58","1.7","8700"
"Diego Castillo","Rays","0","3","5","11","24","0","26.1","33","11.28","3.42","1.03",".250","83.3 %","52.6 %","16.7 %","2.39","1.03","3.23","3.05","0.6","17496"
"Frankie Montas","Athletics","6","2","0","0","10","10","60.0","61","9.15","1.95","0.60",".307","74.9 %","52.1 %","9.1 %","2.40","1.13","2.75","3.28","1.9","14309"
"Sam Dyson","Giants","2","0","1","5","24","0","26.0","26","9.00","1.38","0.35",".275","69.1 %","60.3 %","7.1 %","2.42","0.92","2.31","2.83","0.5","11710"
"Lou Trivino","Athletics","2","0","0","12","25","0","26.0","28","9.69","3.81","0.69",".233","82.6 %","35.0 %","7.1 %","2.42","1.04","3.23","4.28","0.6","15043"
"Zach Davies","Brewers","5","0","0","0","10","10","55.2","38","6.14","2.75","0.97",".279","81.5 %","41.8 %","10.0 %","2.43","1.24","4.17","4.83","0.7","13183"
"Luis Castillo","Reds","5","1","0","0","12","12","69.2","82","10.59","4.13","0.65",".253","82.7 %","61.1 %","13.9 %","2.45","1.11","3.29","3.34","1.6","15689"
"Wade Davis","Rockies","1","1","7","0","17","0","14.2","18","11.05","6.14","0.00",".324","81.8 %","54.1 %","0.0 %","2.45","1.50","2.71","3.88","0.4","7441"
"Yency Almonte","Rockies","0","0","0","0","8","0","11.0","8","6.55","4.91","0.00",".212","69.2 %","28.1 %","0.0 %","2.45","1.18","3.30","6.07","0.2","15068"
"Jon Edwards","Indians","2","0","0","0","8","0","7.1","5","6.14","7.36","2.45",".158","100.0 %","42.9 %","25.0 %","2.45","1.50","8.57","7.10","-0.3","1483"
"Luis Garcia","Angels","1","1","1","3","20","0","18.0","12","6.00","6.50","1.00",".200","90.9 %","44.2 %","11.1 %","2.50","1.39","5.73","6.19","-0.2","6984"
"Hector Rondon","Astros","2","1","0","7","20","0","18.0","17","8.50","3.00","0.50",".320","79.7 %","52.9 %","6.3 %","2.50","1.28","3.12","4.09","0.3","2391"
"Charlie Morton","Rays","5","0","0","0","11","11","60.1","77","11.49","4.03","0.60",".287","80.7 %","53.6 %","10.0 %","2.54","1.16","3.02","3.42","1.6","4676"
"Michael Lorenzen","Reds","0","0","2","3","23","0","28.1","26","8.26","3.18","0.64",".329","86.0 %","47.7 %","8.0 %","2.54","1.41","3.26","4.02","0.4","14843"
"Mike Minor","Rangers","5","3","0","0","11","11","70.2","72","9.17","2.80","0.89",".285","85.9 %","41.3 %","9.6 %","2.55","1.13","3.38","4.07","2.0","10021"
"Shawn Kelley","Rangers","3","1","5","4","18","0","17.2","15","7.64","1.02","1.53",".255","93.8 %","28.6 %","12.0 %","2.55","0.96","3.96","4.46","0.3","7773"
"Trey Wingenter","Padres","0","0","1","8","19","0","17.2","25","12.74","5.60","1.02",".161","87.2 %","39.4 %","14.3 %","2.55","1.02","3.96","4.00","0.1","17793"
"Will Smith","Giants","1","0","12","0","21","0","20.2","30","13.06","1.74","0.87",".256","75.8 %","46.3 %","16.7 %","2.61","0.77","2.05","1.90","0.8","8048"
"Tyler Duffey","Twins","1","0","0","0","10","0","13.2","22","14.49","1.98","1.98",".333","70.3 %","42.4 %","23.1 %","2.63","1.24","3.41","2.37","0.1","13758"
"Connor Sadzeck","Mariners","0","1","1","1","17","0","20.1","23","10.18","4.87","1.33",".191","85.9 %","46.0 %","15.8 %","2.66","1.13","4.54","4.41","0.1","13483"
"Rich Hill","Dodgers","1","1","0","0","5","5","27.0","31","10.33","1.67","2.00",".273","84.1 %","51.5 %","25.0 %","2.67","1.07","4.49","3.29","0.3","4806"
"Jon Lester","Cubs","3","3","0","0","9","9","47.0","47","9.00","1.91","1.15",".331","78.4 %","41.3 %","12.0 %","2.68","1.32","3.41","3.78","1.1","4930"
"Marcus Stroman","Blue Jays","3","6","0","0","12","12","69.0","57","7.43","3.39","0.65",".299","75.3 %","57.6 %","9.6 %","2.74","1.33","3.54","4.03","1.4","13431"
"Tyler Chatwood","Cubs","3","0","1","1","14","1","29.1","24","7.36","5.52","1.23",".237","90.1 %","53.8 %","26.7 %","2.76","1.36","5.09","4.29","-0.2","4338"
"Lucas Giolito","White Sox","6","1","0","0","9","9","52.0","59","10.21","3.29","0.52",".266","73.9 %","37.0 %","6.3 %","2.77","1.06","2.81","3.82","1.8","15474"
"Daniel Stumpf","Tigers","1","0","0","3","21","0","13.0","14","9.69","4.85","0.69",".385","88.0 %","32.5 %","5.9 %","2.77","1.77","3.58","5.07","0.2","13780"
"Ryan Brasier","Red Sox","2","2","6","2","24","0","22.2","18","7.15","2.38","1.19",".197","74.5 %","30.2 %","8.8 %","2.78","0.93","4.31","5.45","0.2","5615"
"Zack Greinke","Diamondbacks","6","2","0","0","12","12","77.2","73","8.46","1.27","1.16",".235","79.6 %","43.2 %","14.7 %","2.78","0.88","3.33","3.33","1.7","1943"
"Jordan Lyles","Pirates","5","1","0","0","9","9","51.1","53","9.29","2.98","0.70",".271","77.4 %","43.2 %","8.2 %","2.81","1.09","3.06","3.86","1.4","7593"
"Jalen Beeks","Rays","4","0","1","2","13","0","41.1","40","8.71","3.27","0.22",".311","79.1 %","41.9 %","2.6 %","2.83","1.28","2.87","4.36","0.8","17192"
"Tony Watson","Giants","2","0","0","9","21","0","19.0","14","6.63","1.42","0.95",".295","84.9 %","45.2 %","10.0 %","2.84","1.21","3.64","4.28","0.2","3132"
"Brandon Kintzler","Cubs","1","0","0","8","24","0","25.1","22","7.82","2.13","1.42",".194","87.0 %","49.2 %","19.0 %","2.84","0.87","4.38","3.91","0.0","9939"
"Tim Peterson","Mets","0","0","0","0","5","0","6.1","3","4.26","8.53","0.00",".263","83.3 %","26.3 %","0.0 %","2.84","1.74","5.48","8.19","-0.1","13946"
"Patrick Corbin","Nationals","5","2","0","0","11","11","72.2","81","10.03","2.72","0.99",".256","80.6 %","47.0 %","11.4 %","2.85","1.03","3.31","3.71","1.7","9323"
"Jake Diekman","Royals","0","1","0","6","25","0","22.0","33","13.50","4.09","0.00",".220","70.8 %","45.0 %","0.0 %","2.86","0.86","2.16","3.29","0.7","5003"
"Jeremy Jeffress","Brewers","0","0","0","3","15","0","15.2","16","9.19","4.02","1.15",".270","87.2 %","43.6 %","15.4 %","2.87","1.21","4.26","4.19","0.1","9490"
"Max Fried","Braves","7","2","0","0","12","10","56.1","51","8.15","2.08","1.12",".277","83.0 %","55.7 %","18.9 %","2.88","1.12","3.67","3.30","0.9","13743"
"Jose Alvarado","Rays","0","4","6","6","23","0","21.2","30","12.46","5.40","0.42",".298","79.0 %","43.5 %","5.9 %","2.91","1.29","2.75","3.64","0.5","17780"
"Yonny Chirinos","Rays","6","1","0","0","11","5","55.2","42","6.79","1.62","1.46",".197","80.2 %","38.5 %","15.3 %","2.91","0.86","4.35","4.27","0.5","16401"
"Glenn Sparkman","Royals","1","1","0","0","9","1","24.2","17","6.20","2.55","0.73",".304","83.9 %","38.8 %","8.7 %","2.92","1.34","3.89","4.61","0.3","15200"
"Taylor Clarke","Diamondbacks","1","1","1","0","3","2","15.1","8","4.70","1.76","0.59",".277","79.6 %","48.9 %","7.1 %","2.93","1.11","3.90","4.79","0.2","17611"
"Scott Alexander","Dodgers","2","1","0","6","24","0","15.1","9","5.28","2.35","0.59",".265","79.6 %","66.0 %","14.3 %","2.93","1.17","3.77","3.79","0.1","10591"
"Masahiro Tanaka","Yankees","3","3","0","0","11","11","64.1","58","8.11","2.10","1.12",".277","80.6 %","47.3 %","13.3 %","2.94","1.12","3.63","3.79","1.6","15764"
"Martin Perez","Twins","7","1","0","0","11","8","58.0","56","8.69","4.03","0.78",".293","81.7 %","43.5 %","9.3 %","2.95","1.33","3.70","4.36","1.2","6902"
"Brad Brach","Cubs","3","1","0","2","22","0","21.1","23","9.70","8.44","0.00",".327","81.1 %","44.2 %","0.0 %","2.95","1.73","3.77","5.20","0.2","6627"
"John Means","Orioles","5","4","0","0","12","8","48.2","38","7.03","2.77","1.29",".252","80.1 %","43.0 %","11.5 %","2.96","1.17","4.59","5.12","0.6","16269"
"Cam Bedrosian","Angels","1","3","0","5","24","3","24.1","26","9.62","4.81","0.37",".250","71.9 %","53.8 %","4.8 %","2.96","1.23","3.36","4.47","0.4","13360"
"Craig Stammen","Padres","4","1","2","12","26","0","27.1","21","6.91","0.66","1.65",".247","81.0 %","50.0 %","17.9 %","2.96","0.99","4.29","3.86","-0.1","7274"
"Julio Urias","Dodgers","2","2","2","0","10","4","30.1","34","10.09","2.67","0.59",".266","74.5 %","44.3 %","6.7 %","2.97","1.05","2.92","3.95","0.7","14765"
"Spencer Turnbull","Tigers","2","4","0","0","11","11","60.2","62","9.20","3.41","0.89",".297","75.7 %","47.0 %","10.5 %","2.97","1.29","3.84","4.35","1.2","16207"
"Rookie Davis","Pirates","0","0","0","0","1","0","3.0","2","6.00","6.00","0.00",".333","80.0 %","37.5 %","0.0 %","3.00","1.67","3.78","4.42","0.0","14962"
"Luke Jackson","Braves","3","1","7","3","24","0","27.0","36","12.00","2.67","0.67",".354","80.1 %","71.6 %","18.2 %","3.00","1.22","2.41","2.23","0.8","11752"
"Trevor Gott","Giants","2","0","0","0","21","0","24.0","25","9.38","2.25","0.38",".224","66.3 %","44.1 %","4.2 %","3.00","0.83","2.45","3.81","0.5","15046"
"Heath Hembree","Red Sox","1","0","1","1","25","0","24.0","27","10.13","4.50","1.50",".237","82.0 %","25.4 %","10.8 %","3.00","1.25","4.53","5.31","0.0","11632"
"Dillon Peters","Angels","0","0","0","0","3","0","3.0","4","12.00","9.00","3.00",".286","100.0 %","25.0 %","16.7 %","3.00","2.00","7.78","7.26","-0.1","18790"
"Zach Eflin","Phillies","5","5","0","0","11","11","65.2","51","6.99","1.92","1.37",".277","85.1 %","43.2 %","12.0 %","3.02","1.19","4.32","4.75","0.9","13774"
"Bryan Shaw","Rockies","2","1","0","3","28","0","32.2","21","5.79","3.86","1.10",".215","80.8 %","51.0 %","12.9 %","3.03","1.16","4.80","5.02","0.0","8110"
"Luke Weaver","Diamondbacks","4","3","0","0","11","11","62.1","68","9.82","2.02","0.87",".301","78.6 %","40.7 %","9.5 %","3.03","1.11","3.00","3.68","1.7","16918"
"Caleb Smith","Marlins","3","2","0","0","10","10","56.0","72","11.57","2.57","1.29",".250","82.2 %","28.5 %","13.8 %","3.05","0.96","3.31","3.43","1.3","14875"
"Blake Snell","Rays","3","4","0","0","10","10","55.2","78","12.61","2.43","1.13",".301","78.4 %","45.0 %","17.1 %","3.07","1.01","2.81","2.58","1.7","13543"
"Blake Treinen","Athletics","2","2","11","0","21","0","26.1","28","9.57","4.10","1.03",".294","84.4 %","41.2 %","12.0 %","3.08","1.33","3.84","4.17","0.5","12572"
"Pedro Baez","Dodgers","2","2","0","10","24","0","23.1","23","8.87","2.31","0.39",".213","38.8 %","38.3 %","3.3 %","3.09","0.86","2.73","4.62","0.7","5420"
"Matthew Boyd","Tigers","4","4","0","0","11","11","66.2","80","10.80","1.89","0.95",".280","77.2 %","37.7 %","10.0 %","3.11","1.01","2.94","3.57","2.2","15440"
"James Paxton","Yankees","3","2","0","0","7","7","37.2","52","12.42","3.11","0.72",".337","74.2 %","32.6 %","8.3 %","3.11","1.19","2.50","3.29","1.5","11828"
"Shane Bieber","Indians","3","2","0","0","11","10","63.2","79","11.17","2.40","1.41",".267","81.8 %","39.2 %","16.1 %","3.11","1.05","3.57","3.39","1.4","19427"
"Danny Duffy","Royals","3","1","0","0","6","6","34.2","27","7.01","3.12","0.78",".304","75.3 %","40.4 %","7.7 %","3.12","1.33","3.89","4.91","0.6","3542"
"Seth Lugo","Mets","2","0","0","6","19","0","26.0","34","11.77","2.08","1.04",".270","63.0 %","43.9 %","12.0 %","3.12","1.00","2.92","3.26","0.5","12447"
"Sean Newcomb","Braves","0","0","1","3","12","3","23.0","16","6.26","3.13","0.78",".307","82.8 %","42.9 %","6.3 %","3.13","1.43","3.90","5.42","0.3","16943"
"Steve Cishek","Cubs","1","2","4","2","23","0","23.0","24","9.39","3.52","0.78",".263","79.4 %","58.6 %","11.8 %","3.13","1.13","3.59","3.87","0.3","6483"
"Tyler Clippard","Indians","0","0","0","0","11","0","11.1","14","11.12","1.59","0.79",".200","65.8 %","40.0 %","10.0 %","3.18","0.71","2.59","3.12","0.2","5640"
"Ryne Stanek","Rays","0","1","0","2","22","14","28.1","31","9.85","2.86","0.95",".261","77.5 %","32.9 %","8.6 %","3.18","1.06","3.26","4.24","0.7","15947"
"Wei-Chieh Huang","Rangers","0","0","0","0","4","0","5.2","2","3.18","7.94","0.00",".333","64.3 %","41.7 %","0.0 %","3.18","2.29","5.59","8.61","0.0","17508"
"Brad Peacock","Astros","5","2","0","0","11","9","53.2","58","9.73","2.52","0.67",".261","72.5 %","39.7 %","7.0 %","3.19","1.02","2.93","3.99","1.5","5401"
"Gio Gonzalez","Brewers","2","1","0","0","6","6","31.0","26","7.55","2.61","0.58",".299","76.0 %","45.5 %","7.4 %","3.19","1.19","3.15","3.97","0.8","7448"
"Tanner Roark","Reds","4","3","0","0","11","11","56.1","59","9.43","3.83","0.32",".344","77.6 %","33.8 %","3.6 %","3.20","1.42","2.97","4.41","1.6","8753"
"Raisel Iglesias","Reds","1","5","11","1","23","0","25.1","34","12.08","2.84","1.42",".310","86.1 %","24.6 %","16.0 %","3.20","1.18","3.43","3.26","0.6","17130"
"Jose Berrios","Twins","7","2","0","0","11","11","70.1","64","8.19","1.41","1.15",".300","78.7 %","38.0 %","10.8 %","3.20","1.15","3.60","4.19","1.8","14168"
"Matt Strahm","Padres","2","4","0","0","10","10","56.0","51","8.20","1.77","1.29",".280","82.4 %","35.6 %","11.6 %","3.21","1.13","3.95","4.45","0.8","13799"
"Brandon Woodruff","Brewers","7","1","0","0","11","11","64.1","75","10.49","2.38","0.98",".295","79.1 %","40.0 %","11.9 %","3.22","1.09","3.13","3.47","1.6","16162"
"Felix Pena","Angels","2","1","0","1","10","4","44.2","43","8.66","2.01","1.41",".222","78.0 %","40.7 %","15.2 %","3.22","0.96","4.17","4.09","0.4","13403"
"David Price","Red Sox","2","2","0","0","8","8","41.2","47","10.15","2.16","1.30",".287","76.5 %","42.5 %","15.0 %","3.24","1.08","3.45","3.41","0.9","3184"
"Stephen Strasburg","Nationals","4","3","0","0","11","11","72.0","87","10.88","2.25","0.88",".271","71.2 %","51.5 %","13.0 %","3.25","0.99","2.80","2.96","2.2","10131"
"Chase Anderson","Brewers","2","0","0","0","9","4","27.2","29","9.43","4.23","0.98",".284","79.3 %","32.5 %","9.4 %","3.25","1.34","3.84","4.63","0.4","6895"
"Robbie Ray","Diamondbacks","4","1","0","0","11","11","58.0","76","11.79","4.81","0.78",".307","73.6 %","41.9 %","9.8 %","3.26","1.34","3.27","3.83","1.3","11486"
"Max Scherzer","Nationals","2","5","0","0","12","12","77.1","102","11.87","1.98","0.70",".359","74.2 %","44.9 %","9.0 %","3.26","1.19","2.30","2.94","2.8","3137"
"Chris Bassitt","Athletics","3","1","0","0","7","7","41.1","47","10.23","3.70","1.74",".229","90.2 %","45.6 %","20.0 %","3.27","1.14","4.81","4.14","0.4","12304"
"Jeff Samardzija","Giants","2","3","0","0","10","10","52.1","41","7.05","3.10","1.72",".226","75.0 %","29.4 %","13.3 %","3.27","1.17","5.12","5.37","-0.1","3254"
"Dan Otero","Indians","0","0","0","1","19","0","22.0","10","4.09","1.23","1.64",".299","86.6 %","56.8 %","18.2 %","3.27","1.36","5.12","4.66","-0.1","7385"
"Daniel Mengden","Athletics","1","1","0","0","3","3","16.1","13","7.16","6.06","0.00",".271","75.0 %","29.2 %","0.0 %","3.31","1.47","3.54","6.11","0.5","16980"
"Wade Miley","Astros","5","2","0","0","11","11","62.1","45","6.50","2.17","1.30",".258","81.1 %","48.2 %","14.1 %","3.32","1.16","4.32","4.40","0.8","8779"
"Luis Cessa","Yankees","0","1","0","2","14","0","24.1","28","10.36","3.70","1.48",".279","83.9 %","43.1 %","15.4 %","3.33","1.27","4.43","4.33","0.2","13345"
"Joe Biagini","Blue Jays","2","1","1","6","25","0","24.1","22","8.14","2.59","1.85",".219","89.5 %","49.3 %","26.3 %","3.33","1.07","4.84","3.66","0.0","13194"
"Trevor Williams","Pirates","2","1","0","0","9","9","54.0","42","7.00","1.67","0.67",".288","74.1 %","39.9 %","7.0 %","3.33","1.13","3.30","4.35","1.4","16977"
"Kyle Hendricks","Cubs","4","4","0","0","10","10","62.0","54","7.84","1.74","0.87",".302","67.6 %","44.8 %","10.3 %","3.34","1.18","3.31","3.83","1.6","12049"
"Ross Stripling","Dodgers","2","2","0","1","13","6","40.1","38","8.48","2.45","0.89",".282","77.8 %","46.4 %","11.1 %","3.35","1.14","3.49","3.90","0.7","13273"
"David Hale","Yankees","1","0","1","0","2","0","8.0","5","5.63","1.13","0.00",".250","57.1 %","50.0 %","0.0 %","3.38","0.88","2.24","3.91","0.2","9756"
"Jake Petricka","Brewers","0","0","0","0","6","0","8.0","3","3.38","6.75","0.00",".222","75.0 %","51.9 %","0.0 %","3.38","1.50","4.62","6.05","0.0","10534"
"Tommy Milone","Mariners","1","1","0","0","2","2","10.2","13","10.97","1.69","0.84",".240","65.8 %","34.6 %","9.1 %","3.38","0.84","2.46","3.21","0.4","7608"
"Ryan Helsley","Cardinals","0","0","0","0","4","0","8.0","10","11.25","2.25","2.25",".125","93.8 %","22.2 %","22.2 %","3.38","0.75","4.62","3.51","0.0","18138"
"Josh D. Smith","Indians","0","0","0","0","2","0","2.2","5","16.88","3.38","0.00",".571","83.3 %","57.1 %","0.0 %","3.38","1.88","1.62","3.76","0.0","13629"
"Marco Gonzales","Mariners","5","4","0","0","12","12","68.2","48","6.29","2.49","0.92",".301","68.5 %","43.0 %","8.1 %","3.41","1.33","3.96","5.02","1.2","15467"
"Robert Gsellman","Mets","1","0","0","4","23","0","31.2","31","8.81","2.84","0.57",".308","68.1 %","49.5 %","7.4 %","3.41","1.26","3.02","3.83","0.7","13696"
"Griffin Canning","Angels","2","1","0","0","5","5","26.1","29","9.91","3.08","1.71",".219","86.4 %","39.1 %","15.6 %","3.42","1.06","4.52","4.37","0.2","19867"
"Domingo German","Yankees","9","1","0","0","11","10","60.1","63","9.40","2.39","1.34",".239","73.9 %","39.5 %","14.8 %","3.43","1.04","3.81","3.80","1.4","17149"
"Clayton Kershaw","Dodgers","5","0","0","0","8","8","52.0","49","8.48","1.56","1.38",".285","80.4 %","54.9 %","19.0 %","3.46","1.08","3.75","3.29","0.9","2036"
"Nick Ramirez","Tigers","0","0","0","0","4","0","13.0","12","8.31","2.77","2.08",".216","84.8 %","41.0 %","17.6 %","3.46","1.15","5.42","4.92","-0.1","12575"
"Robert Stephenson","Reds","2","1","0","2","20","0","23.1","33","12.73","3.47","0.77",".220","62.5 %","35.3 %","9.1 %","3.47","0.94","2.56","3.24","0.5","13594"
"CC Sabathia","Yankees","3","1","0","0","8","8","41.1","34","7.40","3.70","2.40",".212","90.4 %","36.9 %","19.0 %","3.48","1.26","6.24","5.45","0.0","404"
"Josh Lucas","Orioles","0","0","1","0","5","0","10.1","11","9.58","1.74","0.87",".286","62.5 %","58.6 %","11.1 %","3.48","1.06","2.82","3.23","0.2","11686"
"Clay Holmes","Pirates","0","0","0","0","5","0","10.1","12","10.45","5.23","0.87",".296","76.9 %","53.6 %","11.1 %","3.48","1.45","4.37","4.78","0.0","13649"
"Tayron Guerrero","Marlins","1","1","0","3","22","0","20.2","25","10.89","6.53","0.87",".250","80.9 %","30.4 %","9.5 %","3.48","1.35","4.42","5.10","0.0","11691"
"Nate Jones","White Sox","0","1","1","2","13","0","10.1","10","8.71","6.10","1.74",".296","92.1 %","51.7 %","20.0 %","3.48","1.65","6.02","5.35","-0.1","4696"
"Tim Mayza","Blue Jays","0","0","0","7","25","0","20.2","26","11.32","5.23","0.87",".245","73.3 %","54.2 %","18.2 %","3.48","1.26","3.60","3.36","0.2","15042"
"Kenley Jansen","Dodgers","2","1","15","0","22","0","23.0","32","12.52","1.96","1.57",".255","67.1 %","33.3 %","14.8 %","3.52","0.96","3.25","3.22","0.6","3096"
"Julio Teheran","Braves","3","4","0","0","12","12","66.1","63","8.55","4.48","1.09",".241","77.8 %","39.3 %","11.3 %","3.53","1.25","4.46","4.93","0.6","6797"
"Sonny Gray","Reds","2","4","0","0","11","11","56.0","64","10.29","3.54","0.64",".296","71.0 %","55.9 %","10.8 %","3.54","1.21","2.99","3.32","1.5","12768"
"Adam Cimber","Indians","2","2","0","4","24","0","20.1","16","7.08","2.21","1.33",".237","73.0 %","59.0 %","23.1 %","3.54","1.08","4.20","3.50","0.1","15288"
"Reyes Moronta","Giants","1","4","0","6","22","0","25.1","39","13.86","4.97","0.71",".291","76.9 %","28.1 %","7.4 %","3.55","1.26","2.96","3.96","0.4","14966"
"German Marquez","Rockies","5","2","0","0","12","12","78.1","76","8.73","1.61","0.92",".299","75.2 %","53.6 %","13.6 %","3.56","1.12","3.15","3.26","2.1","15038"
"Walker Buehler","Dodgers","5","1","0","0","10","10","55.1","52","8.46","1.79","0.81",".276","63.5 %","41.8 %","9.1 %","3.58","1.05","3.06","3.78","1.3","19374"
"Jake Arrieta","Phillies","5","4","0","0","11","11","70.0","59","7.59","3.34","1.16",".289","77.4 %","51.7 %","15.8 %","3.60","1.30","4.34","4.23","0.7","4153"
"Andrew Heaney","Angels","0","0","0","0","1","1","5.0","8","14.40","1.80","3.60",".000","100.0 %","33.3 %","33.3 %","3.60","0.60","5.72","2.80","0.0","15423"
"Tanner Rainey","Nationals","0","1","0","0","5","0","5.0","8","14.40","5.40","1.80",".200","71.4 %","50.0 %","33.3 %","3.60","1.20","4.92","3.46","0.0","17610"
"Dan Winkler","Braves","1","1","0","5","19","0","15.0","17","10.20","4.20","1.80",".206","85.9 %","27.0 %","18.8 %","3.60","1.13","4.85","4.28","-0.1","12237"
"Harrison Musgrave","Rockies","0","0","0","0","10","0","10.0","12","10.80","6.30","0.00",".321","75.0 %","25.0 %","0.0 %","3.60","1.60","2.82","5.48","0.2","16532"
"Tyler Olson","Indians","1","0","0","1","20","0","15.0","10","6.00","4.20","0.00",".367","76.0 %","50.0 %","0.0 %","3.60","1.67","3.18","4.96","0.3","14741"
"Steven Matz","Mets","3","3","0","0","9","9","44.2","45","9.07","2.62","1.81",".315","81.0 %","46.5 %","19.6 %","3.63","1.37","4.66","4.00","0.4","13361"
"Ryan Buchter","Athletics","0","1","0","6","27","0","17.1","24","12.46","6.23","1.04",".325","79.4 %","17.1 %","10.0 %","3.63","1.56","4.10","4.80","0.1","9456"
"Cory Gearrin","Mariners","0","1","0","7","24","0","19.2","25","11.44","5.95","0.46",".340","79.1 %","41.7 %","5.9 %","3.66","1.53","3.67","4.66","0.2","7947"
"Kenta Maeda","Dodgers","6","2","0","0","10","10","56.1","56","8.95","3.20","1.28",".262","78.5 %","38.0 %","13.6 %","3.67","1.17","4.04","4.19","0.8","18498"
"Framber Valdez","Astros","1","2","0","0","13","0","22.0","18","7.36","4.50","0.41",".297","71.9 %","53.1 %","6.7 %","3.68","1.41","3.71","4.42","0.1","17295"
"Sean Doolittle","Nationals","3","1","9","0","22","0","22.0","25","10.23","2.86","1.23",".339","82.7 %","21.9 %","7.9 %","3.68","1.41","3.71","5.23","0.4","1581"
"Austin Adams","- - -","0","0","0","1","6","0","7.1","13","15.95","4.91","1.23",".182","75.8 %","58.3 %","33.3 %","3.68","0.95","3.39","2.40","0.1","13801"
"Robbie Erlin","Padres","0","1","0","3","16","1","24.1","28","10.36","1.85","1.11",".333","73.6 %","45.6 %","13.6 %","3.70","1.23","3.03","3.15","0.4","10354"
"Jacob deGrom","Mets","3","5","0","0","11","11","63.0","77","11.00","2.57","1.29",".296","77.6 %","43.3 %","16.1 %","3.71","1.17","3.53","3.37","1.3","10954"
"Edgar Garcia","Phillies","1","0","0","1","10","0","9.2","9","8.38","6.52","0.93",".333","83.3 %","33.3 %","7.1 %","3.72","1.76","4.77","6.19","0.0","19276"
"Jose Quintana","Cubs","4","4","0","0","11","10","62.2","56","8.04","2.73","1.01",".310","73.8 %","50.5 %","13.5 %","3.73","1.32","3.69","3.82","1.2","11423"
"Paul Fry","Orioles","0","2","1","6","22","0","21.2","13","5.40","3.74","0.83",".213","74.4 %","63.5 %","15.4 %","3.74","1.11","4.78","4.72","0.0","15832"
"Aaron Sanchez","Blue Jays","3","5","0","0","12","12","60.0","56","8.40","4.95","0.90",".313","75.9 %","51.7 %","12.2 %","3.75","1.52","4.55","4.81","0.6","11490"
"Wes Parsons","Braves","1","2","0","1","15","0","14.1","12","7.53","6.91","1.26",".265","78.1 %","44.4 %","14.3 %","3.77","1.53","5.56","5.61","-0.2","14764"
"Jack Flaherty","Cardinals","4","3","0","0","11","11","59.2","65","9.80","3.02","1.36",".273","77.4 %","38.6 %","16.4 %","3.77","1.17","4.00","3.80","1.0","17479"
"Trevor May","Twins","1","1","0","6","24","0","19.0","19","9.00","5.21","0.47",".275","74.2 %","42.3 %","5.0 %","3.79","1.37","3.69","5.02","0.2","6398"
"Yusei Kikuchi","Mariners","3","2","0","0","12","12","63.2","50","7.07","2.12","1.27",".278","67.3 %","45.6 %","12.9 %","3.82","1.19","4.18","4.44","1.1","20633"
"Jerad Eickhoff","Phillies","2","2","1","0","8","7","42.0","39","8.36","3.21","1.50",".257","80.1 %","36.3 %","13.5 %","3.86","1.19","4.57","4.76","0.3","12664"
"Austin Davis","Phillies","0","0","0","0","4","0","7.0","8","10.29","6.43","1.29",".368","87.3 %","20.0 %","10.0 %","3.86","1.86","5.26","6.13","0.0","17117"
"Chance Adams","Yankees","1","0","1","0","2","0","7.0","7","9.00","2.57","0.00",".316","66.7 %","47.4 %","0.0 %","3.86","1.14","2.40","4.31","0.1","18135"
"Adrian Houser","Brewers","0","1","0","0","8","2","16.1","15","8.27","3.31","1.65",".318","85.9 %","63.0 %","37.5 %","3.86","1.41","4.95","3.50","0.0","12718"
"Brett Anderson","Athletics","6","3","0","0","11","11","60.2","32","4.75","3.56","0.74",".271","74.7 %","52.0 %","8.9 %","3.86","1.37","4.47","5.16","0.7","8223"
"Tim Collins","Cubs","0","0","0","0","5","0","4.2","2","3.86","3.86","0.00",".368","77.8 %","27.8 %","0.0 %","3.86","1.93","3.54","6.40","0.0","3164"
"Hansel Robles","Angels","2","0","5","2","25","1","23.1","25","9.64","2.31","0.77",".241","62.5 %","35.6 %","6.9 %","3.86","0.94","2.86","4.11","0.5","11801"
"Paul Sewald","Mets","0","0","0","0","4","0","7.0","4","5.14","2.57","1.29",".200","75.8 %","9.5 %","6.7 %","3.86","1.00","5.12","7.34","0.0","13892"
"Victor Arano","Phillies","1","0","0","0","3","0","4.2","7","13.50","3.86","1.93",".167","76.9 %","28.6 %","33.3 %","3.86","0.86","4.19","2.63","0.0","15915"
"John Curtiss","Angels","0","0","0","0","1","0","2.1","1","3.86","11.57","0.00",".250","80.0 %","50.0 %","0.0 %","3.86","2.14","6.12","8.57","0.0","16128"
"Oliver Drake","Rays","0","0","0","0","2","0","2.1","4","15.43","3.86","3.86",".333","100.0 %","25.0 %","50.0 %","3.86","1.29","6.54","2.61","0.0","8823"
"Andrew Chafin","Diamondbacks","0","1","0","7","26","0","16.1","18","9.92","4.96","1.10",".350","81.9 %","52.5 %","22.2 %","3.86","1.53","4.34","3.80","0.0","12988"
"Roenis Elias","Mariners","2","0","5","1","21","0","25.1","28","9.95","3.91","0.71",".288","60.9 %","35.1 %","7.4 %","3.91","1.34","3.23","4.24","0.7","12673"
"Jose Alvarez","Phillies","0","1","1","4","22","0","20.2","15","6.53","2.61","1.74",".313","78.7 %","45.6 %","17.4 %","3.92","1.45","5.20","4.80","-0.2","5358"
"Trevor Bauer","Indians","4","4","0","0","12","12","76.2","88","10.33","4.23","1.17",".243","71.4 %","36.6 %","13.3 %","3.99","1.16","4.28","4.45","1.1","12703"
"Sam Gaviglio","Blue Jays","3","1","0","0","19","0","36.0","35","8.75","1.50","2.25",".226","82.7 %","45.1 %","20.9 %","4.00","1.00","5.09","4.12","-0.2","12778"
"Daniel Hudson","Blue Jays","3","2","0","4","25","1","24.2","22","8.03","4.74","1.82",".235","78.6 %","47.2 %","16.7 %","4.01","1.38","5.67","5.35","-0.2","7146"
"Gerrit Cole","Astros","5","5","0","0","12","12","71.2","112","14.07","2.26","1.51",".310","67.0 %","40.4 %","21.4 %","4.02","1.05","2.92","2.23","2.0","13125"
"Cole Hamels","Cubs","4","1","0","0","11","11","62.2","60","8.62","3.73","1.01",".292","73.8 %","54.1 %","13.5 %","4.02","1.36","3.99","4.12","1.1","4972"
"Justin Miller","Nationals","1","0","0","4","17","0","15.2","11","6.32","2.30","2.87",".256","93.3 %","19.1 %","17.9 %","4.02","1.28","7.01","6.27","-0.4","8580"
"Joe Jimenez","Tigers","2","2","0","10","24","0","22.1","33","13.30","3.63","2.01",".311","87.0 %","30.0 %","21.7 %","4.03","1.25","4.55","3.60","0.1","15761"
"Archie Bradley","Diamondbacks","2","3","0","4","21","0","22.1","31","12.49","4.84","0.81",".419","75.9 %","49.2 %","13.3 %","4.03","1.79","3.25","3.37","0.4","12918"
"Touki Toussaint","Braves","2","0","0","1","8","1","20.0","24","10.80","4.05","0.45",".313","67.7 %","47.9 %","5.6 %","4.05","1.25","3.17","4.23","0.4","16929"
"Matt Wisler","Padres","2","1","0","0","12","0","20.0","22","9.90","2.25","2.25",".294","88.9 %","42.6 %","25.0 %","4.05","1.25","4.92","3.57","-0.1","12804"
"Kyle Gibson","Twins","5","2","0","0","10","10","57.1","60","9.42","2.20","1.41",".303","70.7 %","47.1 %","21.4 %","4.08","1.20","3.95","3.31","1.1","10123"
"Juan Nicasio","Phillies","0","2","1","2","18","0","22.0","20","8.18","4.50","0.41",".343","70.2 %","53.0 %","5.9 %","4.09","1.59","3.66","4.54","0.2","7731"
"T.J. McFarland","Diamondbacks","0","0","0","3","7","0","11.0","10","8.18","2.45","0.82",".355","73.5 %","54.8 %","16.7 %","4.09","1.36","3.30","3.16","0.2","3237"
"Jameson Taillon","Pirates","2","3","0","0","7","7","37.1","30","7.23","1.93","0.96",".263","52.1 %","49.6 %","12.9 %","4.10","1.13","3.70","3.90","0.7","11674"
"Madison Bumgarner","Giants","3","4","0","0","11","11","68.0","70","9.26","1.72","1.32",".312","66.7 %","37.2 %","14.5 %","4.10","1.19","3.63","3.65","1.0","5524"
"Jose Urena","Marlins","3","6","0","0","11","11","65.2","43","5.89","2.60","0.96",".309","70.6 %","51.2 %","11.5 %","4.11","1.37","4.15","4.54","0.8","11589"
"Trevor Richards","Marlins","1","5","0","0","10","10","54.1","50","8.28","4.47","1.49",".272","81.3 %","35.5 %","13.0 %","4.14","1.40","5.08","5.35","0.2","19309"
"Tyler Mahle","Reds","1","5","0","0","10","10","56.1","59","9.43","1.92","1.60",".318","79.3 %","43.4 %","20.4 %","4.15","1.24","4.07","3.42","0.8","16358"
"Ian Kennedy","Royals","0","1","2","1","20","0","21.2","25","10.38","1.66","0.83",".391","74.5 %","49.2 %","8.0 %","4.15","1.43","2.56","3.56","0.5","6986"
"Daniel Norris","Tigers","2","3","0","0","11","8","51.2","38","6.62","2.44","1.57",".308","77.4 %","41.8 %","15.0 %","4.18","1.39","4.72","4.67","0.5","13475"
"Jared Hughes","Reds","2","2","0","3","24","0","23.2","16","6.08","2.66","1.14",".265","68.6 %","56.5 %","18.8 %","4.18","1.18","4.42","4.07","0.0","9325"
"Chris Sale","Red Sox","1","6","0","0","11","11","62.1","88","12.71","2.60","1.44",".275","67.8 %","39.0 %","15.9 %","4.19","1.06","3.58","3.42","1.3","10603"
"Andrew Miller","Cardinals","2","2","1","7","24","0","19.1","25","11.64","4.66","2.33",".300","82.6 %","35.6 %","33.3 %","4.19","1.40","5.91","4.03","-0.4","6785"
"Joakim Soria","Athletics","1","3","0","6","24","0","25.2","25","8.77","3.16","0.00",".265","58.6 %","40.3 %","0.0 %","4.21","1.05","2.45","4.38","0.7","6941"
"Luke Bard","Angels","1","2","0","1","16","2","21.1","21","8.86","2.53","1.69",".293","76.9 %","27.4 %","12.1 %","4.22","1.27","4.71","5.22","0.1","14288"
"Dakota Hudson","Cardinals","3","3","1","0","11","10","53.1","38","6.41","4.05","1.52",".316","72.9 %","61.8 %","23.7 %","4.22","1.63","5.29","4.46","0.0","19206"
"Travis Bergen","Giants","2","0","0","0","18","0","17.0","15","7.94","3.71","1.06",".261","72.9 %","39.6 %","11.1 %","4.24","1.24","4.29","4.78","0.0","18581"
"Jordan Hicks","Cardinals","1","2","10","1","19","0","17.0","21","11.12","4.24","0.53",".316","68.0 %","59.0 %","14.3 %","4.24","1.24","3.00","3.02","0.3","19618"
"Joey Lucchesi","Padres","3","3","0","0","10","10","55.0","57","9.33","2.29","1.15",".291","68.8 %","50.0 %","13.7 %","4.25","1.18","3.46","3.57","1.0","19320"
"Sergio Romo","Marlins","1","0","10","1","19","0","19.0","19","9.00","4.74","1.42",".235","67.3 %","35.2 %","10.7 %","4.26","1.32","4.75","5.50","-0.1","9817"
"Richard Lovelady","Royals","0","0","0","2","16","0","12.2","11","7.82","2.84","0.71",".351","73.9 %","62.2 %","14.3 %","4.26","1.42","3.59","3.62","0.1","19337"
"Joe Musgrove","Pirates","3","5","0","1","11","10","59.0","45","6.86","2.59","0.31",".275","52.8 %","46.1 %","3.4 %","4.27","1.15","3.05","4.48","1.5","12970"
"Giovanny Gallegos","Cardinals","1","0","0","2","19","0","21.0","33","14.14","2.57","1.71",".282","73.2 %","32.6 %","22.2 %","4.29","1.00","3.45","2.61","0.2","14986"
"Branden Kline","Orioles","1","1","0","3","11","0","14.2","15","9.20","2.45","1.84",".211","64.8 %","25.0 %","20.0 %","4.30","1.02","4.55","3.84","0.1","14101"
"Anthony Swarzak","- - -","2","2","3","1","18","0","16.2","22","11.88","4.32","3.24",".237","82.2 %","40.9 %","35.3 %","4.32","1.38","6.60","3.86","-0.5","7466"
"Mike Dunn","Rockies","1","0","0","2","25","0","16.2","14","7.56","2.16","1.08",".222","60.6 %","42.2 %","9.5 %","4.32","0.96","3.72","4.56","0.3","9948"
"Kevin Gausman","Braves","2","3","0","0","10","10","54.0","56","9.33","3.50","0.83",".278","64.5 %","40.1 %","9.3 %","4.33","1.22","3.58","4.28","1.0","14107"
"Carlos Estevez","Rockies","1","0","0","5","26","0","24.2","30","10.95","3.65","2.19",".306","79.7 %","38.2 %","23.1 %","4.38","1.42","5.18","4.03","-0.1","14542"
"Matt Andriese","Diamondbacks","3","3","1","0","20","0","28.2","33","10.36","4.08","1.57",".271","78.1 %","53.3 %","22.7 %","4.40","1.29","4.65","3.85","-0.1","12022"
"Tyler Skaggs","Angels","4","4","0","0","9","9","47.0","47","9.00","3.26","1.15",".308","70.7 %","33.1 %","11.1 %","4.40","1.34","3.99","4.52","0.9","10190"
"Rick Porcello","Red Sox","4","4","0","0","11","11","63.1","51","7.25","3.13","1.42",".276","67.1 %","40.4 %","11.6 %","4.41","1.34","4.69","5.23","0.7","2717"
"Javy Guerra","- - -","0","0","1","1","13","0","16.1","17","9.37","2.76","1.10",".295","71.4 %","28.9 %","10.5 %","4.41","1.22","3.73","4.35","0.1","7407"
"Trent Thornton","Blue Jays","1","4","0","0","11","11","55.0","60","9.82","4.09","1.64",".259","77.2 %","33.6 %","18.2 %","4.42","1.27","4.72","4.26","0.5","17948"
"Justin Anderson","Angels","2","0","1","4","18","0","18.1","29","14.24","4.42","0.98",".341","72.1 %","25.6 %","12.5 %","4.42","1.36","2.84","3.09","0.4","16201"
"Chris Martin","Rangers","0","2","1","7","20","0","20.1","19","8.41","1.33","2.66",".296","90.4 %","51.7 %","37.5 %","4.43","1.23","5.52","3.19","-0.1","11847"
"Brad Keller","Royals","3","5","0","0","11","11","65.0","45","6.23","5.68","0.42",".257","69.9 %","49.0 %","6.0 %","4.43","1.43","4.55","5.41","0.7","15734"
"Adrian Sampson","Rangers","2","3","0","0","11","5","46.2","29","5.59","2.31","1.35",".325","75.6 %","40.1 %","11.5 %","4.44","1.46","4.85","5.39","0.4","13339"
"Sam Freeman","Angels","0","0","0","0","1","0","2.0","0","0.00","9.00","4.50",".250","100.0 %","44.4 %","50.0 %","4.50","2.50","12.62","8.02","-0.1","6832"
"Brady Rodgers","Astros","0","0","0","0","1","0","2.0","2","9.00","0.00","4.50",".000","100.0 %","40.0 %","33.3 %","4.50","0.50","7.62","3.98","0.0","13393"
"Jacob Waguespack","Blue Jays","0","0","0","0","1","0","4.0","7","15.75","2.25","0.00",".375","40.0 %","37.5 %","0.0 %","4.50","1.00","1.12","2.55","0.1","18318"
"Sandy Alcantara","Marlins","2","5","0","0","10","10","58.0","38","5.90","4.03","0.93",".287","67.9 %","47.2 %","10.5 %","4.50","1.43","4.60","5.13","0.5","18684"
"Jonathan Loaisiga","Yankees","1","1","0","0","4","3","14.0","13","8.36","5.14","1.29",".282","76.9 %","39.0 %","11.8 %","4.50","1.50","4.83","5.29","0.1","19753"
"Travis Lakins","Red Sox","0","0","0","1","3","0","6.0","4","6.00","1.50","0.00",".368","62.5 %","52.6 %","0.0 %","4.50","1.33","2.28","3.87","0.1","18600"
"Matt Albers","Brewers","2","2","0","2","22","0","22.0","26","10.64","2.86","1.23",".304","71.4 %","50.0 %","15.8 %","4.50","1.23","3.62","3.49","0.3","4300"
"Jake Newberry","Royals","0","0","0","1","11","0","16.0","13","7.31","1.69","2.81",".261","92.3 %","35.3 %","18.5 %","4.50","1.25","6.12","5.27","-0.2","15136"
"Adam Kolarek","Rays","2","1","0","8","26","0","18.0","10","5.00","3.50","1.50",".271","79.8 %","65.0 %","27.3 %","4.50","1.44","5.67","4.67","-0.3","10843"
"Kyle Ryan","Cubs","1","1","0","5","23","0","18.0","20","10.00","3.50","0.50",".340","63.6 %","51.0 %","10.0 %","4.50","1.39","2.78","3.12","0.4","11753"
"Jon Gray","Rockies","4","4","0","0","11","11","65.2","68","9.32","3.43","1.51",".311","76.4 %","47.4 %","20.8 %","4.52","1.34","4.46","3.82","0.9","14916"
"Aaron Nola","Phillies","5","0","0","0","11","11","57.2","66","10.30","3.90","1.40",".362","78.1 %","45.9 %","19.6 %","4.53","1.54","4.31","3.80","0.6","16149"
"Andrew Cashner","Orioles","5","2","0","0","11","11","59.1","48","7.28","3.03","1.52",".278","72.3 %","51.1 %","15.9 %","4.55","1.33","4.70","4.53","0.6","8782"
"Joshua James","Astros","1","0","0","0","19","0","27.2","42","13.66","5.20","1.63",".283","74.2 %","34.5 %","18.5 %","4.55","1.30","4.38","3.89","0.0","16794"
"Jesse Chavez","Rangers","0","1","0","4","23","2","27.2","23","7.48","3.25","1.95",".301","80.9 %","44.8 %","21.4 %","4.55","1.48","5.57","4.68","-0.2","5448"
"Yimi Garcia","Dodgers","0","1","0","0","21","0","21.2","21","8.72","2.91","2.08",".173","68.8 %","37.5 %","17.2 %","4.57","0.97","5.42","4.98","-0.1","12095"
"Ryan Burr","White Sox","1","1","0","0","16","1","19.2","20","9.15","3.66","1.37",".255","57.7 %","47.4 %","15.0 %","4.58","1.27","4.28","4.24","0.1","17536"
"Carlos Carrasco","Indians","4","5","0","0","11","11","58.2","72","11.05","1.53","1.99",".340","77.5 %","38.1 %","20.3 %","4.60","1.26","4.10","3.30","1.0","6632"
"Mike Montgomery","Cubs","1","0","0","1","10","0","13.2","10","6.59","3.29","1.32",".349","72.9 %","45.5 %","25.0 %","4.61","1.61","4.65","3.87","0.0","4869"
"Chasen Bradford","Mariners","0","0","1","1","10","0","13.2","10","6.59","1.98","2.63",".256","87.7 %","48.8 %","26.7 %","4.61","1.24","6.12","4.40","-0.2","12452"
"Scott Barlow","Royals","1","1","1","3","18","0","25.1","39","13.86","3.20","1.42",".345","74.8 %","36.2 %","20.0 %","4.62","1.26","3.51","2.96","0.3","14993"
"Zack Wheeler","Mets","4","3","0","0","11","11","70.0","78","10.03","3.09","0.90",".323","68.1 %","47.7 %","11.3 %","4.63","1.31","3.22","3.60","1.7","10310"
"Keone Kela","Pirates","1","0","0","2","14","0","11.2","11","8.49","3.09","2.31",".250","83.3 %","37.1 %","18.8 %","4.63","1.29","5.60","4.87","-0.1","14696"
"Vince Velasquez","Phillies","2","2","0","0","9","6","33.0","36","9.82","4.64","2.45",".277","88.2 %","34.4 %","21.4 %","4.64","1.48","6.12","5.00","-0.2","11189"
"Lance Lynn","Rangers","6","4","0","0","11","11","67.2","70","9.31","2.93","0.80",".346","70.0 %","39.4 %","9.0 %","4.66","1.39","3.31","4.04","2.0","2520"
"Edubray Ramos","Phillies","0","0","0","1","12","0","9.2","7","6.52","3.72","0.93",".367","70.5 %","33.3 %","7.1 %","4.66","1.66","4.56","5.98","0.0","16086"
"Dylan Bundy","Orioles","2","5","0","0","10","10","52.0","52","9.00","3.63","2.08",".246","75.2 %","36.3 %","18.8 %","4.67","1.27","5.56","4.90","0.2","12917"
"Pat Neshek","Phillies","0","1","3","6","19","0","17.1","9","4.67","0.52","2.08",".295","74.7 %","42.2 %","16.0 %","4.67","1.33","5.25","5.00","-0.1","4682"
"Seranthony Dominguez","Phillies","3","0","0","6","23","0","21.0","26","11.14","4.71","1.29",".327","69.4 %","54.4 %","17.6 %","4.71","1.52","4.21","3.90","0.1","19249"
"Buck Farmer","Tigers","3","4","0","5","25","0","21.0","23","9.86","3.00","1.29",".333","72.6 %","58.9 %","23.1 %","4.71","1.33","3.92","3.25","0.2","14814"
"Eric Lauer","Padres","3","4","0","0","10","10","53.1","45","7.59","2.36","1.18",".304","67.0 %","45.2 %","11.3 %","4.73","1.31","3.98","4.49","0.7","19316"
"Jesse Biddle","- - -","0","1","0","1","17","0","13.1","13","8.78","6.75","0.68",".404","66.4 %","43.5 %","6.7 %","4.73","2.25","4.39","5.56","0.0","11437"
"Oliver Perez","Indians","0","0","0","4","23","0","13.1","18","12.15","2.03","2.03",".324","81.1 %","37.8 %","20.0 %","4.73","1.28","4.47","3.69","0.0","1514"
"Josh Tomlin","Braves","1","0","0","4","16","0","24.2","15","5.47","0.73","1.82",".266","66.7 %","38.6 %","15.6 %","4.74","1.14","4.78","4.62","-0.1","9388"
"Merrill Kelly","Diamondbacks","4","5","0","0","10","10","53.0","40","6.79","3.74","1.36",".313","76.6 %","38.7 %","12.5 %","4.75","1.55","4.87","5.21","0.3","11156"
"Miles Mikolas","Cardinals","4","5","0","0","11","11","62.1","46","6.64","1.44","1.73",".274","71.4 %","47.2 %","20.0 %","4.76","1.17","4.82","4.15","0.3","9803"
"Phil Maton","Padres","0","0","0","2","14","0","17.0","13","6.88","1.59","1.59",".283","67.4 %","50.9 %","18.8 %","4.76","1.24","4.59","4.09","0.0","18064"
"Shaun Anderson","Giants","0","1","0","0","3","3","15.0","9","5.40","2.40","0.60",".327","55.6 %","40.0 %","8.3 %","4.80","1.53","3.58","4.24","0.3","19453"
"Zac Rosscup","- - -","2","0","0","5","21","0","15.0","22","13.20","9.60","0.60",".395","65.4 %","53.8 %","12.5 %","4.80","2.13","4.25","4.40","0.1","9419"
"Dereck Rodriguez","Giants","3","5","0","0","9","8","43.0","28","5.86","3.56","1.88",".256","66.1 %","42.8 %","19.6 %","4.81","1.40","5.79","5.11","-0.4","14509"
"Adam Wainwright","Cardinals","4","4","0","0","10","10","52.1","41","7.05","3.96","1.38",".283","73.4 %","49.7 %","17.4 %","4.82","1.41","5.08","4.77","0.1","2233"
"Justin Wilson","Mets","1","1","1","1","10","0","9.1","9","8.68","3.86","1.93",".280","73.8 %","52.0 %","25.0 %","4.82","1.39","5.90","4.75","-0.2","4301"
"Nick Vincent","Giants","0","2","0","0","17","1","29.2","29","8.80","2.12","1.82",".322","75.8 %","38.0 %","18.8 %","4.85","1.38","4.80","4.23","-0.2","7555"
"Wandy Peralta","Reds","0","1","0","1","24","0","20.1","18","7.97","2.66","1.77",".245","70.7 %","43.6 %","23.5 %","4.87","1.13","4.93","3.97","-0.1","14295"
"Kyle Barraclough","Nationals","1","2","0","6","27","0","20.1","24","10.62","4.43","1.77",".362","76.4 %","41.0 %","16.0 %","4.87","1.72","5.08","4.87","-0.1","13713"
"Jhoulys Chacin","Brewers","3","6","0","0","11","11","55.1","42","6.83","4.07","1.79",".252","75.5 %","34.5 %","15.9 %","4.88","1.37","5.70","5.49","0.0","2608"
"Josh A. Smith","Red Sox","0","1","0","0","4","1","7.1","6","7.36","2.45","1.23",".292","69.8 %","41.7 %","16.7 %","4.91","1.36","4.07","3.86","0.0","10946"
"Jairo Diaz","Rockies","0","0","0","0","3","0","3.2","4","9.82","2.45","4.91",".125","100.0 %","40.0 %","40.0 %","4.91","1.09","9.66","5.17","-0.2","12774"
"Tyler Bashlor","Mets","0","2","0","0","11","0","11.0","12","9.82","4.09","2.45",".160","76.9 %","35.7 %","20.0 %","4.91","1.09","5.84","4.90","-0.2","15203"
"Jonathan Holder","Yankees","3","2","0","2","21","0","25.2","29","10.17","3.16","0.70",".309","59.6 %","40.0 %","7.7 %","4.91","1.25","3.04","3.96","0.7","16588"
"Allen Webster","Cubs","0","0","1","0","12","0","11.0","9","7.36","4.09","1.64",".343","75.6 %","56.8 %","22.2 %","4.91","1.73","5.48","4.68","-0.1","3993"
"Noah Syndergaard","Mets","3","4","0","0","11","11","69.1","72","9.35","1.95","1.30",".330","64.5 %","48.7 %","14.9 %","4.93","1.25","3.69","3.66","1.4","11762"
"Mike Leake","Mariners","3","6","0","0","11","11","65.2","49","6.72","1.92","2.19",".299","72.2 %","46.1 %","20.5 %","4.93","1.39","5.52","4.62","0.0","10130"
"Josh Osich","White Sox","0","0","0","0","13","0","16.1","13","7.16","2.20","2.76",".250","84.6 %","38.8 %","22.7 %","4.96","1.22","6.24","4.83","-0.2","11528"
"Nick Margevicius","Padres","2","5","0","0","9","9","45.1","33","6.55","2.98","2.18",".265","76.6 %","42.7 %","21.2 %","4.96","1.37","6.00","5.04","-0.3","20395"
"Taylor Cole","Angels","0","0","0","0","8","1","12.2","15","10.66","4.26","0.00",".371","57.9 %","42.9 %","0.0 %","4.97","1.50","2.17","3.82","0.3","11964"
"Corbin Martin","Astros","1","1","0","0","3","3","12.2","12","8.53","4.26","2.13",".306","69.6 %","46.2 %","20.0 %","4.97","1.58","5.72","4.90","0.0","19884"
"Jefry Rodriguez","Indians","1","5","0","0","7","7","39.2","29","6.58","3.63","1.13",".304","67.3 %","48.8 %","12.5 %","4.99","1.49","4.50","4.79","0.4","17018"
"Anthony DeSclafani","Reds","2","2","0","0","10","10","48.2","52","9.62","3.14","2.40",".270","79.5 %","33.8 %","20.0 %","4.99","1.32","5.62","4.70","0.0","13050"
"Mike Fiers","Athletics","4","3","0","0","12","12","63.0","44","6.29","2.71","1.71",".235","70.3 %","40.8 %","14.3 %","5.00","1.17","5.29","5.36","0.3","7754"
"Noe Ramirez","Angels","1","0","0","0","16","0","23.1","27","10.41","4.24","2.70",".259","86.2 %","29.5 %","23.3 %","5.01","1.37","6.24","4.80","-0.2","12800"
"Chris Devenski","Astros","0","0","0","1","18","0","19.2","20","9.15","1.83","1.83",".328","74.8 %","30.0 %","14.8 %","5.03","1.37","4.34","4.31","0.1","12763"
"David Hernandez","Reds","1","3","1","8","27","0","25.0","30","10.80","3.24","0.72",".358","66.3 %","27.3 %","6.5 %","5.04","1.40","2.96","4.28","0.7","4259"
"Eduardo Rodriguez","Red Sox","5","3","0","0","11","11","60.2","66","9.79","2.97","1.04",".345","66.5 %","44.0 %","12.3 %","5.04","1.40","3.58","3.87","1.1","13164"
"Drew Gagnon","Mets","3","1","0","0","10","0","16.0","13","7.31","1.69","0.56",".308","56.1 %","39.6 %","4.8 %","5.06","1.25","3.05","4.74","0.4","12545"
"Pedro Strop","Cubs","1","2","4","0","12","0","10.2","11","9.28","4.22","0.84",".250","56.6 %","60.0 %","12.5 %","5.06","1.13","3.68","3.89","0.1","4070"
"Adam Warren","Padres","3","1","0","3","21","0","21.1","20","8.44","4.64","2.95",".232","89.6 %","46.8 %","33.3 %","5.06","1.45","7.05","4.66","-0.7","9029"
"Tyler Kinley","Marlins","1","0","0","1","23","0","23.0","27","10.57","5.87","1.17",".403","77.9 %","42.2 %","14.3 %","5.09","1.87","4.55","4.60","-0.1","18297"
"J.A. Happ","Yankees","4","3","0","0","11","11","58.1","50","7.71","2.01","2.16",".278","75.8 %","38.9 %","18.4 %","5.09","1.23","5.34","4.71","0.5","7410"
"Anibal Sanchez","Nationals","0","6","0","0","9","9","42.1","41","8.72","5.31","1.28",".310","71.9 %","31.5 %","11.1 %","5.10","1.68","4.79","5.38","0.3","3284"
"Jose Ruiz","White Sox","0","0","0","1","13","0","12.1","9","6.57","5.11","2.19",".400","88.7 %","21.7 %","13.0 %","5.11","2.27","6.76","7.16","-0.1","14552"
"Victor Alcantara","Tigers","2","0","0","7","28","0","24.2","13","4.74","4.01","2.19",".240","79.7 %","45.7 %","19.4 %","5.11","1.42","6.68","5.92","-0.5","15028"
"Cal Quantrill","Padres","1","2","0","0","4","4","21.0","19","8.14","3.00","1.29",".328","70.9 %","44.4 %","13.0 %","5.14","1.43","4.31","4.54","0.2","19312"
"Blaine Hardy","Tigers","1","0","0","3","15","0","21.0","9","3.86","2.14","1.71",".159","52.2 %","54.7 %","18.2 %","5.14","0.90","5.45","4.97","-0.1","6499"
"Richard Rodriguez","Pirates","0","3","1","7","24","0","21.0","18","7.71","3.86","3.43",".254","87.2 %","37.3 %","26.7 %","5.14","1.52","7.78","5.55","-0.9","13549"
"Chad Bettis","Rockies","1","3","0","0","14","3","29.2","19","5.76","3.34","0.91",".340","67.0 %","67.6 %","16.7 %","5.16","1.62","4.36","4.20","0.2","10587"
"Tyler Webb","Cardinals","0","1","0","3","19","0","15.2","14","8.04","5.17","1.15",".135","56.3 %","51.3 %","16.7 %","5.17","1.02","4.90","4.70","-0.1","14974"
"Cody Allen","Angels","0","2","4","0","19","0","17.1","21","10.90","8.31","3.12",".227","93.2 %","20.4 %","18.8 %","5.19","1.85","7.96","6.98","-0.5","12183"
"Carlos Rodon","White Sox","3","2","0","0","7","7","34.2","46","11.94","4.41","1.04",".322","63.9 %","43.0 %","11.4 %","5.19","1.44","3.52","3.94","0.8","16137"
"Jason Vargas","Mets","1","2","0","0","8","7","29.1","23","7.06","4.60","1.53",".286","75.0 %","39.1 %","12.5 %","5.22","1.57","5.40","5.78","0.1","8044"
"Hector Velazquez","Red Sox","1","3","0","0","17","7","32.2","28","7.71","4.41","1.10",".284","65.2 %","40.7 %","10.8 %","5.23","1.38","4.65","5.21","0.2","19341"
"Wily Peralta","Royals","2","2","1","2","23","0","24.0","14","5.25","4.88","1.13",".319","71.8 %","49.3 %","12.5 %","5.25","1.63","5.20","5.48","-0.2","7738"
"Colten Brewer","Red Sox","0","2","0","2","20","0","22.0","21","8.59","4.50","0.41",".362","68.3 %","54.3 %","5.6 %","5.32","1.68","3.43","4.40","0.2","12997"
"Michael Pineda","Twins","4","3","0","0","11","11","59.0","50","7.63","1.68","2.14",".278","69.9 %","34.1 %","17.1 %","5.34","1.22","5.17","4.73","0.3","5372"
"Yu Darvish","Cubs","2","3","0","0","11","11","55.0","67","10.96","6.22","1.80",".303","75.7 %","48.9 %","27.5 %","5.40","1.62","5.52","4.30","-0.1","13074"
"Nestor Cortes","Yankees","0","0","0","0","3","0","10.0","13","11.70","3.60","1.80",".346","73.8 %","35.7 %","20.0 %","5.40","1.50","4.32","3.62","0.1","17874"
"Pablo Lopez","Marlins","3","5","0","0","10","10","51.2","50","8.71","2.44","1.22",".301","62.5 %","51.0 %","15.9 %","5.40","1.24","4.04","3.91","0.7","17085"
"David Robertson","Phillies","0","1","0","2","7","0","6.2","6","8.10","8.10","1.35",".350","79.4 %","33.3 %","11.1 %","5.40","2.10","5.97","6.59","-0.1","8241"
"Gabriel Ynoa","Orioles","0","1","0","0","10","1","21.2","22","9.14","2.91","1.25",".358","63.8 %","52.9 %","15.0 %","5.40","1.57","3.85","3.81","0.2","12938"
"Neil Ramirez","Indians","0","1","0","2","16","0","16.2","18","9.72","4.86","2.70",".302","80.0 %","25.0 %","17.9 %","5.40","1.62","6.48","5.78","-0.2","7677"
"Joe Harvey","Yankees","1","0","0","0","8","0","8.1","9","9.72","5.40","1.08",".360","66.2 %","46.2 %","10.0 %","5.40","1.80","4.32","5.04","0.0","16459"
"Nick Anderson","Marlins","1","2","0","2","22","0","21.2","40","16.62","4.98","1.66",".400","73.0 %","30.2 %","30.8 %","5.40","1.48","3.62","2.37","0.2","18337"
"Mike Mayers","Cardinals","0","1","0","1","8","0","8.1","8","8.64","5.40","2.16",".320","83.3 %","18.5 %","14.3 %","5.40","1.80","6.48","6.56","-0.1","15451"
"Dylan Covey","White Sox","0","4","0","0","7","5","26.1","13","4.44","6.15","1.71",".175","63.3 %","35.7 %","14.7 %","5.47","1.41","6.65","6.64","-0.2","14825"
"Jose Leclerc","Rangers","1","1","5","3","22","1","21.1","35","14.77","5.91","1.27",".341","70.5 %","39.5 %","17.6 %","5.48","1.45","4.05","3.74","0.2","14524"
"Shawn Armstrong","- - -","0","1","1","3","15","0","14.2","14","8.59","5.52","1.84",".293","76.9 %","27.9 %","15.0 %","5.52","1.64","5.91","5.85","-0.1","12857"
"Mychal Givens","Orioles","0","3","4","3","19","0","22.2","29","11.51","5.16","1.99",".314","75.0 %","46.4 %","25.0 %","5.56","1.50","5.28","4.09","-0.1","10430"
"J.B. Wendelken","Athletics","0","1","0","1","18","0","21.0","23","9.86","2.57","0.86",".305","53.7 %","31.7 %","6.7 %","5.57","1.24","3.16","4.65","0.3","14506"
"Alex Claudio","Brewers","1","1","0","11","28","0","21.0","16","6.86","3.43","2.14",".233","72.7 %","60.3 %","31.3 %","5.57","1.29","6.12","4.47","-0.4","12890"
"Jakob Junis","Royals","3","5","0","0","11","11","61.1","54","7.92","3.38","1.47",".319","66.3 %","46.1 %","16.1 %","5.58","1.48","4.75","4.55","0.4","13619"
"Jace Fry","White Sox","1","1","0","6","22","0","19.1","26","12.10","5.12","1.40",".354","68.4 %","52.0 %","25.0 %","5.59","1.60","4.30","3.47","0.1","16159"
"Michael Wacha","Cardinals","3","2","0","0","9","9","46.2","43","8.29","5.59","1.74",".306","70.8 %","42.6 %","19.6 %","5.59","1.69","5.64","5.02","-0.1","14078"
"Cole Irvin","Phillies","2","1","0","0","3","3","17.2","13","6.62","2.55","1.53",".259","58.5 %","32.1 %","13.6 %","5.60","1.25","4.87","5.04","0.1","19244"
"Fernando Romero","Twins","0","0","0","0","7","0","8.0","8","9.00","3.38","2.25",".364","80.4 %","58.3 %","33.3 %","5.63","1.63","5.87","4.05","-0.1","15885"
"Jarlin Garcia","Marlins","0","0","0","0","6","0","8.0","4","4.50","5.63","0.00",".208","54.6 %","60.9 %","0.0 %","5.63","1.25","4.37","5.56","0.0","18282"
"Jeurys Familia","Mets","2","0","0","7","21","0","20.2","21","9.15","6.53","0.87",".345","68.2 %","56.4 %","14.3 %","5.66","1.74","4.81","4.84","-0.1","5114"
"Mike Foltynewicz","Braves","1","3","0","0","6","6","33.1","24","6.48","2.16","2.70",".238","60.0 %","35.8 %","20.4 %","5.67","1.26","6.48","5.38","-0.3","10811"
"Brad Wieck","Padres","0","0","0","7","19","0","15.2","19","10.91","2.30","2.30",".300","71.4 %","34.1 %","20.0 %","5.74","1.28","4.97","4.08","-0.1","16390"
"Chris Archer","Pirates","1","5","0","0","8","8","40.2","40","8.85","5.31","1.77",".279","68.2 %","35.4 %","15.4 %","5.75","1.55","5.55","5.43","0.0","6345"
"Homer Bailey","Royals","4","5","0","0","11","11","51.1","49","8.59","4.03","1.23",".319","64.0 %","43.3 %","14.9 %","5.79","1.48","4.38","4.35","0.6","8362"
"Yoshihisa Hirano","Diamondbacks","1","2","1","5","24","0","18.2","23","11.09","2.41","0.96",".385","57.3 %","42.3 %","11.8 %","5.79","1.45","3.17","3.51","0.3","19756"
"Corey Kluber","Indians","2","3","0","0","7","7","35.2","38","9.59","3.79","1.01",".370","63.8 %","40.0 %","9.8 %","5.80","1.65","3.96","4.69","0.6","2429"
"Wilmer Font","- - -","1","1","0","1","15","3","27.2","26","8.46","3.90","1.63",".325","68.6 %","40.7 %","13.9 %","5.86","1.52","4.89","5.02","0.0","5257"
"Jordan Zimmermann","Tigers","0","4","0","0","6","6","30.1","21","6.23","3.26","1.78",".267","61.4 %","40.6 %","15.0 %","5.93","1.35","5.39","5.33","0.2","4505"
"Caleb Ferguson","Dodgers","0","1","0","3","17","1","16.2","16","8.64","5.94","2.16",".319","80.3 %","38.0 %","23.5 %","5.94","1.80","6.84","5.66","-0.4","19349"
"Aaron Brooks","Athletics","2","3","0","0","8","6","36.1","31","7.68","3.22","2.48",".279","71.1 %","39.8 %","21.3 %","5.94","1.43","6.06","4.95","-0.2","12272"
"Freddy Peralta","Brewers","2","2","0","0","9","6","34.2","40","10.38","3.12","2.08",".330","63.9 %","31.4 %","17.0 %","5.97","1.53","5.02","4.60","0.2","18679"
"Nathan Eovaldi","Red Sox","0","0","0","0","4","4","21.0","16","6.86","4.71","2.57",".254","73.2 %","47.7 %","25.0 %","6.00","1.52","7.02","5.49","-0.3","9132"
"Kohl Stewart","Twins","1","1","0","0","2","2","12.0","3","2.25","3.75","2.25",".268","74.3 %","55.8 %","27.3 %","6.00","1.58","7.12","5.61","-0.2","15502"
"Alex McRae","Pirates","0","0","0","0","1","0","3.0","3","9.00","0.00","6.00",".167","100.0 %","12.5 %","40.0 %","6.00","1.00","10.78","5.29","-0.1","16317"
"Justus Sheffield","Mariners","0","0","0","0","1","0","3.0","3","9.00","12.00","3.00",".167","87.0 %","57.1 %","33.3 %","6.00","2.00","9.45","7.02","-0.1","17285"
"Derek Law","Blue Jays","0","1","0","0","9","0","12.0","15","11.25","3.75","1.50",".323","56.3 %","58.1 %","25.0 %","6.00","1.42","4.03","3.14","0.1","13133"
"Matthew Festa","Mariners","0","0","0","3","7","0","9.0","6","6.00","5.00","1.00",".310","66.2 %","41.4 %","9.1 %","6.00","1.67","4.89","5.78","0.0","19330"
"Daniel Zamora","Mets","0","0","0","0","11","0","6.0","6","9.00","6.00","1.50",".389","77.6 %","33.3 %","11.1 %","6.00","2.00","5.78","6.48","-0.1","17811"
"Reynaldo Lopez","White Sox","3","5","0","0","11","11","59.2","57","8.60","4.07","2.11",".311","69.4 %","27.1 %","14.4 %","6.03","1.56","5.76","5.81","0.2","16400"
"Collin McHugh","Astros","3","4","0","0","10","8","44.2","48","9.67","3.22","1.81",".261","59.5 %","39.0 %","20.9 %","6.04","1.23","4.86","4.08","0.2","7531"
"Taylor Williams","Brewers","1","1","0","0","6","0","10.1","9","7.84","2.61","0.87",".375","64.1 %","67.7 %","33.3 %","6.10","1.55","3.79","3.09","0.1","14899"
"Tyson Ross","Tigers","1","5","0","0","7","7","35.1","25","6.37","4.58","1.78",".306","63.8 %","51.3 %","22.6 %","6.11","1.67","5.89","4.99","-0.1","7872"
"Jimmy Yacabonis","Orioles","1","1","0","3","11","0","17.2","9","4.58","3.57","2.04",".298","72.7 %","31.1 %","13.3 %","6.11","1.58","6.40","6.69","-0.2","15157"
"Drew Smyly","Rangers","1","3","0","0","8","7","33.2","35","9.36","6.42","2.14",".275","72.7 %","28.3 %","18.2 %","6.15","1.69","6.35","5.76","-0.1","11760"
"Brad Boxberger","Royals","0","3","1","0","19","0","19.0","18","8.53","6.63","1.42",".296","69.4 %","35.7 %","11.5 %","6.16","1.74","5.48","6.04","-0.2","10133"
"Antonio Senzatela","Rockies","3","4","0","0","8","8","42.0","27","5.79","3.86","1.71",".316","68.0 %","52.2 %","23.5 %","6.21","1.62","5.73","4.80","0.1","15488"
"Jeremy Hellickson","Nationals","2","3","0","0","9","8","39.0","30","6.92","4.62","2.08",".309","66.8 %","38.9 %","17.0 %","6.23","1.72","6.19","5.78","-0.2","4371"
"Montana DuRapau","Pirates","0","1","0","0","8","2","8.2","11","11.42","3.12","2.08",".400","45.5 %","48.1 %","40.0 %","6.23","1.73","4.96","3.06","0.0","16768"
"Drew Steckenrider","Marlins","0","2","0","3","15","0","14.1","14","8.79","3.14","3.77",".094","75.8 %","31.6 %","24.0 %","6.28","0.98","7.86","5.74","-0.6","18806"
"Luis Perdomo","Padres","1","0","0","0","6","0","10.0","11","9.90","1.80","1.80",".310","58.8 %","38.7 %","16.7 %","6.30","1.30","4.12","3.80","0.0","14682"
"Tony Sipp","Nationals","1","1","0","6","20","0","10.0","8","7.20","3.60","0.00",".333","56.3 %","36.4 %","0.0 %","6.30","1.50","3.02","5.88","0.2","8280"
"Zach Duke","Reds","2","1","0","4","22","0","15.2","9","5.17","6.32","1.72",".277","72.6 %","49.0 %","27.3 %","6.32","1.72","6.94","5.79","-0.4","3840"
"Adam Plutko","Indians","1","1","0","0","2","2","11.1","7","5.56","1.59","3.97",".250","88.9 %","27.0 %","29.4 %","6.35","1.32","8.41","5.53","-0.2","15846"
"Ryan Yarbrough","Rays","3","1","0","0","6","1","24.0","18","6.75","1.88","1.13",".268","46.2 %","39.4 %","11.5 %","6.38","1.13","3.99","4.43","0.2","16502"
"Randy Rosario","Cubs","0","0","0","0","8","0","7.0","9","11.57","6.43","1.29",".368","60.3 %","50.0 %","50.0 %","6.43","1.86","4.54","3.23","0.0","14508"
"Enyel De Los Santos","Phillies","0","0","0","0","4","0","7.0","7","9.00","2.57","3.86",".188","79.0 %","42.1 %","37.5 %","6.43","1.14","7.54","4.15","-0.1","18403"
"Drew Pomeranz","Giants","1","5","0","0","9","9","37.2","41","9.80","4.54","2.15",".352","74.0 %","40.2 %","23.1 %","6.45","1.73","5.80","4.66","-0.3","11426"
"Felix Hernandez","Mariners","1","4","0","0","8","8","38.2","34","7.91","1.86","2.09",".345","62.8 %","50.0 %","20.9 %","6.52","1.50","5.31","4.41","0.1","4772"
"Adam Conley","Marlins","1","4","2","5","24","0","19.1","17","7.91","3.72","0.93",".339","61.6 %","43.1 %","13.3 %","6.52","1.55","4.25","4.39","0.0","14457"
"Ivan Nova","White Sox","3","4","0","0","11","11","59.1","37","5.61","2.58","1.67",".370","68.1 %","46.2 %","19.3 %","6.52","1.72","5.29","4.71","0.2","1994"
"Ryan Tepera","Blue Jays","0","2","0","2","12","0","11.0","9","7.36","4.91","3.27",".250","80.7 %","34.3 %","26.7 %","6.55","1.64","7.84","5.72","-0.4","10291"
"Clay Buchholz","Blue Jays","0","2","0","0","5","5","24.2","12","4.38","2.19","1.82",".318","64.5 %","40.9 %","16.1 %","6.57","1.54","5.51","5.27","0.0","3543"
"David Hess","Orioles","1","6","0","0","11","10","51.0","44","7.76","3.35","3.18",".255","63.5 %","27.7 %","21.4 %","6.71","1.45","7.10","5.65","-0.5","16130"
"Kyle Freeland","Rockies","2","6","0","0","11","11","56.1","48","7.67","3.99","2.24",".276","62.9 %","41.2 %","20.0 %","6.71","1.53","6.08","5.22","-0.1","16256"
"Jeffrey Springs","Rangers","2","1","0","0","12","0","16.0","15","8.44","6.19","0.56",".380","64.2 %","21.6 %","4.8 %","6.75","1.94","4.12","5.81","0.2","17677"
"Reymin Guduan","Astros","0","0","0","0","3","0","2.2","3","10.13","6.75","3.38",".286","83.3 %","37.5 %","33.3 %","6.75","1.88","7.99","5.26","-0.1","13058"
"Jimmy Cordero","Blue Jays","0","1","0","0","1","0","1.1","0","0.00","0.00","6.75",".250","100.0 %","40.0 %","100.0 %","6.75","1.50","12.87","4.55","-0.1","15690"
"Kyle Bird","Rangers","0","0","1","0","6","0","6.2","5","6.75","13.50","2.70",".118","83.3 %","42.1 %","22.2 %","6.75","2.10","10.92","9.59","-0.4","16618"
"Tanner Scott","Orioles","0","0","0","0","8","0","6.2","12","16.20","10.80","2.70",".600","74.1 %","41.2 %","50.0 %","6.75","2.85","7.02","4.26","-0.1","17586"
"Tim Hill","Royals","0","0","0","2","6","0","4.0","3","6.75","9.00","2.25",".273","81.4 %","54.5 %","25.0 %","6.75","2.00","9.37","8.02","-0.3","16814"
"Jerry Blevins","Braves","0","0","0","5","10","0","5.1","6","10.13","8.44","1.69",".286","72.9 %","14.3 %","14.3 %","6.75","1.88","6.68","6.74","-0.2","7841"
"Jorge Lopez","Royals","0","6","0","0","11","10","51.2","49","8.54","3.66","2.09",".324","65.0 %","39.4 %","22.6 %","6.79","1.57","5.75","4.68","-0.2","14527"
"Derek Holland","Giants","1","4","0","0","12","7","43.2","49","10.10","5.36","2.47",".284","64.1 %","35.7 %","23.1 %","6.80","1.58","6.50","5.20","-0.7","4141"
"Marco Estrada","Athletics","0","2","0","0","5","5","23.2","11","4.18","3.04","2.66",".208","62.0 %","19.3 %","12.7 %","6.85","1.31","7.42","8.01","-0.2","1118"
"Wander Suero","Nationals","1","4","0","4","24","0","22.1","32","12.90","3.63","1.21",".346","52.2 %","40.7 %","15.8 %","6.85","1.34","3.34","3.22","0.3","15855"
"Jacob Barnes","Brewers","1","1","0","1","16","1","15.2","20","11.49","5.17","1.15",".348","53.7 %","45.8 %","14.3 %","6.89","1.72","3.94","3.99","0.0","12323"
"Trevor Cahill","Angels","2","5","0","0","11","11","53.1","43","7.26","3.04","2.70",".252","65.3 %","40.6 %","25.0 %","6.92","1.37","6.58","4.97","-0.6","6249"
"Evan Phillips","Orioles","0","1","0","3","12","0","13.0","17","11.77","7.62","0.00",".400","64.3 %","45.5 %","0.0 %","6.92","1.92","3.73","4.76","0.1","17734"
"Kelvin Herrera","White Sox","1","3","0","5","22","0","20.2","19","8.27","3.92","1.74",".323","63.4 %","39.4 %","15.4 %","6.97","1.65","5.10","4.98","0.0","6033"
"Yefry Ramirez","Orioles","0","2","0","0","4","1","10.1","11","9.58","7.84","1.74",".360","67.7 %","42.3 %","20.0 %","6.97","1.94","6.70","6.03","-0.1","15655"
"Carson Fulmer","White Sox","1","1","0","1","8","0","10.1","11","9.58","9.58","0.87",".303","63.6 %","50.0 %","9.1 %","6.97","2.13","6.31","7.08","-0.1","18311"
"Edinson Volquez","Rangers","0","0","0","0","2","2","7.2","6","7.04","9.39","2.35",".348","79.0 %","36.0 %","25.0 %","7.04","2.35","8.07","6.67","-0.1","3990"
"Kyle Wright","Braves","0","2","0","0","3","3","14.0","11","7.07","6.43","2.57",".282","73.5 %","45.2 %","26.7 %","7.07","1.79","7.62","5.94","-0.3","19665"
"Steven Brault","Pirates","1","1","0","0","8","2","25.1","21","7.46","5.68","1.78",".315","66.7 %","36.8 %","16.7 %","7.11","1.74","6.15","5.85","-0.3","15291"
"Brett Martin","Rangers","0","0","0","1","14","0","15.0","9","5.40","2.40","1.80",".286","53.6 %","53.8 %","18.8 %","7.20","1.40","5.32","4.75","-0.1","17369"
"Dennis Santana","Dodgers","0","0","0","0","3","0","5.0","6","10.80","7.20","1.80",".357","75.5 %","40.0 %","25.0 %","7.20","2.00","6.92","5.84","-0.1","17878"
"Kyle Dowdy","Rangers","2","1","0","0","13","1","22.1","17","6.85","7.25","1.61",".314","63.5 %","43.8 %","21.1 %","7.25","1.97","6.47","5.77","-0.3","19285"
"Elvis Luciano","Blue Jays","1","0","0","0","15","0","19.2","17","7.78","8.24","1.37",".365","72.4 %","37.9 %","11.5 %","7.32","2.24","6.57","7.11","-0.3","20632"
"Wade LeBlanc","Mariners","2","2","0","0","5","5","23.1","18","6.94","3.09","3.09",".321","67.1 %","34.9 %","21.6 %","7.33","1.76","7.06","5.62","-0.4","5221"
"Zack Godley","Diamondbacks","1","4","2","0","12","8","44.0","37","7.57","4.70","1.43",".328","60.1 %","43.3 %","14.3 %","7.36","1.70","5.27","5.33","0.0","14862"
"Austin Pruitt","Rays","0","0","0","0","4","0","7.1","4","4.91","2.45","2.45",".273","55.6 %","60.9 %","33.3 %","7.36","1.36","6.39","4.40","-0.1","15290"
"Aaron Wilkerson","Brewers","0","0","0","0","3","0","7.1","8","9.82","3.68","0.00",".520","62.5 %","44.0 %","0.0 %","7.36","2.18","2.16","3.72","0.2","16904"
"Geoff Hartlieb","Pirates","0","0","0","2","4","0","3.2","3","7.36","7.36","2.45",".385","79.0 %","57.1 %","33.3 %","7.36","2.45","7.48","5.49","-0.1","19558"
"Thomas Pannone","Blue Jays","1","3","0","1","16","2","24.1","27","9.99","4.44","1.11",".348","57.1 %","37.1 %","10.0 %","7.40","1.60","4.22","4.97","0.2","17281"
"Miguel Castro","Orioles","0","1","1","2","22","0","24.1","24","8.88","4.07","2.22",".329","63.3 %","48.7 %","24.0 %","7.40","1.64","5.70","4.46","-0.2","15684"
"Matt Harvey","Angels","2","4","0","0","10","10","48.0","35","6.56","3.94","2.06",".281","57.8 %","41.0 %","22.4 %","7.50","1.52","6.14","5.10","-0.3","11713"
"Drew Anderson","Phillies","0","0","0","0","2","0","6.0","6","9.00","9.00","1.50",".294","66.0 %","44.4 %","25.0 %","7.50","2.00","6.28","5.39","-0.1","15130"
"Matt Grace","Nationals","0","1","0","4","27","0","22.2","18","7.15","3.18","1.99",".333","59.4 %","49.4 %","25.0 %","7.54","1.68","5.59","4.40","-0.3","11449"
"Tyler Thornburg","Red Sox","0","0","0","0","16","0","18.2","22","10.61","4.82","1.93",".347","60.6 %","30.2 %","15.4 %","7.71","1.66","5.31","5.18","-0.1","10688"
"Manny Banuelos","White Sox","2","4","0","0","10","6","35.0","36","9.26","5.66","2.57",".366","69.2 %","35.0 %","26.3 %","7.71","1.89","6.66","5.01","-0.4","5365"
"Chris Stratton","- - -","1","2","0","0","11","5","37.2","30","7.17","4.78","1.91",".382","65.8 %","37.5 %","17.8 %","7.88","1.99","5.88","5.39","-0.2","13761"
"Luke Gregerson","Cardinals","0","0","0","0","6","0","5.2","2","3.18","1.59","0.00",".458","58.3 %","50.0 %","0.0 %","7.94","2.12","2.94","4.62","0.1","4090"
"Dominic Leone","Cardinals","0","0","0","0","20","0","21.1","27","11.39","4.64","2.11",".345","57.1 %","35.6 %","20.8 %","8.02","1.64","5.18","4.28","-0.1","13763"
"Erik Swanson","Mariners","1","5","0","0","7","6","31.1","24","6.89","1.44","3.16",".284","43.9 %","32.4 %","23.4 %","8.04","1.44","6.63","4.92","-0.3","16587"
"Jeff Hoffman","Rockies","0","1","0","0","2","2","10.0","9","8.10","1.80","1.80",".355","49.2 %","34.4 %","14.3 %","8.10","1.50","4.52","4.58","0.1","17432"
"Jacob Rhame","Mets","0","0","0","0","3","0","3.1","2","5.40","13.50","2.70",".222","75.8 %","33.3 %","20.0 %","8.10","2.40","10.32","9.28","-0.1","15267"
"Jaime Barria","Angels","2","2","0","0","4","1","14.1","10","6.28","1.88","0.63",".442","56.4 %","35.8 %","5.3 %","8.16","1.88","3.46","5.08","0.2","18356"
"Jeanmar Gomez","Rangers","1","0","0","0","16","0","15.1","10","5.87","3.52","1.17",".389","55.2 %","53.6 %","18.2 %","8.22","1.89","4.88","4.55","0.0","9033"
"Reed Garrett","Tigers","0","0","0","0","13","0","15.1","10","5.87","7.63","1.76",".420","68.1 %","43.4 %","13.0 %","8.22","2.41","7.09","7.41","-0.3","16866"
"Michael Feliz","Pirates","2","1","0","0","12","1","12.0","16","12.00","6.75","1.50",".323","49.5 %","12.9 %","12.5 %","8.25","1.75","4.87","5.24","0.0","11903"
"Chad Sobotka","Braves","0","0","0","1","13","0","12.0","17","12.75","6.75","2.25",".345","57.7 %","46.9 %","25.0 %","8.25","1.83","6.53","5.19","-0.3","17470"
"Nick Kingham","Pirates","1","1","1","0","12","3","29.1","28","8.59","4.60","1.23",".409","58.4 %","36.6 %","10.8 %","8.28","1.94","4.51","5.15","0.1","11694"
"Bryse Wilson","Braves","0","0","0","0","2","1","4.1","4","8.31","8.31","2.08",".364","65.8 %","33.3 %","25.0 %","8.31","2.08","7.04","5.80","-0.1","19990"
"Nick Pivetta","Phillies","2","1","0","0","4","4","18.1","16","7.85","3.93","2.45",".413","66.7 %","45.5 %","26.3 %","8.35","2.13","6.39","4.82","-0.2","15454"
"Trevor Hildenberger","Twins","2","2","1","6","19","0","14.0","14","9.00","2.57","0.64",".460","59.4 %","31.4 %","6.7 %","8.36","2.00","3.33","4.44","0.3","17002"
"Dan Straily","Orioles","2","4","0","0","10","8","38.2","22","5.12","4.19","3.26",".313","68.0 %","26.9 %","18.7 %","8.38","1.89","8.16","7.15","-0.7","9460"
"Carl Edwards Jr.","Cubs","1","1","0","3","13","0","9.2","12","11.17","5.59","2.79",".190","34.1 %","16.7 %","25.0 %","8.38","1.34","6.53","4.86","-0.2","13607"
"Kevin McCarthy","Royals","1","1","0","2","9","0","8.1","3","3.24","5.40","1.08",".387","62.5 %","35.5 %","10.0 %","8.64","2.16","6.12","6.84","-0.1","15240"
"Adalberto Mejia","Twins","0","1","0","2","11","0","11.1","11","8.74","7.15","1.59",".300","46.5 %","21.9 %","12.5 %","8.74","1.76","5.85","6.25","-0.1","13188"
"Joe Kelly","Dodgers","1","2","0","4","18","0","17.1","17","8.83","3.12","2.08",".411","56.3 %","56.7 %","36.4 %","8.83","1.90","5.37","3.58","-0.2","9761"
"Edwin Jackson","Blue Jays","0","2","0","0","3","3","14.0","8","5.14","1.93","3.21",".326","50.0 %","47.1 %","27.8 %","9.00","1.64","7.69","5.50","-0.3","1841"
"Eduardo Nunez","Red Sox","0","0","0","0","1","0","1.0","0","0.00","0.00","9.00",".000","100.0 %","25.0 %","33.3 %","9.00","1.00","16.12","8.84","-0.1","6848"
"Kendrys Morales","Athletics","0","0","0","0","1","0","1.0","0","0.00","18.00","0.00",".250","75.0 %","25.0 %","0.0 %","9.00","3.00","12.12","15.93","0.0","8610"
"Chris Davis","Orioles","0","0","0","0","1","0","1.0","1","9.00","0.00","9.00",".333","100.0 %","25.0 %","50.0 %","9.00","2.00","14.12","4.93","0.0","9272"
"Aaron Altherr","Phillies","0","0","0","0","1","0","1.0","2","18.00","0.00","0.00",".667","50.0 %","33.3 %","0.0 %","9.00","2.00","-0.88","1.02","0.0","11270"
"Ryan Carpenter","Tigers","0","2","0","0","3","3","14.0","12","7.71","2.57","3.21",".295","40.0 %","38.8 %","27.8 %","9.00","1.57","6.90","4.71","-0.2","12699"
"Tom Murphy","Mariners","0","0","0","0","2","0","2.0","2","9.00","4.50","0.00",".200","0.0 %","0.0 %","0.0 %","9.00","1.00","2.62","6.43","0.0","13499"
"Kyle Zimmer","Royals","0","1","0","0","3","0","2.0","2","9.00","22.50","0.00",".333","71.4 %","33.3 %","0.0 %","9.00","3.50","8.62","9.57","-0.1","14169"
"Rowan Wick","Cubs","0","0","0","0","1","0","1.0","1","9.00","0.00","0.00",".500","50.0 %","50.0 %","0.0 %","9.00","2.00","1.12","4.93","0.0","14646"
"Kyle McGowin","Nationals","0","0","0","0","2","1","7.0","5","6.43","2.57","2.57",".292","43.5 %","56.0 %","25.0 %","9.00","1.57","6.69","5.15","-0.1","15071"
"Heath Fillmyer","Royals","0","1","0","0","4","3","15.0","7","4.20","3.00","3.00",".302","61.9 %","43.1 %","26.3 %","9.00","1.73","7.92","6.00","-0.3","17466"
"Sandy Baez","Tigers","0","0","0","0","1","0","1.0","0","0.00","0.00","0.00",".400","50.0 %","40.0 %","0.0 %","9.00","2.00","3.12","8.84","0.0","17754"
"Andrew Suarez","Giants","0","2","0","0","2","2","10.0","7","6.30","6.30","2.70",".313","50.6 %","34.3 %","27.3 %","9.00","2.00","7.72","5.91","-0.3","18300"
"Jared Walsh","Angels","0","0","0","0","1","0","1.0","0","0.00","9.00","0.00",".400","66.7 %","60.0 %","0.0 %","9.00","3.00","6.12","8.02","0.0","18607"
"Robert Stock","Padres","1","0","0","0","7","0","6.0","9","13.50","9.00","1.50",".375","43.1 %","58.8 %","20.0 %","9.00","2.17","5.28","4.70","-0.1","6576"
"Zac Reininger","Tigers","0","0","0","1","13","0","15.0","4","2.40","3.60","3.60",".339","70.8 %","37.1 %","28.6 %","9.00","2.07","8.98","6.45","-0.5","15285"
"Matt Koch","Diamondbacks","0","0","0","0","9","0","20.2","9","3.92","1.74","3.48",".300","63.4 %","35.9 %","23.5 %","9.15","1.60","8.58","6.69","-0.5","13420"
"Joe Ross","Nationals","0","0","0","2","16","0","13.2","12","7.90","5.27","1.32",".349","53.4 %","51.1 %","14.3 %","9.22","1.83","5.90","5.95","-0.2","12972"
"Mike Wright Jr.","- - -","0","1","1","0","17","0","24.1","27","9.99","4.07","2.22",".416","56.3 %","42.2 %","20.7 %","9.25","2.01","5.70","4.77","-0.2","12586"
"D.J. Johnson","Rockies","0","1","0","1","14","0","11.2","10","7.71","8.49","0.00",".385","57.1 %","41.0 %","0.0 %","9.26","2.23","4.74","6.87","0.0","12578"
"Corbin Burnes","Brewers","1","3","0","1","14","4","32.0","47","13.22","4.50","3.94",".372","63.5 %","41.6 %","42.4 %","9.28","1.84","7.37","3.64","-0.6","19361"
"Luis Avilan","Mets","1","0","0","0","11","0","10.2","11","9.28","4.22","1.69",".429","59.4 %","32.4 %","16.7 %","9.28","2.06","5.18","4.89","-0.1","2882"
"Richard Bleier","Orioles","0","0","1","1","9","0","10.2","6","5.06","1.69","1.69",".333","39.5 %","41.5 %","16.7 %","9.28","1.59","5.27","4.98","-0.1","7803"
"Wei-Yin Chen","Marlins","0","1","0","1","13","0","18.1","18","8.84","3.44","2.45",".397","60.0 %","38.1 %","20.8 %","9.33","1.91","6.17","5.12","-0.3","13071"
"Cody Anderson","Indians","0","1","0","0","5","2","8.2","9","9.35","8.31","1.04",".407","61.2 %","25.9 %","8.3 %","9.35","2.31","5.65","6.79","0.1","12799"
"Nick Burdi","Pirates","2","1","0","0","11","0","8.2","17","17.65","3.12","1.04",".526","39.7 %","20.0 %","10.0 %","9.35","1.62","1.73","2.43","0.3","16074"
"Fernando Rodney","Athletics","0","2","0","0","17","0","14.1","14","8.79","7.53","1.26",".429","58.2 %","52.3 %","16.7 %","9.42","2.23","5.49","5.27","-0.1","494"
"Ervin Santana","White Sox","0","2","0","0","3","3","13.1","5","3.38","4.05","4.05",".277","66.3 %","32.1 %","20.0 %","9.45","1.88","9.57","8.01","-0.4","3200"
"Alex Wilson","Brewers","1","1","1","1","13","0","11.1","13","10.32","7.15","2.38",".375","60.6 %","40.0 %","30.0 %","9.53","2.12","6.64","4.89","-0.3","9239"
"Shane Carle","Braves","0","0","0","0","6","0","9.1","6","5.79","8.68","2.89",".286","69.2 %","45.2 %","33.3 %","9.64","2.14","9.87","7.53","-0.4","15258"
"A.J. Minter","Braves","0","4","3","1","15","0","11.0","16","13.09","7.36","1.64",".469","60.3 %","26.5 %","15.4 %","9.82","2.36","5.02","4.91","-0.1","18655"
"Seunghwan Oh","Rockies","2","1","0","2","19","0","16.1","15","8.27","2.76","2.76",".407","56.0 %","37.3 %","23.8 %","9.92","1.96","6.18","4.65","-0.2","18719"
"Shelby Miller","Rangers","1","3","0","0","10","8","31.2","23","6.54","6.82","1.71",".343","54.5 %","36.8 %","13.0 %","9.95","2.12","6.59","6.90","-0.2","10197"
"Caleb Frare","White Sox","0","0","0","0","5","0","2.2","3","10.13","13.50","3.38",".167","65.2 %","28.6 %","25.0 %","10.13","2.25","10.24","8.23","-0.1","14353"
"Ryan Dull","Athletics","0","0","0","1","6","0","7.0","7","9.00","2.57","3.86",".480","72.5 %","33.3 %","27.3 %","10.29","2.43","7.97","5.40","-0.2","13974"
"Stephen Tarpley","Yankees","0","0","0","0","6","0","4.1","5","10.38","10.38","2.08",".417","62.5 %","46.2 %","33.3 %","10.38","2.54","7.27","5.59","-0.1","15859"
"JT Chargois","Dodgers","0","0","0","0","2","0","1.2","1","5.40","5.40","5.40",".200","62.5 %","16.7 %","50.0 %","10.80","1.80","11.52","6.00","-0.1","13767"
"Alex Cobb","Orioles","0","2","0","0","3","3","12.1","8","5.84","1.46","6.57",".293","67.3 %","46.0 %","60.0 %","10.95","1.86","11.79","4.62","-0.6","6562"
"Ryan Feierabend","Blue Jays","0","1","0","0","2","1","5.2","4","6.35","1.59","3.18",".409","54.4 %","45.8 %","22.2 %","11.12","2.12","6.82","5.26","-0.1","6336"
"Chris Flexen","Mets","0","2","0","0","2","1","5.2","1","1.59","12.71","0.00",".360","52.9 %","28.0 %","0.0 %","11.12","3.00","7.00","10.36","-0.2","13896"
"Gregory Soto","Tigers","0","2","0","0","4","4","13.2","11","7.24","4.61","2.63",".383","51.3 %","36.0 %","21.1 %","11.20","2.12","6.85","5.69","-0.1","19677"
"Tyler Lyons","Pirates","1","1","0","1","3","0","4.0","5","11.25","6.75","2.25",".455","52.6 %","27.3 %","20.0 %","11.25","2.25","6.12","5.25","-0.1","11334"
"Chad Green","Yankees","0","2","0","3","16","3","14.1","16","10.05","3.14","3.77",".419","55.1 %","44.9 %","31.6 %","11.30","2.02","8.00","5.08","-0.4","15552"
"Hunter Strickland","Mariners","0","1","2","0","3","0","2.1","3","11.57","0.00","3.86",".200","0.0 %","16.7 %","25.0 %","11.57","0.86","7.40","5.10","-0.1","7836"
"Eduardo Jimenez","Tigers","0","0","0","0","2","0","2.1","1","3.86","7.71","0.00",".400","50.0 %","50.0 %","0.0 %","11.57","2.57","4.83","5.65","0.0","19642"
"Tyler Anderson","Rockies","0","3","0","0","5","5","20.2","23","10.02","4.79","3.48",".391","51.8 %","41.4 %","34.8 %","11.76","2.13","7.52","4.61","-0.3","12880"
"Erasmo Ramirez","Red Sox","0","0","0","0","1","0","3.0","1","3.00","3.00","6.00",".200","62.5 %","45.5 %","50.0 %","12.00","1.67","13.12","6.99","-0.1","10314"
"Ryan Garton","Mariners","0","0","0","0","2","0","3.0","1","3.00","3.00","6.00",".200","45.5 %","25.0 %","28.6 %","12.00","1.67","12.12","7.90","-0.1","14016"
"Corey Oswalt","Mets","0","1","0","0","2","0","6.2","5","6.75","8.10","1.35",".364","44.1 %","40.9 %","14.3 %","12.15","2.25","6.27","6.32","-0.1","13677"
"Josh Rogers","Orioles","0","0","0","0","1","0","3.2","1","2.45","2.45","7.36",".091","55.6 %","21.4 %","37.5 %","12.27","1.36","14.84","8.37","-0.2","18510"
"Brian Johnson","Red Sox","1","0","0","0","4","0","5.2","7","11.12","4.76","4.76",".412","56.8 %","30.0 %","27.3 %","12.71","2.29","9.12","5.93","-0.2","14272"
"Matt Wotherspoon","Orioles","0","0","0","0","1","0","2.0","0","0.00","4.50","4.50",".375","55.6 %","22.2 %","50.0 %","13.50","2.50","11.12","6.52","-0.1","16452"
"Sean Reid-Foley","Blue Jays","0","1","0","0","1","1","2.0","3","13.50","9.00","4.50",".429","35.7 %","37.5 %","33.3 %","13.50","3.00","11.12","7.48","-0.1","17034"
"Mitch Keller","Pirates","0","1","0","0","1","1","4.0","7","15.75","4.50","2.25",".545","39.5 %","16.7 %","20.0 %","13.50","2.25","4.37","3.50","0.0","17594"
"Tyler Beede","Giants","0","1","0","0","3","1","6.2","10","13.50","10.80","2.70",".522","57.3 %","44.0 %","25.0 %","13.50","3.30","7.62","6.00","-0.2","16981"
"Jake Jewell","Angels","0","0","0","1","4","0","4.2","5","9.64","5.79","5.79",".308","58.8 %","68.8 %","75.0 %","13.50","2.14","11.90","5.18","-0.3","16958"
"Dan Jennings","Nationals","1","2","0","0","8","0","4.2","9","17.36","13.50","1.93",".500","54.8 %","50.0 %","50.0 %","13.50","3.21","7.19","5.22","-0.1","8073"
"Parker Markel","Mariners","0","0","0","0","4","0","3.2","3","7.36","7.36","4.91",".500","58.8 %","25.0 %","33.3 %","14.73","3.27","11.84","7.87","-0.2","12106"
"Jake Barrett","Yankees","0","0","0","0","2","0","3.2","4","9.82","4.91","4.91",".364","38.5 %","7.7 %","25.0 %","14.73","2.18","9.66","6.73","-0.1","13322"
"Drew VerHagen","Tigers","1","0","0","1","10","0","6.0","7","10.50","15.00","1.50",".474","53.8 %","45.0 %","20.0 %","15.00","3.33","7.95","7.37","-0.2","13424"
"Alex Reyes","Cardinals","0","1","0","2","4","0","3.0","1","3.00","18.00","3.00",".111","45.5 %","30.0 %","20.0 %","15.00","2.67","12.78","11.63","-0.3","15015"
"Pat Venditte","Giants","0","0","0","0","2","0","3.1","2","5.40","5.40","2.70",".273","39.5 %","36.4 %","16.7 %","16.20","1.80","10.32","9.85","-0.1","7108"
"Austin Adams","Twins","0","0","0","0","2","0","2.2","5","16.88","10.13","6.75",".400","47.6 %","42.9 %","50.0 %","16.88","2.63","12.49","5.60","-0.1","7411"
"Jose Fernandez","Tigers","0","0","0","0","4","0","3.2","2","4.91","12.27","2.45",".357","37.7 %","20.0 %","10.0 %","17.18","3.00","10.48","12.13","-0.2","14733"
"Jonny Venters","Braves","0","0","1","1","9","0","4.2","7","13.50","15.43","5.79",".462","31.3 %","50.0 %","42.9 %","17.36","3.64","13.62","8.12","-0.4","7175"
"Hanser Alberto","Orioles","0","0","0","0","1","0","1.0","0","0.00","18.00","9.00",".000","76.9 %","25.0 %","33.3 %","18.00","3.00","25.12","17.84","-0.1","11902"
"Victor Caratini","Cubs","0","0","0","0","1","0","1.0","0","0.00","9.00","9.00",".250","62.5 %","20.0 %","33.3 %","18.00","3.00","19.12","11.84","-0.1","14968"
"Brandon Dixon","Tigers","0","0","0","0","1","0","1.0","1","9.00","0.00","9.00",".000","0.0 %","33.3 %","100.0 %","18.00","1.00","17.12","6.02","-0.1","15214"
"Bobby Poyner","Red Sox","0","0","0","0","2","0","1.0","0","0.00","18.00","0.00",".600","60.0 %","0.0 %","0.0 %","18.00","5.00","9.12","12.93","0.0","17987"
"Brock Stewart","Dodgers","0","0","0","0","3","0","4.0","3","6.75","4.50","4.50",".500","36.6 %","43.8 %","25.0 %","18.00","2.75","9.62","6.93","-0.1","16727"
"Gerardo Reyes","Padres","2","0","0","1","7","0","5.0","7","12.60","9.00","0.00",".500","28.6 %","50.0 %","0.0 %","18.00","2.60","3.92","5.82","0.0","16306"
"Ty Blach","Giants","0","0","0","0","1","0","3.1","1","2.70","8.10","5.40",".357","41.7 %","31.3 %","22.2 %","18.90","3.00","13.02","10.36","-0.2","14361"
"Dovydas Neverauskas","Pirates","0","0","0","1","5","0","3.1","3","8.10","10.80","0.00",".467","41.7 %","40.0 %","0.0 %","18.90","3.30","5.82","8.68","0.0","11604"
"Jay Jackson","Brewers","0","0","0","0","3","0","2.1","3","11.57","3.86","7.71",".286","31.3 %","33.3 %","66.7 %","19.29","2.14","14.26","5.57","-0.2","7432"
"Ruben Alaniz","Mariners","0","0","0","0","4","0","4.0","6","13.50","6.75","6.75",".615","40.8 %","43.8 %","50.0 %","20.25","3.50","12.12","5.23","-0.2","10819"
"Chris Owings","Royals","0","0","0","0","1","0","1.2","0","0.00","5.40","10.80",".444","71.4 %","9.1 %","40.0 %","21.60","4.20","20.52","10.64","-0.1","10030"
"John Ryan Murphy","Diamondbacks","0","0","0","0","2","0","3.0","0","0.00","9.00","9.00",".438","45.5 %","10.5 %","27.3 %","27.00","4.33","19.12","13.11","-0.2","10346"
"Ben Lively","Royals","0","0","0","0","1","0","1.0","1","9.00","0.00","9.00",".500","0.0 %","20.0 %","50.0 %","27.00","3.00","14.12","4.93","-0.1","14932"
"Andrew Vasquez","Twins","0","0","0","0","1","0","0.0","0","0.00","18.00","0.00",".000","0.0 %","0.0 %","0.0 %","27.00","2.00","12.12","12.12","0.0","19482"
"Nick Rumbelow","Mariners","0","0","1","0","3","0","1.1","2","13.50","6.75","13.50",".250","0.0 %","16.7 %","66.7 %","27.00","3.00","21.87","6.66","-0.3","14867"
"Pedro Araujo","Orioles","0","0","0","0","1","0","0.2","0","0.00","13.50","13.50",".500","62.5 %","66.7 %","100.0 %","27.00","4.50","27.12","10.48","-0.1","17697"
"Trevor Rosenthal","Nationals","0","1","0","0","7","0","3.0","3","9.00","27.00","0.00",".538","36.8 %","30.8 %","0.0 %","36.00","5.33","13.12","15.66","-0.3","10745"
"Chase De Jong","Twins","0","0","0","0","1","0","1.0","0","0.00","27.00","9.00",".400","43.5 %","16.7 %","33.3 %","36.00","6.00","25.12","17.84","-0.1","15036"
"Dylan Moore","Mariners","0","0","0","0","1","0","1.0","0","0.00","18.00","0.00",".625","42.9 %","37.5 %","0.0 %","36.00","7.00","9.12","12.93","0.0","18042"
"Dan Altavilla","Mariners","0","0","0","0","2","0","0.2","0","0.00","67.50","0.00",".500","57.1 %","100.0 %","0.0 %","40.50","10.50","25.62","25.62","-0.2","16507"
"James Bourque","Nationals","0","0","0","0","1","0","0.2","0","0.00","27.00","0.00",".750","20.0 %","75.0 %","0.0 %","54.00","7.50","12.12","14.98","0.0","16668"
"Taylor Hearn","Rangers","0","1","0","0","1","1","0.1","0","0.00","108.00","0.00",".750","28.6 %","50.0 %","0.0 %","108.00","21.00","39.12","44.84","-0.1","18325"
"Austen Williams","Nationals","0","0","0","0","2","0","0.1","1","27.00","27.00","54.00","1.000","0.0 %","40.0 %","100.0 %","162.00","18.00","84.12","17.56","-0.2","16309"
