"Name","Team","G","PA","AB","H","2B","3B","HR","R","RBI","BB","SO","HBP","SB","CS","AVG","OBP","SLG","OPS","wOBA","Fld","BsR","WAR","playerid"
"Mike Trout","Angels","58","242","190","57","11","1","16","44","40","45","48","4","7","2",".300",".442",".625","1.067",".431","0.3","1.2","3.4","10155"
"Christian Yelich","Brewers","54","228","196","60","12","2","12","38","35","28","46","2","8","2",".308",".399",".574",".973",".399","0.8","1.2","2.0","11477"
"Cody Bellinger","Dodgers","53","223","192","55","10","2","14","35","38","29","46","1","5","2",".286",".379",".575",".954",".387","2.3","0.4","2.0","15998"
"Juan Soto","Nationals","57","240","202","59","11","2","11","36","38","35","49","1","3","1",".290",".393",".529",".922",".384","-2.1","0.1","1.4","20123"
"J.D. Martinez","Red Sox","56","235","208","62","13","1","14","36","41","24","54","1","1","0",".297",".369",".563",".932",".382","0.0","-0.7","1.3","6184"
"Freddie Freeman","Braves","58","245","211","63","14","1","12","36","38","29","49","3","3","1",".297",".386",".538",".925",".382","0.8","0.1","1.5","5361"
"Giancarlo Stanton","Yankees","26","108","94","25","4","0","8","17","21","12","33","1","1","0",".265",".353",".578",".931",".380","0.5","0.0","0.8","4949"
"Kris Bryant","Cubs","55","233","198","56","13","1","11","37","31","28","51","6","2","1",".282",".384",".523",".907",".380","0.0","0.7","1.8","15429"
"Aaron Judge","Yankees","50","211","174","46","7","0","13","34","32","33","66","2","2","1",".264",".383",".529",".912",".379","2.6","0.1","1.8","15640"
"Anthony Rizzo","Cubs","59","249","210","60","13","1","12","35","39","29","36","8","3","1",".284",".389",".519",".907",".378","1.8","-0.6","1.6","3473"
"Mookie Betts","Red Sox","57","240","205","61","14","2","10","42","31","30","33","1","8","2",".295",".386",".520",".906",".378","4.9","1.6","2.2","13611"
"Nolan Arenado","Rockies","59","249","222","65","14","1","14","38","44","24","40","1","1","1",".294",".363",".559",".923",".377","2.9","-0.1","1.7","9777"
"Bryce Harper","Phillies","59","246","201","52","12","0","13","37","38","42","62","2","4","2",".258",".388",".521",".908",".376","0.2","0.1","1.6","11579"
"Anthony Rendon","Nationals","56","237","207","61","15","1","10","35","37","25","35","3","1","1",".293",".377",".522",".898",".373","1.9","0.4","1.9","12861"
"Alex Bregman","Astros","57","238","201","55","13","1","11","37","34","32","33","3","3","1",".274",".378",".509",".887",".372","-0.5","0.2","2.0","17678"
"Charlie Blackmon","Rockies","54","226","203","61","11","3","10","38","28","16","42","3","3","2",".300",".359",".533",".892",".370","-1.3","0.1","0.8","7859"
"Josh Donaldson","Braves","49","206","174","46","10","0","11","30","30","29","47","2","2","1",".262",".371",".508",".879",".369","0.7","-0.1","1.5","5038"
"Nelson Cruz","Twins","55","229","201","55","9","0","14","32","41","23","54","4","0","0",".273",".357",".533",".891",".369","0.0","-0.9","1.0","2434"
"Rhys Hoskins","Phillies","58","244","204","52","11","1","13","34","39","34","57","3","1","1",".253",".367",".509",".876",".367","0.0","0.1","1.2","16472"
"Joey Gallo","Rangers","43","181","151","34","7","1","13","28","29","27","67","2","2","1",".225",".349",".542",".891",".366","0.1","0.5","1.2","14128"
"Shohei Ohtani","Angels","51","214","190","53","10","1","12","31","35","21","58","1","5","2",".280",".351",".524",".875",".363","0.0","0.3","1.1","19755"
"Justin Turner","Dodgers","53","221","192","56","12","0","8","31","28","21","32","6","1","0",".291",".376",".480",".855",".362","-0.2","-0.1","1.5","5235"
"Ronald Acuna Jr.","Braves","55","232","206","58","10","1","11","35","30","22","57","3","9","3",".283",".357",".507",".864",".362","0.4","0.7","1.5","18401"
"Joey Votto","Reds","58","244","202","56","11","1","7","32","27","37","44","2","1","0",".276",".393",".450",".843",".360","0.5","-1.0","0.9","4314"
"George Springer","Astros","48","200","173","47","8","1","10","32","27","22","42","3","3","1",".271",".360",".496",".855",".360","-0.5","0.1","1.3","12856"
"Trevor Story","Rockies","57","239","215","59","14","2","13","36","37","19","66","2","8","2",".274",".336",".534",".871",".359","0.7","0.7","1.3","12564"
"Francisco Lindor","Indians","60","250","223","64","14","1","11","39","32","22","37","2","8","2",".289",".355",".511",".867",".359","3.6","0.6","2.2","12916"
"Xander Bogaerts","Red Sox","57","240","212","61","15","1","9","35","35","24","43","2","3","1",".290",".365",".489",".855",".359","-0.7","0.7","1.7","12161"
"Edwin Encarnacion","Yankees","51","213","182","44","7","0","14","32","37","27","47","2","1","0",".244",".346",".514",".861",".358","0.0","-0.8","0.8","2151"
"Paul Goldschmidt","Cardinals","60","250","213","57","10","1","11","35","34","33","62","2","3","1",".268",".370",".481",".851",".357","1.1","0.4","1.2","9218"
"Jose Ramirez","Indians","59","248","216","60","15","1","10","36","34","28","30","2","11","3",".276",".360",".493",".854",".356","1.1","1.6","1.8","13510"
"Joc Pederson","Dodgers","41","173","149","37","7","1","10","26","25","20","38","3","1","1",".246",".344",".512",".856",".356","0.0","0.0","0.9","11899"
"Carlos Santana","Indians","58","245","204","52","11","1","10","33","33","38","37","1","2","0",".256",".374",".468",".842",".355","0.3","-0.1","1.0","2396"
"Peter Alonso","Mets","56","237","206","51","11","1","14","33","36","24","60","5","1","1",".249",".340",".513",".853",".355","0.6","-0.1","1.1","19251"
"Daniel Murphy","Rockies","48","200","182","55","13","1","7","26","31","14","26","1","1","0",".302",".354",".498",".852",".355","-0.6","-0.2","0.3","4316"
"Rafael Devers","Red Sox","52","217","198","57","13","1","10","32","34","16","43","1","3","2",".289",".344",".516",".860",".355","-1.1","0.2","1.2","17350"
"Josh Bell","Pirates","60","250","218","59","13","2","10","33","37","30","48","1","1","1",".273",".360",".491",".851",".354","-1.9","-0.9","0.7","13145"
"Manny Machado","Padres","60","250","224","62","12","1","13","34","37","24","44","1","3","1",".276",".346",".510",".856",".354","1.6","-0.1","1.7","11493"
"Jose Altuve","Astros","52","218","196","59","11","1","7","31","27","18","30","2","6","2",".300",".363",".476",".839",".353","-1.2","0.2","1.4","5417"
"Yasmani Grandal","Brewers","43","182","153","38","7","1","9","23","26","26","43","1","1","0",".247",".357",".480",".837",".353","0.0","-0.8","1.6","11368"
"Max Muncy","Dodgers","51","216","182","45","8","1","11","31","31","30","56","2","1","1",".248",".355",".484",".839",".352","0.0","0.2","1.1","13301"
"Carlos Correa","Astros","42","178","156","42","9","1","8","24","28","20","40","1","1","0",".270",".353",".485",".838",".351","-0.7","0.2","1.3","14162"
"Matt Chapman","Athletics","56","236","208","53","13","2","11","34","32","23","57","2","1","1",".257",".337",".501",".838",".350","3.6","0.3","1.9","16505"
"Vladimir Guerrero Jr.","Blue Jays","50","208","185","53","11","0","8","28","27","19","31","2","1","1",".286",".355",".475",".830",".350","-1.6","-0.3","1.1","19611"
"Mike Moustakas","Brewers","46","193","175","46","9","0","11","26","31","15","32","2","1","0",".265",".327",".518",".845",".349","0.0","-0.5","1.0","4892"
"Eugenio Suarez","Reds","58","244","213","55","10","1","13","32","37","25","62","3","1","1",".258",".343",".492",".835",".348","0.0","-0.5","1.2","12552"
"Ketel Marte","Diamondbacks","56","235","212","62","12","3","7","31","27","19","33","1","3","1",".291",".351",".479",".830",".348","1.4","0.3","1.4","13613"
"Luke Voit","Yankees","53","221","192","50","9","1","10","30","31","24","56","3","0","0",".261",".351",".469",".820",".347","-0.9","-0.1","0.7","14811"
"Michael Brantley","Astros","50","211","190","56","12","1","6","28","28","17","23","2","3","1",".295",".356",".464",".820",".347","-0.2","0.2","1.0","4106"
"Michael Conforto","Mets","55","229","195","49","10","0","11","30","32","29","57","3","2","1",".249",".352",".472",".824",".346","-0.4","0.3","1.2","16376"
"Yasiel Puig","Reds","53","222","200","53","10","1","12","29","34","19","47","2","6","3",".267",".334",".498",".832",".346","0.9","-0.2","0.9","14225"
"Matt Olson","Athletics","48","200","175","43","9","0","11","27","30","22","51","2","0","0",".246",".335",".496",".831",".346","2.0","-0.2","1.0","14344"
"Marcell Ozuna","Cardinals","49","206","187","52","9","1","10","27","33","16","41","1","2","1",".279",".337",".491",".828",".346","0.8","0.1","0.9","10324"
"Shin-Soo Choo","Rangers","51","213","181","47","9","1","8","30","22","25","50","4","3","1",".262",".363",".444",".807",".345","-1.2","0.0","0.5","3174"
"Yordan Alvarez","Astros","51","216","193","51","10","0","11","29","34","20","58","1","2","1",".266",".337",".497",".834",".345","0.0","0.1","0.8","19556"
"Gleyber Torres","Yankees","55","229","204","55","9","1","11","30","33","21","53","2","3","2",".271",".342",".479",".821",".344","-2.0","-0.2","1.1","16997"
"Tommy Pham","Rays","50","209","179","47","8","1","8","29","24","26","50","2","5","2",".261",".359",".448",".807",".344","1.6","0.5","1.2","2967"
"Nicholas Castellanos","Tigers","61","257","234","65","17","2","10","32","33","19","58","2","1","1",".279",".335",".490",".825",".344","-3.0","-0.3","0.7","11737"
"Eloy Jimenez","White Sox","52","218","200","55","9","1","11","27","30","15","49","1","0","0",".275",".327",".501",".828",".344","-1.0","0.0","0.8","17484"
"Matt Carpenter","Cardinals","50","211","176","43","10","1","8","30","23","30","50","2","2","1",".242",".359",".451",".810",".343","-1.7","0.0","0.9","8090"
"Jesse Winker","Reds","44","185","160","44","8","1","6","23","21","21","30","2","1","1",".273",".361",".444",".805",".342","-1.0","-0.4","0.5","13590"
"Andrew Benintendi","Red Sox","52","219","192","53","13","2","6","30","27","23","41","2","6","2",".276",".356",".451",".807",".342","0.6","0.6","0.9","17901"
"Corey Seager","Dodgers","52","218","193","54","13","1","7","29","29","21","41","2","1","0",".279",".352",".459",".811",".342","0.9","0.5","1.4","13624"
"David Peralta","Diamondbacks","49","206","187","52","11","1","7","25","27","16","42","2","1","0",".281",".343",".471",".814",".341","0.7","0.1","0.7","2136"
"Javier Baez","Cubs","59","246","230","64","13","2","13","35","39","12","67","2","6","3",".276",".315",".518",".833",".341","0.5","0.6","1.4","12979"
"Daniel Vogelbach","Mariners","52","219","185","45","8","0","10","28","30","31","50","1","0","0",".241",".352",".448",".800",".341","0.0","-0.2","0.8","14130"
"C.J. Cron","Twins","40","169","153","41","9","0","8","21","26","11","37","3","0","0",".265",".325",".494",".819",".341","0.0","-0.4","0.5","12546"
"Willson Contreras","Cubs","40","166","144","38","8","1","6","20","23","17","38","3","1","1",".262",".349",".457",".805",".341","-0.1","-0.5","0.7","11609"
"David Dahl","Rockies","53","223","204","56","12","2","9","30","33","15","59","1","4","2",".277",".327",".492",".820",".340","0.3","0.1","0.5","13744"
"Alex Dickerson","Giants","41","171","155","43","10","2","5","22","23","13","34","2","1","0",".281",".343",".472",".815",".340","-0.7","0.0","0.6","12649"
"Kyle Schwarber","Cubs","51","215","183","43","8","1","12","30","29","28","61","1","1","1",".237",".339",".484",".823",".340","0.0","0.1","0.7","16478"
"Aaron Hicks","Yankees","48","200","172","43","8","1","9","28","27","26","44","1","3","1",".248",".347",".455",".801",".340","0.3","0.3","1.1","5297"
"Eric Thames","Brewers","28","116","100","24","5","1","6","16","16","14","37","2","2","0",".237",".338",".478",".816",".340","-0.6","0.0","0.3","3711"
"Jose Abreu","White Sox","61","256","234","65","14","1","12","31","39","15","53","5","1","1",".275",".329",".491",".820",".340","-0.8","-0.6","0.7","15676"
"Adam Eaton","Nationals","53","224","196","56","10","2","4","31","19","21","37","4","5","2",".288",".367",".421",".787",".340","1.9","0.5","0.9","11205"
"Jorge Soler","Royals","56","235","205","51","11","0","12","28","32","24","67","3","1","1",".249",".335",".471",".806",".340","-0.3","-0.2","0.6","14221"
"Max Kepler","Twins","55","232","205","53","13","1","10","32","30","23","40","2","2","2",".257",".335",".474",".809",".340","3.1","0.1","1.2","12144"
"Gary Sanchez","Yankees","39","165","147","35","6","0","10","23","29","14","43","2","1","0",".241",".316",".502",".818",".339","-1.2","-0.1","0.9","11442"
"Justin Smoak","Blue Jays","54","226","192","45","9","0","11","28","31","30","55","2","0","0",".235",".342",".456",".798",".338","0.3","-0.8","0.6","9054"
"Jeff McNeil","Mets","54","227","206","60","12","2","5","29","23","14","30","5","4","2",".293",".350",".448",".797",".338","-0.9","0.3","0.9","15362"
"Khris Davis","Athletics","55","233","207","50","9","0","14","32","39","22","65","3","0","0",".243",".321",".493",".814",".338","0.0","-0.6","0.6","9112"
"Brandon Belt","Giants","49","206","174","44","10","1","6","26","22","28","47","2","2","1",".250",".358",".433",".791",".338","1.5","0.0","0.7","10264"
"Miguel Sano","Twins","52","219","190","44","9","1","12","30","33","26","80","1","0","0",".232",".324",".482",".806",".337","-0.8","-0.4","0.8","12164"
"Franmil Reyes","Padres","51","214","191","49","7","0","12","28","30","19","57","1","0","0",".254",".322",".488",".810",".336","-0.6","-0.1","0.6","14566"
"Howie Kendrick","Nationals","38","161","146","43","8","0","5","20","21","11","27","2","2","1",".292",".345",".450",".795",".336","-0.8","-0.2","0.5","4229"
"Ryan Braun","Brewers","41","173","157","42","9","1","8","23","25","13","36","2","4","1",".268",".328",".479",".807",".336","-0.5","-0.2","0.4","3410"
"Eddie Rosario","Twins","56","235","221","62","12","1","11","33","36","11","40","0","3","1",".282",".317",".495",".812",".336","1.1","0.6","1.0","12155"
"Trea Turner","Nationals","55","232","209","59","12","3","6","34","24","19","46","1","15","3",".281",".343",".453",".796",".336","-0.4","2.0","1.3","16252"
"Eduardo Escobar","Diamondbacks","53","222","201","54","12","3","9","28","32","17","44","2","1","1",".268",".326",".483",".809",".335","0.2","0.1","0.9","6153"
"Wilmer Flores","Diamondbacks","26","111","103","29","7","0","4","13","16","7","13","1","0","0",".283",".332",".467",".799",".335","-0.5","-0.4","0.3","5827"
"Yonder Alonso","Rockies","17","73","64","17","3","0","3","9","10","8","15","0","0","0",".259",".342",".450",".792",".335","-0.1","-0.2","0.1","2530"
"Jose Martinez","Cardinals","42","178","160","45","8","0","5","21","23","16","33","1","1","0",".283",".347",".439",".786",".335","-0.9","-0.2","0.5","7996"
"Miguel Cabrera","Tigers","51","213","188","52","10","0","6","22","26","22","43","1","0","0",".278",".356",".435",".791",".334","0.0","-1.2","0.4","1744"
"Trey Mancini","Orioles","58","242","221","59","11","1","11","31","31","17","58","2","1","0",".267",".324",".475",".800",".334","-1.7","0.0","0.5","15149"
"J.T. Realmuto","Phillies","47","199","181","49","11","1","8","26","28","13","43","3","2","1",".270",".327",".471",".798",".334","1.5","0.4","1.4","11739"
"Derek Dietrich","Reds","52","220","192","47","10","1","9","28","28","16","54","11","1","0",".244",".335",".456",".791",".334","-1.4","0.0","0.5","10542"
"Starling Marte","Pirates","56","237","218","62","12","2","8","32","30","11","42","5","11","4",".283",".331",".462",".793",".333","0.6","0.7","1.2","9241"
"Jesus Aguilar","Brewers","35","145","128","32","6","0","7","18","23","14","37","1","0","0",".248",".329",".463",".792",".333","0.2","-0.2","0.3","11342"
"Jorge Polanco","Twins","56","235","212","60","12","2","6","30","27","18","38","1","4","2",".282",".339",".449",".788",".333","-1.6","0.0","1.1","13152"
"Mitch Haniger","Mariners","38","158","138","35","7","1","6","21","19","15","39","2","2","1",".251",".333",".453",".786",".332","0.2","0.0","0.8","14274"
"Ozzie Albies","Braves","56","237","217","60","13","2","8","32","28","16","40","2","5","1",".277",".328",".461",".789",".331","2.0","0.9","1.2","16556"
"Nathaniel Lowe","Rays","30","128","113","30","6","0","5","16","16","12","29","1","0","0",".262",".338",".443",".781",".331","0.0","0.0","0.3","19566"
"Mark Canha","Athletics","26","110","97","23","5","0","5","15","14","10","25","3","1","0",".243",".329",".454",".783",".331","-0.1","-0.1","0.3","11445"
"Yuli Gurriel","Astros","52","218","203","58","13","1","8","28","32","10","26","2","2","1",".283",".322",".468",".790",".331","-0.9","-0.4","0.5","19198"
"Corey Dickerson","Pirates","33","140","130","37","10","1","5","17","17","8","26","1","1","1",".281",".325",".476",".800",".331","0.6","-0.2","0.4","10762"
"Mitch Garver","Twins","23","97","86","22","5","0","4","13","13","9","24","1","0","0",".254",".331",".451",".782",".330","-0.4","-0.1","0.4","15161"
"DJ LeMahieu","Yankees","54","227","205","59","10","1","6","32","25","17","34","1","3","1",".287",".345",".428",".772",".330","1.7","-0.2","1.1","9874"
"Nick Senzel","Reds","53","222","200","54","12","2","6","29","24","19","53","1","6","3",".268",".334",".447",".780",".330","0.1","0.2","0.8","19293"
"Justin Upton","Angels","53","222","195","47","9","0","11","29","32","23","67","2","3","1",".241",".326",".456",".782",".329","-0.4","0.4","0.7","5222"
"Jake Lamb","Diamondbacks","39","163","140","33","8","1","6","20","22","20","44","2","1","1",".239",".341",".436",".777",".329","0.2","0.2","0.5","13329"
"Hunter Renfroe","Padres","55","233","214","53","11","1","14","29","36","15","62","2","2","1",".248",".300",".500",".800",".329","1.0","0.0","0.7","15464"
"Austin Meadows","Rays","45","190","172","46","10","2","7","24","23","14","41","2","5","2",".265",".325",".463",".788",".329","0.1","0.3","0.7","15672"
"Ryan Zimmerman","Nationals","23","96","87","23","5","0","4","12","14","8","20","1","0","0",".260",".323",".460",".783",".329","-0.3","-0.1","0.1","4220"
"Keston Hiura","Brewers","50","208","190","51","10","2","7","24","25","12","54","4","5","3",".269",".324",".459",".783",".328","-1.0","-0.3","0.6","20003"
"Brian Dozier","Nationals","48","200","175","43","10","1","8","26","25","21","43","2","3","1",".244",".330",".447",".777",".328","-0.6","0.4","0.7","9810"
"Matt Adams","Nationals","35","146","133","33","7","0","8","18","25","10","38","1","0","0",".250",".305",".487",".792",".328","0.7","-0.1","0.3","9393"
"Domingo Santana","Mariners","49","204","179","45","8","0","8","24","26","22","67","2","3","1",".248",".333",".439",".772",".327","-1.7","0.1","0.5","10348"
"Yoan Moncada","White Sox","58","242","214","54","10","2","9","31","27","24","73","2","6","2",".253",".331",".442",".773",".327","0.0","0.6","1.1","17232"
"Whit Merrifield","Royals","56","237","216","62","13","2","5","31","23","16","40","2","10","3",".285",".338",".436",".774",".327","0.9","0.9","0.9","11281"
"Buster Posey","Giants","39","162","144","40","9","0","3","18","18","15","22","2","1","0",".279",".353",".413",".765",".327","1.7","-0.5","1.2","9166"
"Paul DeJong","Cardinals","58","245","221","56","12","1","10","32","33","18","57","4","2","1",".255",".321",".458",".779",".327","1.4","0.0","1.2","18015"
"Evan Gattis","","33","140","127","31","6","0","8","17","21","10","31","1","1","0",".248",".308",".480",".788",".327","0.0","-0.5","0.1","11003"
"Stephen Piscotty","Athletics","45","188","167","43","10","1","7","23","24","17","39","2","1","1",".256",".329",".441",".771",".327","0.3","-0.3","0.6","13367"
"David Freese","Dodgers","25","105","93","24","5","0","4","13","14","10","27","2","0","0",".255",".338",".427",".765",".326","0.1","-0.4","0.3","9549"
"Didi Gregorius","Yankees","55","229","212","57","10","1","9","30","33","14","31","2","3","1",".271",".320",".459",".779",".326","0.3","0.3","1.1","6012"
"Marwin Gonzalez","Twins","50","211","189","50","10","1","7","25","26","17","45","2","2","1",".265",".331",".439",".770",".326","0.9","-0.2","0.7","5497"
"Eric Hosmer","Padres","60","250","225","61","11","1","8","30","32","22","49","1","2","1",".272",".336",".437",".773",".326","0.1","-0.5","0.4","3516"
"Jay Bruce","Phillies","45","187","168","40","9","0","11","23","29","16","45","1","1","1",".237",".304",".485",".789",".326","-0.8","-0.2","0.3","9892"
"Alex Verdugo","Dodgers","45","187","169","48","9","1","5","22","21","14","24","1","2","1",".281",".336",".434",".770",".326","0.5","0.2","0.6","17027"
"Fernando Tatis Jr.","Padres","56","237","213","54","9","3","10","32","27","19","73","3","9","3",".254",".321",".454",".776",".326","-0.4","0.5","1.1","19709"
"Nick Markakis","Braves","56","235","208","58","12","1","5","27","28","23","32","1","1","0",".279",".352",".411",".763",".326","-1.5","-0.5","0.2","5930"
"Logan Morrison","Phillies","3","11","10","2","0","0","1","1","2","1","3","0","0","0",".230",".315",".461",".775",".325","0.0","0.0","0.0","9205"
"Asdrubal Cabrera","Rangers","52","218","195","51","11","0","7","26","28","19","44","2","1","0",".262",".329",".440",".768",".325","-1.0","-0.4","0.6","4962"
"Nomar Mazara","Rangers","52","218","198","52","10","1","9","27","31","16","47","2","1","1",".262",".322",".452",".774",".325","-0.4","-0.2","0.3","14553"
"Yandy Diaz","Rays","43","180","156","42","8","1","3","22","17","21","35","1","1","1",".269",".356",".392",".748",".325","-0.4","-0.2","0.7","16578"
"Clint Frazier","Yankees","15","61","54","14","3","0","3","8","8","5","17","1","1","0",".251",".318",".456",".773",".324","-0.7","0.0","0.1","15983"
"Mitch Moreland","Red Sox","39","163","145","35","8","0","7","20","24","16","38","1","1","0",".242",".320",".454",".773",".324","0.7","-0.4","0.3","3086"
"Matt Joyce","Braves","11","48","41","10","2","0","2","6","5","6","11","0","0","0",".237",".340",".416",".756",".324","-0.1","0.0","0.1","3353"
"Ryan McMahon","Rockies","51","215","195","52","11","1","7","25","27","18","59","1","2","1",".266",".328",".440",".769",".324","0.0","0.2","0.3","15112"
"Willie Calhoun","Rangers","26","109","100","27","5","0","4","13","14","7","16","1","1","0",".268",".322",".450",".772",".324","-0.5","0.0","0.1","17838"
"Jason Heyward","Cubs","53","223","197","53","9","2","6","27","26","22","35","1","2","1",".266",".341",".420",".761",".324","2.5","0.5","0.8","4940"
"Brandon Nimmo","Mets","35","145","120","28","6","1","4","18","13","20","39","3","2","1",".233",".354",".389",".743",".324","-1.2","0.1","0.4","12927"
"Ian Desmond","Rockies","41","173","157","41","8","1","6","22","24","13","43","1","4","1",".263",".322",".445",".767",".324","-1.1","0.3","0.1","6885"
"Travis Shaw","Brewers","32","134","116","27","6","0","6","16","18","15","32","1","1","0",".235",".328",".441",".769",".324","0.2","-0.1","0.3","11982"
"Lorenzo Cain","Brewers","52","218","194","54","10","1","4","29","19","19","37","2","7","2",".277",".346",".405",".751",".324","2.6","0.7","1.0","9077"
"Gregory Polanco","Pirates","36","150","134","34","8","1","5","19","19","14","34","1","3","1",".252",".325",".447",".772",".323","0.3","0.3","0.4","12907"
"Ramon Laureano","Athletics","53","221","199","51","11","1","8","29","27","16","60","3","7","2",".257",".321",".444",".765",".323","1.1","0.8","1.1","17128"
"Marcus Semien","Athletics","54","228","203","53","11","1","7","31","24","22","41","0","4","2",".259",".330",".431",".761",".323","-0.3","0.2","1.1","12533"
"Brandon Lowe","Rays","35","145","130","32","7","1","6","18","19","13","41","1","2","1",".249",".321",".444",".765",".323","-0.1","0.2","0.5","18882"
"Justin Bour","Angels","18","74","65","15","3","0","4","9","11","8","19","0","0","0",".235",".324",".446",".770",".323","0.0","-0.3","0.1","9744"
"Ji-Man Choi","Rays","36","150","130","32","6","0","5","17","18","18","37","1","1","1",".244",".339",".413",".752",".322","-0.3","-0.2","0.2","5452"
"Jonathan Schoop","Twins","46","195","182","48","10","0","9","25","28","8","46","3","1","0",".262",".305",".469",".773",".322","-0.5","-0.3","0.6","11265"
"Christian Walker","Diamondbacks","50","212","191","47","11","1","9","26","29","17","59","2","2","1",".247",".314",".455",".769",".322","0.5","0.2","0.3","13419"
"Chris Iannetta","Rockies","23","98","84","20","5","0","4","11","12","12","27","1","0","0",".234",".337",".421",".757",".322","-0.5","-0.4","0.1","8267"
"Bryan Reynolds","Pirates","51","216","194","53","11","2","5","26","23","18","49","2","2","1",".272",".337",".415",".753",".322","-0.3","0.0","0.4","19326"
"Hunter Pence","Rangers","41","174","159","42","8","1","6","22","25","12","39","1","2","1",".266",".318",".446",".764",".321","-0.1","0.2","0.1","8252"
"Enrique Hernandez","Dodgers","38","158","140","34","7","1","7","20","20","15","33","1","1","0",".244",".322",".443",".765",".321","0.0","0.4","0.6","10472"
"Garrett Cooper","Marlins","55","230","208","55","11","1","7","27","27","18","54","3","0","0",".266",".329",".425",".754",".321","0.8","-0.2","0.5","15279"
"Mark Trumbo","Orioles","10","40","36","9","2","0","2","5","6","3","10","0","0","0",".246",".304",".463",".768",".321","0.0","-0.1","0.0","6876"
"Jung Ho Kang","Pirates","21","88","79","19","4","0","4","10","12","7","23","2","1","0",".243",".314",".445",".760",".321","-0.2","-0.1","0.3","17182"
"Robbie Grossman","Athletics","23","95","82","21","5","0","2","11","9","12","17","0","1","1",".253",".352",".383",".735",".321","-0.5","-0.2","0.2","5254"
"A.J. Pollock","Dodgers","46","195","177","46","9","1","7","26","26","14","39","3","5","1",".257",".318",".445",".763",".321","-0.3","0.6","0.7","9256"
"Tyler O'Neill","Cardinals","20","83","76","19","3","0","4","11","13","6","27","1","1","0",".245",".302",".467",".768",".321","-0.1","0.2","0.2","15711"
"Mike Ford","Yankees","3","11","9","2","0","0","0","1","1","1","2","0","0","0",".241",".330",".426",".755",".320","0.0","0.0","0.0","15585"
"Willians Astudillo","Twins","13","55","52","15","3","0","2","6","7","1","3","1","1","0",".288",".314",".449",".763",".320","0.1","-0.1","0.2","15608"
"Kurt Suzuki","Nationals","26","111","101","26","5","0","4","12","16","6","14","3","0","0",".263",".321",".436",".757",".320","-0.7","-0.3","0.2","8259"
"Danny Valencia","","25","105","95","25","4","0","4","12","13","8","25","1","1","0",".259",".321",".438",".758",".320","-0.7","-0.7","0.0","6364"
"Josh Reddick","Astros","35","145","131","36","6","1","4","18","17","12","20","0","2","1",".271",".330",".426",".756",".320","0.3","0.2","0.5","3892"
"Tommy La Stella","Angels","21","89","81","22","3","0","3","11","10","7","11","1","0","0",".271",".333",".415",".748",".320","-0.4","-0.1","0.3","12371"
"Robinson Cano","Mets","50","211","193","52","11","0","7","24","26","14","32","2","0","0",".268",".322",".438",".760",".320","-0.8","-0.6","0.6","3269"
"Dexter Fowler","Cardinals","53","224","192","46","9","1","6","27","24","27","53","3","4","1",".241",".341",".399",".740",".320","-1.5","0.4","0.5","4062"
"Randal Grichuk","Blue Jays","45","190","174","42","10","1","10","24","27","12","55","2","1","1",".239",".296",".474",".770",".320","0.0","0.2","0.6","10243"
"Jean Segura","Phillies","52","220","204","58","11","1","5","29","22","11","28","3","6","2",".284",".327",".426",".753",".320","-0.9","0.4","0.8","5933"
"Brian Anderson","Marlins","55","230","204","52","11","1","6","26","25","21","49","4","1","1",".255",".334",".411",".745",".320","1.6","0.0","0.9","18289"
"Omar Narvaez","Mariners","35","149","131","34","5","0","4","16","15","15","28","1","0","0",".262",".339",".402",".741",".319","-1.7","-0.3","0.4","13338"
"Maikel Franco","Phillies","50","211","192","50","10","0","10","25","31","17","31","1","0","0",".259",".318",".466",".784",".319","-0.6","-0.4","0.5","12179"
"Kevin Cron","Diamondbacks","2","8","7","2","0","0","0","1","1","1","2","0","0","0",".243",".300",".466",".767",".319","0.0","0.0","0.0","16211"
"Brock Holt","Red Sox","33","140","123","33","7","1","2","16","15","13","29","2","2","1",".271",".349",".387",".736",".319","-0.4","-0.2","0.3","9345"
"Melky Cabrera","Pirates","20","82","76","22","4","0","2","9","10","5","9","0","0","0",".288",".330",".421",".751",".319","-0.4","-0.3","0.1","4022"
"Jose Bautista","","33","140","117","25","5","0","5","17","16","20","38","2","1","1",".217",".336",".402",".738",".318","0.0","-0.6","0.0","1887"
"Tyler Naquin","Indians","47","198","181","49","10","1","6","23","24","13","50","1","3","1",".270",".320",".438",".758",".318","0.4","0.2","0.4","13359"
"Renato Nunez","Orioles","53","221","202","49","10","0","11","27","30","16","56","2","1","0",".243",".304",".456",".760",".318","-0.1","-0.1","0.2","14503"
"Kole Calhoun","Angels","50","209","184","44","9","1","8","27","26","21","47","2","2","1",".241",".322",".431",".753",".318","1.1","0.1","0.6","11200"
"Logan Forsythe","Rangers","36","150","129","32","7","0","3","17","15","18","34","2","1","0",".250",".346",".383",".729",".318","0.4","0.0","0.3","7185"
"Raimel Tapia","Rockies","38","160","149","42","9","2","3","19","17","8","33","1","4","2",".282",".321",".433",".754",".318","-0.6","0.2","-0.1","14350"
"Luis Arraez","Twins","14","58","53","16","3","0","1","6","5","4","6","0","0","0",".297",".347",".387",".734",".317","0.2","-0.1","0.2","18568"
"Brett Gardner","","40","169","147","36","6","2","5","23","17","17","31","2","4","1",".246",".331",".407",".739",".317","1.3","0.8","0.6","9927"
"Wil Myers","Padres","38","160","141","33","7","0","7","20","19","17","48","1","5","2",".234",".318",".430",".748",".317","-0.5","0.5","0.4","10047"
"Carson Kelly","Diamondbacks","28","117","102","26","6","0","4","13","13","12","21","1","0","0",".250",".334",".416",".749",".317","0.3","-0.1","0.6","13620"
"Lourdes Gurriel Jr.","Blue Jays","47","198","185","49","10","1","8","24","27","9","43","2","3","2",".263",".303",".455",".758",".317","-1.0","-0.2","0.3","19238"
"Brad Miller","Phillies","8","34","30","7","1","0","1","4","4","4","10","0","0","0",".231",".317",".431",".748",".317","-0.1","0.0","0.1","12775"
"Jedd Gyorko","Cardinals","3","14","12","3","0","0","1","2","2","1","3","0","0","0",".248",".321",".423",".744",".317","0.0","0.0","0.0","10816"
"Kolten Wong","Cardinals","56","237","207","54","11","1","5","26","25","21","35","6","6","2",".259",".342",".398",".740",".316","0.8","0.8","0.8","12532"
"Steve Pearce","Red Sox","26","110","97","24","5","0","4","13","14","10","24","2","0","0",".244",".321",".421",".742",".316","-0.3","-0.2","0.0","9957"
"Jose Osuna","Pirates","17","70","65","17","4","0","2","8","9","4","14","1","1","0",".263",".312",".438",".750",".316","-0.2","-0.1","0.2","12937"
"Adam Frazier","Pirates","48","203","183","50","11","2","3","25","18","15","27","3","2","2",".275",".337",".402",".740",".316","0.3","0.1","0.6","15223"
"Tyler White","Astros","2","8","7","2","0","0","0","1","1","1","2","0","0","0",".244",".327",".410",".737",".316","0.0","0.0","0.0","15564"
"Christin Stewart","Tigers","49","205","180","43","9","1","7","23","25","20","51","3","0","0",".238",".321",".423",".745",".316","-1.2","-0.1","0.2","17714"
"Ben Zobrist","Cubs","7","28","24","6","1","0","0","3","3","3","4","0","0","0",".261",".344",".384",".728",".316","0.0","0.0","0.0","7435"
"Jackie Bradley Jr.","Red Sox","53","224","196","47","12","1","7","28","27","22","56","4","5","1",".240",".326",".416",".742",".316","0.9","0.7","0.8","12984"
"Cameron Maybin","Yankees","8","34","30","8","1","0","1","4","3","3","8","0","1","0",".260",".338",".392",".730",".316","-0.1","0.0","0.1","5223"
"Phillip Ervin","Reds","16","66","59","14","3","1","2","8","8","6","17","1","2","1",".247",".324",".415",".739",".316","0.0","0.1","0.1","14738"
"Avisail Garcia","Rays","41","172","158","41","7","1","6","20","22","11","42","2","2","1",".263",".318",".431",".749",".316","0.0","-0.1","0.3","5760"
"Hunter Dozier","Royals","52","219","197","49","11","2","7","25","26","19","59","1","1","1",".247",".316",".431",".748",".316","-1.5","-0.3","0.3","15117"
"Michael Chavis","Red Sox","39","163","148","36","7","0","7","20","23","12","49","2","1","0",".245",".309",".441",".750",".315","-0.3","0.0","0.4","17321"
"Austin Riley","Braves","43","181","166","41","8","1","8","22","25","12","55","2","0","0",".248",".304",".454",".758",".315","0.8","-0.1","0.3","18360"
"Jake Bauers","Indians","48","203","178","43","10","1","6","24","24","22","49","2","4","2",".242",".327",".408",".735",".315","0.1","0.0","0.1","15194"
"Jordan Luplow","Indians","43","182","161","39","9","1","6","23","23","17","42","2","3","1",".244",".321",".420",".741",".315","0.4","-0.2","0.2","16424"
"Colin Moran","Pirates","39","163","149","40","7","1","5","17","21","12","36","1","0","0",".269",".324",".423",".747",".315","-1.2","-0.3","0.3","16909"
"Denard Span","","33","140","124","32","6","1","3","17","14","12","22","1","3","1",".257",".328",".409",".737",".315","-1.0","0.2","0.1","8347"
"Cesar Hernandez","Phillies","56","236","207","55","9","2","4","27","21","24","43","2","5","2",".265",".345",".383",".728",".315","-0.5","0.2","0.6","10556"
"Robel Garcia","Cubs","30","125","113","27","5","1","6","15","18","9","42","1","1","1",".237",".296",".461",".757",".315","-0.5","0.0","0.3","13167"
"Victor Caratini","Cubs","10","44","39","10","2","0","1","5","5","4","9","0","0","0",".261",".330",".403",".733",".315","-0.1","0.0","0.1","14968"
"Greg Bird","Yankees","5","21","18","4","1","0","1","3","3","2","6","0","0","0",".220",".313",".428",".741",".315","0.0","0.0","0.0","14131"
"Alex Avila","Diamondbacks","24","99","80","17","3","0","3","10","10","17","34","1","0","0",".209",".347",".378",".725",".314","0.5","-0.3","0.4","7476"
"Evan Longoria","Giants","44","186","170","43","9","1","6","21","23","13","36","2","1","0",".254",".311",".436",".747",".314","0.4","0.0","0.6","9368"
"Yusniel Diaz","Orioles","1","3","2","1","0","0","0","0","0","0","1","0","0","0",".254",".322",".413",".736",".314","0.0","0.0","0.0","sa912848"
"Brian McCann","Braves","28","117","103","25","4","0","5","13","16","11","22","2","0","0",".242",".322",".415",".736",".314","-0.6","-0.4","0.4","4810"
"Scooter Gennett","Reds","47","198","183","48","9","1","7","23","26","12","42","2","1","1",".265",".313",".432",".745",".313","-1.4","-0.1","0.3","10339"
"Chris Taylor","Dodgers","22","94","83","21","5","1","2","11","10","8","25","1","2","1",".248",".321",".415",".737",".313","-0.2","0.3","0.3","13757"
"J.D. Davis","Mets","24","100","91","23","4","0","4","12","12","8","24","1","0","0",".253",".315",".425",".740",".313","-0.2","0.0","0.2","16219"
"Danny Santana","Rangers","30","127","119","32","7","1","4","16","15","6","33","1","5","2",".265",".301",".449",".751",".313","-0.1","0.2","0.2","10322"
"Adam Jones","Diamondbacks","53","224","209","56","11","0","8","26","27","11","39","3","1","1",".268",".310",".434",".744",".313","-1.7","0.0","0.0","6368"
"Stephen Vogt","Giants","14","57","51","13","3","0","2","6","7","5","12","0","0","0",".249",".317",".423",".740",".313","-0.4","-0.1","0.2","5000"
"Ian Happ","Cubs","13","56","48","11","2","0","2","7","7","6","18","0","1","0",".227",".322",".413",".735",".313","0.0","0.0","0.1","17919"
"Todd Frazier","Mets","43","179","157","35","6","0","8","21","24","17","42","3","2","1",".226",".313",".421",".735",".313","0.1","-0.2","0.5","785"
"Wilson Ramos","Mets","37","157","143","37","6","0","6","16","22","12","27","0","0","0",".261",".320",".423",".743",".313","-0.4","-0.9","0.5","1433"
"Victor Robles","Nationals","60","250","224","57","12","2","7","30","28","15","54","7","12","5",".254",".320",".414",".735",".312","1.3","0.3","0.6","18363"
"Alex Gordon","Royals","55","232","204","51","11","0","6","27","26","20","50","5","3","1",".250",".331",".398",".729",".312","2.8","0.1","0.6","5209"
"Kyle Tucker","Astros","19","80","72","17","3","0","3","10","11","6","20","1","2","1",".240",".304",".441",".745",".312","-0.1","0.1","0.2","18345"
"Aledmys Diaz","Astros","21","90","83","22","5","0","3","11","12","5","13","1","1","1",".260",".308",".437",".745",".312","-0.4","-0.2","0.2","15937"
"Rangel Ravelo","Cardinals","1","5","5","1","0","0","0","1","1","0","1","0","0","0",".262",".325",".404",".729",".312","0.0","0.0","0.0","10839"
"Scott Heineman","Rangers","1","3","2","1","0","0","0","0","0","0","1","0","0","0",".263",".325",".403",".728",".312","0.0","0.0","0.0","sa827137"
"Ben Gamel","Brewers","33","140","125","33","7","1","2","16","14","13","32","1","2","1",".262",".332",".396",".728",".312","-0.1","0.2","0.2","12160"
"Travis d'Arnaud","Rays","26","108","98","24","5","0","4","13","15","8","21","1","0","0",".246",".308",".431",".739",".311","-0.2","-0.1","0.5","7739"
"Matt Beaty","Dodgers","13","54","50","14","3","0","1","6","7","3","8","1","0","0",".271",".317",".416",".733",".311","0.0","0.0","0.1","17710"
"Mike Tauchman","Yankees","7","29","26","7","1","0","1","4","3","3","6","0","1","0",".254",".324",".404",".728",".311","0.2","0.0","0.1","15274"
"Dansby Swanson","Braves","57","240","214","54","11","2","7","29","27","21","52","2","4","2",".252",".322",".419",".741",".311","0.1","0.4","0.7","18314"
"Yonathan Daza","Rockies","3","13","12","4","1","0","0","1","1","0","2","0","0","0",".295",".325",".404",".729",".311","0.0","0.0","0.0","15794"
"Robinson Chirinos","Astros","35","147","124","26","6","0","6","18","18","16","47","5","0","0",".209",".321",".398",".718",".310","-0.1","-0.5","0.4","3142"
"Tyler Flowers","Braves","25","105","91","22","4","0","3","11","12","10","30","3","0","0",".237",".327",".395",".722",".310","-0.4","-0.2","0.7","9134"
"Devon Travis","Blue Jays","1","5","5","1","0","0","0","1","1","0","1","0","0","0",".264",".306",".431",".737",".310","0.0","0.0","0.0","13862"
"Elvis Andrus","Rangers","57","241","222","60","12","2","5","29","26","15","37","2","8","3",".272",".321",".406",".727",".310","-0.5","0.7","0.6","8709"
"Lucas Duda","Royals","25","107","94","21","5","0","5","12","15","11","30","1","0","0",".223",".308",".431",".739",".310","-0.1","-0.2","0.0","2502"
"Danny Jansen","Blue Jays","36","151","133","32","7","0","4","17","17","13","28","3","1","0",".241",".322",".399",".721",".310","0.0","0.1","0.9","16535"
"Byron Buxton","Twins","54","227","206","51","12","2","7","30","28","15","62","2","10","2",".247",".304",".434",".738",".310","4.3","1.8","1.2","14161"
"Johan Camargo","Braves","30","128","117","30","7","1","4","14","16","9","26","1","0","0",".259",".315",".420",".734",".310","0.2","-0.1","0.2","14950"
"Jeimer Candelario","Tigers","51","216","190","45","11","1","6","25","22","22","54","2","1","1",".234",".319",".404",".723",".309","0.3","0.2","0.6","13621"
"Francisco Cervelli","Pirates","5","21","18","4","1","0","0","2","2","2","5","1","0","0",".243",".343",".358",".701",".309","-0.1","-0.1","0.0","5275"
"Ty France","Padres","1","3","2","1","0","0","0","0","0","0","1","0","0","0",".247",".316",".407",".722",".309","0.0","0.0","0.0","17982"
"Jason Kipnis","Indians","56","237","212","53","12","1","6","27","27","21","46","2","3","1",".249",".319",".404",".723",".309","0.3","0.4","0.6","9776"
"Jed Lowrie","Mets","16","66","58","14","3","0","2","7","7","7","13","0","0","0",".240",".322",".397",".720",".309","0.0","-0.2","0.2","4418"
"Anthony Santander","Orioles","51","214","198","51","10","1","7","24","25","12","42","2","2","1",".260",".305",".427",".733",".309","-0.7","0.0","0.3","14551"
"Rougned Odor","Rangers","49","207","189","45","9","1","9","27","29","13","55","3","5","3",".236",".294",".445",".739",".309","-0.3","0.0","0.3","12282"
"Neil Walker","Marlins","40","166","147","36","7","0","5","17","17","16","35","1","1","0",".246",".326",".392",".718",".309","-0.7","0.0","0.0","7539"
"Rowdy Tellez","Blue Jays","30","125","114","28","6","0","5","14","16","9","30","1","1","1",".245",".303",".434",".737",".309","0.1","-0.1","0.0","15679"
"Andrelton Simmons","Angels","51","214","199","55","10","1","4","24","24","12","19","1","4","1",".279",".324",".398",".721",".308","4.5","0.1","1.3","10847"
"Scott Schebler","Reds","3","13","11","3","1","0","1","1","2","1","3","0","0","0",".230",".308",".421",".729",".308","0.0","0.0","0.0","12225"
"LaMonte Wade","Twins","1","3","2","1","0","0","0","0","0","0","0","0","0","0",".251",".339",".367",".706",".308","0.0","0.0","0.0","18126"
"Jurickson Profar","Athletics","42","178","159","38","9","1","5","21","21","15","28","3","3","1",".240",".314",".408",".723",".308","-0.6","0.4","0.5","10815"
"Lonnie Chisenhall","Pirates","3","11","10","3","1","0","0","1","1","1","2","0","0","0",".255",".314",".413",".727",".308","0.0","0.0","0.0","7571"
"Austin Hays","Orioles","15","61","57","15","3","0","3","7","8","2","13","0","1","0",".256",".291",".446",".737",".307","-0.2","0.0","0.1","19363"
"Josh Fuentes","Rockies","1","5","5","1","0","0","0","1","1","0","1","0","0","0",".269",".304",".425",".729",".307","0.0","0.0","0.0","16885"
"Austin Slater","Giants","13","56","50","13","3","0","1","6","6","5","15","1","1","0",".252",".325",".387",".712",".307","0.1","0.0","0.1","16153"
"Ryon Healy","Mariners","23","96","89","22","5","0","4","11","13","5","22","1","0","0",".251",".293",".440",".733",".307","-0.4","-0.2","0.0","15447"
"Garrett Hampson","Rockies","27","113","102","27","5","1","2","13","10","9","22","1","6","2",".268",".328",".386",".714",".307","0.2","0.5","0.1","19262"
"Dwight Smith Jr.","Orioles","40","169","152","38","8","1","5","19","19","13","33","1","3","1",".249",".314",".406",".719",".307","-1.1","0.0","0.1","13473"
"Rusney Castillo","Red Sox","2","10","9","3","1","0","0","1","1","0","2","0","0","0",".280",".318",".401",".719",".307","-0.1","0.0","0.0","17016"
"Jason Castro","Twins","29","120","105","24","5","0","4","15","13","13","35","1","0","0",".229",".315",".400",".715",".306","0.7","-0.2","0.6","8722"
"Abraham Almonte","Diamondbacks","1","3","2","1","0","0","0","0","0","0","1","0","0","0",".237",".316",".401",".716",".306","0.0","0.0","0.0","5486"
"Adam Duvall","Braves","4","15","14","3","1","0","1","2","2","1","4","0","0","0",".230",".292",".441",".734",".306","0.0","0.0","0.0","10950"
"Kyle Seager","Mariners","45","190","171","41","9","0","7","21","24","15","39","2","1","1",".238",".305",".423",".727",".306","0.7","-0.4","0.6","9785"
"Christian Vazquez","Red Sox","35","149","138","37","7","0","4","18","17","9","27","1","2","1",".266",".312",".414",".726",".306","0.6","-0.2","0.9","9774"
"Chance Sisco","Orioles","27","113","100","24","5","0","3","12","12","9","33","3","0","0",".241",".323",".385",".707",".306","-0.9","-0.1","0.1","15694"
"Tim Locastro","Diamondbacks","6","25","23","6","1","0","0","3","2","1","4","1","1","0",".257",".330",".371",".701",".306","-0.1","0.1","0.0","15124"
"Eric Sogard","Blue Jays","36","153","135","34","7","1","3","18","12","15","24","1","2","1",".255",".330",".376",".706",".306","0.2","0.2","0.2","7927"
"Jonathan Villar","Orioles","58","245","220","55","10","1","7","30","24","21","64","1","13","4",".250",".317",".396",".713",".305","-3.0","1.0","0.4","10071"
"Joe Panik","Giants","50","209","187","49","10","1","3","22","18","18","20","2","2","1",".264",".333",".377",".709",".305","0.2","-0.1","0.5","11936"
"Tony Kemp","Astros","15","63","56","15","2","1","1","7","6","5","9","1","2","1",".261",".328",".380",".708",".305","-0.1","0.0","0.1","14894"
"David Bote","Cubs","38","161","143","35","7","1","5","18","19","14","42","2","2","1",".241",".314",".404",".718",".305","0.4","0.1","0.3","14593"
"Chad Pinder","Athletics","34","143","131","32","7","0","5","17","17","8","37","2","1","1",".246",".300",".423",".722",".305","0.6","-0.2","0.3","15191"
"Cheslor Cuthbert","Royals","41","173","160","41","8","0","5","17","19","11","37","1","1","0",".257",".309",".409",".718",".305","-0.5","-0.3","0.1","10473"
"Matt Duffy","Rays","19","79","71","19","3","0","1","9","7","6","14","1","1","1",".270",".330",".373",".703",".305","0.2","0.0","0.2","13836"
"Nick Williams","Phillies","16","69","63","15","3","0","3","8","9","4","20","1","1","0",".244",".297",".427",".724",".305","-0.1","0.0","0.0","14330"
"Addison Russell","Cubs","22","91","81","20","4","0","3","10","10","8","21","1","1","0",".244",".318",".398",".716",".305","1.4","0.1","0.3","14106"
"A.J. Reed","White Sox","32","133","118","26","5","0","6","16","18","13","42","1","0","0",".220",".301",".418",".720",".304","0.1","0.0","0.0","16246"
"Josh Naylor","Padres","6","25","22","6","1","0","1","3","3","2","4","0","0","0",".255",".318",".399",".717",".304","0.0","0.0","0.0","18839"
"Dustin Pedroia","Red Sox","2","8","7","2","0","0","0","1","1","1","1","0","0","0",".266",".331",".372",".703",".304","0.0","0.0","0.0","8370"
"D.J. Stewart","Orioles","11","45","40","9","2","0","1","5","5","4","11","1","1","0",".232",".315",".395",".709",".304","-0.3","0.0","0.0","17766"
"Greg Garcia","Padres","23","97","83","20","4","1","1","10","8","11","21","1","1","0",".245",".341",".349",".690",".304","0.1","0.1","0.2","10951"
"Carter Kieboom","Nationals","3","11","9","2","0","0","0","1","1","1","3","0","0","0",".246",".314",".397",".712",".304","0.0","0.0","0.0","19958"
"Franchy Cordero","Padres","1","5","5","1","0","0","0","1","1","0","2","0","0","0",".242",".300",".420",".721",".304","0.0","0.0","0.0","14567"
"Ender Inciarte","Braves","21","90","82","22","4","1","1","11","8","7","13","1","3","1",".269",".327",".380",".707",".304","0.6","0.2","0.2","4922"
"Teoscar Hernandez","Blue Jays","35","148","134","31","7","1","6","18","18","12","44","1","3","1",".230",".294",".429",".723",".304","-1.1","0.0","0.2","13066"
"Brandon Crawford","Giants","55","229","206","51","12","1","6","24","26","19","49","2","2","1",".250",".317",".402",".719",".304","1.4","-0.2","0.7","5343"
"Troy Tulowitzki","Yankees","1","3","2","1","0","0","0","0","0","0","1","0","0","0",".244",".305",".412",".717",".304","0.0","0.0","0.0","3531"
"Manuel Margot","Padres","44","185","169","43","9","2","4","21","18","14","34","1","6","2",".256",".313",".402",".715",".304","1.5","0.3","0.5","14712"
"Tim Anderson","White Sox","55","229","216","58","10","1","7","27","25","8","55","2","9","3",".267",".297",".425",".722",".304","-1.7","0.7","0.6","15172"
"Russell Martin","Dodgers","16","66","56","12","2","0","2","8","7","8","16","1","0","0",".218",".333",".359",".692",".304","0.1","-0.3","0.3","4616"
"Josh VanMeter","Reds","2","7","7","2","0","0","0","1","1","1","2","0","0","0",".242",".312",".402",".714",".304","0.0","0.0","0.0","15170"
"Adalberto Mondesi","Royals","45","191","178","46","9","3","6","24","23","9","51","1","15","3",".256",".291",".437",".728",".303","1.5","1.8","0.9","13769"
"Ronald Guzman","Rangers","35","148","132","31","7","1","5","17","17","13","38","2","1","0",".236",".308",".406",".714",".303","0.9","-0.1","0.0","14388"
"Franklin Barreto","Athletics","17","73","66","16","3","0","3","9","9","5","23","1","1","1",".235",".293",".428",".721",".303","0.1","0.1","0.2","15519"
"Ehire Adrianza","Twins","10","40","35","9","2","0","1","5","4","3","7","0","0","0",".256",".323",".383",".706",".303","-0.1","0.0","0.1","8418"
"Billy McKinney","Blue Jays","30","128","115","27","6","1","4","15","14","10","31","1","1","1",".233",".299",".417",".716",".303","0.1","-0.2","0.1","15654"
"Kevin Kiermaier","Rays","48","200","181","44","8","3","6","24","22","14","44","2","8","2",".245",".305",".415",".720",".303","3.9","1.0","1.0","11038"
"Ryan O'Hearn","Royals","7","31","27","6","1","0","1","3","4","3","8","0","0","0",".225",".305",".408",".714",".303","-0.1","0.0","0.0","16442"
"Dominic Smith","Mets","43","182","166","41","9","0","6","21","20","13","42","1","1","0",".247",".306",".407",".712",".303","0.0","-0.1","0.2","15653"
"Breyvic Valera","Yankees","1","3","2","1","0","0","0","0","0","0","0","0","0","0",".267",".327",".374",".701",".303","0.0","0.0","0.0","12758"
"Cavan Biggio","Blue Jays","49","206","175","38","7","1","6","24","23","27","61","1","4","2",".216",".322",".374",".696",".302","0.3","0.1","0.4","19252"
"Amed Rosario","Mets","55","232","216","57","10","3","5","26","23","12","46","1","8","3",".266",".307",".411",".717",".302","-1.3","0.5","0.6","15518"
"Bobby Bradley","Indians","20","82","74","16","4","0","4","10","11","6","27","1","0","0",".223",".288",".435",".724",".302","0.0","0.0","-0.1","17278"
"Ildemaro Vargas","Diamondbacks","14","57","53","15","3","0","1","6","6","3","6","0","1","0",".274",".313",".395",".708",".302","-0.1","0.0","0.1","13324"
"Sam Hilliard","Rockies","1","3","2","1","0","0","0","0","0","0","1","0","0","0",".247",".298",".420",".718",".302","0.0","0.0","0.0","sa829542"
"Yadier Molina","Cardinals","30","128","119","31","6","0","3","13","16","7","17","1","1","1",".265",".308",".401",".710",".302","1.2","-0.6","0.5","7007"
"Mark Zagunis","Cubs","5","20","17","4","1","0","0","2","2","2","6","0","0","0",".229",".330",".357",".687",".302","-0.1","0.0","0.0","16565"
"Noel Cuevas","Rockies","1","5","5","1","0","0","0","1","1","0","1","0","0","0",".270",".310",".402",".712",".302","0.0","0.0","0.0","11894"
"Roberto Perez","Indians","37","154","133","29","5","1","6","16","19","17","45","1","0","0",".217",".307",".395",".702",".301","1.3","-0.2","0.9","2900"
"Jake Cave","Twins","4","18","17","4","1","0","1","2","2","1","5","0","0","0",".246",".307",".402",".709",".301","0.0","0.0","0.0","14477"
"Daniel Robertson","Rays","6","27","23","5","1","0","1","3","2","3","7","1","0","0",".231",".331",".350",".681",".301","0.1","0.0","0.1","14145"
"Austin Dean","Marlins","10","44","40","10","2","0","1","5","5","3","8","0","0","0",".255",".307",".400",".707",".301","-0.1","0.0","0.0","18288"
"Albert Pujols","Angels","38","158","145","36","6","0","6","17","24","10","22","1","0","0",".247",".298",".419",".717",".301","-0.1","-0.8","0.0","1177"
"Luis Urias","Padres","51","213","186","45","8","2","4","23","19","21","45","3","2","1",".241",".327",".363",".690",".301","1.8","0.0","0.5","16622"
"Curt Casali","Reds","16","66","59","14","3","0","2","7","8","6","16","1","0","0",".237",".314",".388",".702",".301","-0.3","-0.1","0.1","12510"
"Giovanny Urshela","Yankees","28","116","108","28","6","0","3","13","14","6","20","1","0","0",".262",".304",".403",".708",".301","0.2","-0.2","0.2","10681"
"Kevan Smith","Angels","15","61","55","14","3","0","1","6","6","4","10","1","0","0",".262",".317",".380",".697",".301","-0.5","-0.1","0.1","12284"
"Michael Brosseau","Rays","4","17","16","4","1","0","0","2","2","1","4","0","0","0",".251",".305",".401",".706",".301","0.1","0.0","0.0","19683"
"Derek Fisher","Astros","5","23","20","4","1","0","1","3","3","2","7","0","1","0",".222",".305",".399",".704",".301","0.1","0.0","0.0","16192"
"Ramon Urias","Cardinals","1","5","5","1","0","0","0","1","1","0","1","0","0","0",".250",".315",".385",".700",".301","0.0","0.0","0.0","sa597169"
"Nick Ahmed","Diamondbacks","54","227","206","51","12","2","6","25","25","17","44","1","3","1",".249",".306",".406",".712",".301","2.4","0.1","0.7","12147"
"Chris Young","","8","35","31","7","1","0","1","4","4","3","9","0","0","0",".223",".301",".404",".705",".301","-0.4","0.0","0.0","3882"
"Nick Martini","Athletics","2","8","7","2","0","0","0","1","1","1","2","0","0","0",".248",".335",".350",".685",".300","0.0","0.0","0.0","12005"
"Scott Kingery","Phillies","51","215","198","49","10","1","6","25","22","13","54","2","5","2",".247",".298",".411",".709",".300","-0.3","0.7","0.3","17975"
"Jake Fraley","Mariners","13","54","49","12","2","0","2","6","6","3","13","1","2","1",".248",".302",".407",".709",".300","0.0","0.0","0.1","sa857756"
"Ryan Mountcastle","Orioles","14","58","55","14","3","0","2","6","7","2","14","0","0","0",".261",".290",".426",".716",".300","0.0","0.0","0.1","sa874734"
"Cesar Puello","Marlins","26","109","95","23","4","0","2","11","10","9","27","4","2","1",".241",".326",".360",".686",".300","-0.6","0.0","0.1","7216"
"David Fletcher","Angels","50","212","195","53","10","1","2","25","19","13","23","1","4","1",".272",".320",".376",".697",".300","2.5","0.3","0.8","17992"
"Kevin Newman","Pirates","53","224","207","57","11","1","3","23","20","13","29","1","6","3",".277",".322",".379",".701",".300","0.3","-0.1","0.5","17696"
"Rafael Ortega","Braves","1","3","2","1","0","0","0","0","0","0","0","0","0","0",".256",".318",".378",".697",".300","0.0","0.0","0.0","10323"
"Pablo Sandoval","Giants","26","110","101","25","6","0","4","12","14","7","23","1","0","0",".245",".297",".418",".715",".300","-0.5","-0.3","0.1","5409"
"Curtis Granderson","Marlins","32","134","115","24","6","1","4","16","13","16","35","1","1","1",".212",".312",".383",".695",".300","-0.6","-0.2","0.0","4747"
"Niko Goodrum","Tigers","58","243","220","52","12","2","7","28","25","20","68","1","6","2",".238",".305",".399",".703",".299","-0.9","0.7","0.3","12092"
"Matt Szczur","Diamondbacks","1","3","2","1","0","0","0","0","0","0","1","0","0","0",".244",".315",".379",".694",".299","0.0","0.0","0.0","11255"
"J.P. Crawford","Mariners","53","222","192","45","10","2","4","24","22","24","51","2","3","1",".232",".322",".364",".685",".299","0.2","0.1","0.7","15491"
"Carlos Gonzalez","","55","231","208","49","11","1","8","27","26","20","59","1","2","1",".236",".303",".405",".708",".299","0.4","-0.2","0.1","7287"
"Harrison Bader","Cardinals","35","147","130","31","6","1","4","17","15","12","42","3","4","2",".234",".311",".390",".701",".299","1.9","0.4","0.4","18030"
"Jose Peraza","Reds","30","128","119","32","5","1","2","14","13","6","17","2","4","2",".271",".311",".391",".702",".299","-0.1","0.4","0.1","13593"
"Kevin Plawecki","Indians","18","75","66","16","4","0","2","8","8","6","15","1","0","0",".239",".315",".379",".694",".298","-0.1","-0.2","0.2","13807"
"Eduardo Nunez","Red Sox","6","25","24","7","1","0","1","3","3","1","4","0","1","0",".273",".302",".401",".703",".298","-0.1","0.0","0.0","6848"
"Isan Diaz","Marlins","15","62","55","13","2","0","2","6","6","6","16","1","1","0",".231",".306",".391",".698",".298","0.0","0.0","0.1","sa828704"
"Francisco Mejia","Padres","32","133","122","30","6","1","4","14","14","7","27","2","0","0",".249",".298",".406",".705",".297","0.0","0.0","0.3","16403"
"Oscar Mercado","Indians","51","214","194","49","10","1","4","26","20","14","44","3","10","5",".253",".311",".381",".692",".297","-0.5","0.1","0.2","16375"
"Manny Pina","Brewers","10","44","39","10","2","0","1","5","5","3","9","1","0","0",".242",".304",".397",".701",".297","0.4","-0.1","0.2","2829"
"Zack Granite","Rangers","1","3","2","1","0","0","0","0","0","0","0","0","0","0",".273",".322",".365",".687",".297","0.0","0.0","0.0","15343"
"Marco Hernandez","Red Sox","2","10","10","3","1","0","0","1","1","0","2","0","0","0",".272",".303",".397",".700",".297","-0.1","0.0","0.0","13154"
"Tyler Austin","Giants","28","116","104","23","5","1","5","14","15","10","40","1","1","0",".216",".289",".413",".702",".297","-0.1","0.1","0.0","11850"
"Mallex Smith","Mariners","51","214","192","48","9","3","2","25","16","17","46","2","15","4",".253",".319",".365",".684",".297","-0.4","1.5","0.4","13608"
"Travis Snider","Diamondbacks","1","5","5","1","0","0","0","1","0","1","1","0","0","0",".238",".315",".372",".688",".297","0.0","0.0","0.0","2830"
"Jose Reyes","","17","70","63","15","3","1","2","8","7","6","12","0","2","1",".245",".307",".387",".694",".297","-0.2","0.2","0.1","1736"
"Gerardo Parra","Nationals","15","63","58","15","3","0","1","7","7","4","12","1","1","1",".262",".311",".386",".697",".296","0.1","-0.1","0.0","8553"
"Jarrod Dyson","Diamondbacks","32","133","118","29","4","1","2","17","10","12","22","1","9","2",".249",".325",".356",".681",".296","1.6","1.2","0.3","4866"
"Albert Almora Jr.","Cubs","46","193","180","47","9","1","4","22","20","10","33","1","1","1",".264",".303",".397",".700",".296","1.0","-0.3","0.3","14109"
"Hanser Alberto","Orioles","55","229","218","62","10","1","4","23","22","6","23","2","2","2",".282",".304",".396",".700",".296","1.0","-0.3","0.5","11902"
"Daniel Palka","White Sox","3","11","10","2","0","0","1","1","1","1","4","0","0","0",".217",".284",".424",".708",".296","-0.1","0.0","0.0","14897"
"Dustin Fowler","Athletics","16","68","63","16","3","1","2","8","7","3","16","1","2","1",".252",".290",".415",".705",".296","0.1","0.0","0.1","17098"
"Yairo Munoz","Cardinals","17","73","67","17","3","0","2","8","8","4","15","1","2","1",".259",".306",".392",".698",".296","-0.2","0.0","0.0","16313"
"Elias Diaz","Pirates","33","137","127","33","7","0","2","13","14","9","22","0","0","0",".263",".311",".377",".688",".296","-0.2","-0.1","0.1","11680"
"Jonathan Lucroy","Angels","35","145","130","33","6","1","3","15","16","11","22","2","0","0",".250",".313",".374",".687",".295","0.0","-0.5","0.3","7870"
"Starlin Castro","Marlins","47","198","185","49","8","1","5","19","21","10","36","1","1","1",".264",".303",".395",".698",".295","-0.7","-0.3","0.2","4579"
"Daniel Descalso","Cubs","14","59","50","11","2","0","1","6","6","8","15","0","0","0",".217",".321",".355",".675",".295","-0.1","0.0","0.0","8392"
"Jarrett Parker","Angels","2","8","7","1","0","0","0","1","1","1","3","0","0","0",".213",".300",".390",".691",".295","0.0","0.0","0.0","11624"
"Adam Haseley","Phillies","19","78","71","18","3","1","2","8","8","5","15","1","1","1",".249",".303",".389",".692",".295","0.1","-0.1","0.0","19878"
"Andy Young","Diamondbacks","1","5","5","1","0","0","0","1","1","0","1","0","0","0",".239",".296",".397",".693",".295","0.0","0.0","0.0","sa919031"
"Jason Martin","Pirates","2","8","7","2","0","0","0","1","1","1","2","0","0","0",".247",".298",".397",".695",".295","-0.1","0.0","0.0","16429"
"Delino DeShields","Rangers","19","78","67","16","3","0","1","10","6","8","18","1","4","1",".240",".328",".340",".667",".295","-0.1","0.5","0.1","11379"
"Brian Goodwin","Angels","20","82","74","17","4","0","2","10","9","6","23","1","1","1",".237",".300",".395",".695",".295","-0.5","0.0","0.0","12858"
"Luis Rengifo","Angels","42","178","160","40","8","2","3","20","17","14","35","2","6","3",".247",".313",".371",".683",".295","-0.5","-0.3","0.3","19858"
"Matt Wieters","Cardinals","22","94","84","20","3","0","3","9","11","8","19","1","0","0",".235",".303",".388",".691",".294","0.4","-0.2","0.1","4298"
"Domingo Leyba","Diamondbacks","3","13","12","3","1","0","0","1","1","1","2","0","0","0",".250",".304",".384",".688",".294","0.0","0.0","0.0","16404"
"Jake Marisnick","Astros","22","93","84","19","4","1","3","12","11","6","29","2","3","1",".226",".286",".411",".697",".294","0.5","0.2","0.3","11339"
"Austin Barnes","Dodgers","34","142","122","28","6","1","3","16","14","16","32","2","2","1",".227",".324",".353",".677",".294","0.0","0.0","0.8","12158"
"Tim Beckham","Mariners","46","192","176","41","9","1","7","21","22","12","55","2","1","1",".234",".289",".406",".695",".294","-0.7","-0.3","0.0","7949"
"Willy Adames","Rays","49","207","186","45","8","1","5","22","20","18","56","1","3","2",".243",".310",".374",".684",".294","-0.7","0.1","0.5","15986"
"Bryce Brentz","Red Sox","1","5","5","1","0","0","0","1","1","0","2","0","0","0",".225",".285",".412",".697",".294","0.0","0.0","0.0","10607"
"Tony Wolters","Rockies","33","137","120","30","6","1","1","14","13","13","26","2","1","0",".250",".330",".354",".684",".294","1.5","0.0","0.3","11470"
"Alex Blandino","Reds","1","3","2","1","0","0","0","0","0","0","1","0","0","0",".227",".318",".355",".673",".294","0.0","0.0","0.0","16271"
"Nick Dini","Royals","10","42","39","10","2","0","1","4","5","2","8","1","1","0",".250",".298",".393",".691",".294","0.0","0.0","0.1","sa875718"
"Deivy Grullon","Phillies","0","2","2","1","0","0","0","0","0","0","1","0","0","0",".234",".281",".419",".700",".294","0.0","0.0","0.0","sa739661"
"Ronald Torreyes","Twins","1","3","2","1","0","0","0","0","0","0","0","0","0","0",".268",".303",".387",".690",".294","0.0","0.0","0.0","11400"
"James McCann","White Sox","39","162","149","36","7","0","5","16","18","10","45","2","1","0",".245",".299",".389",".688",".294","1.3","-0.4","0.4","12859"
"Freddy Galvis","Blue Jays","54","226","209","53","11","1","6","24","24","13","48","1","3","1",".251",".297",".397",".694",".294","0.4","0.2","0.5","6609"
"Will Smith","","4","18","16","4","1","0","1","2","2","1","5","0","0","0",".233",".300",".388",".688",".293","0.0","0.0","0.1","sa199173"
"Dwight Smith","","1","5","5","1","0","0","0","1","1","0","1","0","0","0",".233",".300",".388",".688",".293","0.0","0.0","0.0","1012125"
"Sean Murphy","","3","11","10","2","0","0","0","1","1","1","3","0","0","0",".233",".300",".388",".688",".293","0.0","0.0","0.0","sa549877"
"Jake Rogers","","4","15","14","3","1","0","0","2","2","1","4","0","0","0",".233",".300",".388",".688",".293","0.0","0.0","0.0","sa389703"
"Joey Curletta","Red Sox","1","3","2","1","0","0","0","0","0","0","1","0","0","0",".229",".302",".382",".685",".293","0.0","0.0","0.0","sa658025"
"Ryan Lavarnway","Reds","6","24","22","5","1","0","1","3","3","2","6","0","0","0",".229",".305",".373",".678",".293","-0.1","0.0","0.0","8879"
"Gorkys Hernandez","Red Sox","1","3","2","1","0","0","0","0","0","0","1","0","0","0",".239",".306",".376",".682",".293","0.0","0.0","0.0","4146"
"Ian Kinsler","Padres","4","18","17","4","1","0","0","2","2","1","3","0","0","0",".238",".302",".381",".683",".293","0.2","0.0","0.0","6195"
"Miguel Rojas","Marlins","45","188","171","46","9","0","2","18","16","11","24","2","2","1",".267",".320",".361",".680",".293","1.7","-0.4","0.5","7802"
"Tucker Barnhart","Reds","29","122","108","25","5","0","3","11","12","13","25","1","0","0",".237",".319",".366",".685",".293","1.2","-0.5","0.2","10200"
"Andrew Knizner","Cardinals","5","19","18","5","1","0","0","2","2","1","3","0","0","0",".257",".308",".373",".681",".293","0.1","0.0","0.0","19514"
"Ronny Rodriguez","Tigers","20","83","78","20","4","1","3","9","10","3","18","0","1","1",".251",".281",".417",".698",".292","-0.3","-0.1","0.1","11875"
"Yan Gomes","Nationals","29","123","111","26","5","0","4","12","15","8","31","2","0","0",".235",".298",".391",".689",".292","0.9","-0.1","0.3","9627"
"Brandon Dixon","Tigers","35","149","139","33","7","0","5","16","18","8","46","1","3","1",".239",".283",".413",".696",".292","0.0","0.1","0.0","15214"
"Ke'Bryan Hayes","Pirates","1","5","5","1","0","0","0","1","0","0","1","0","0","0",".250",".310",".367",".677",".292","0.0","0.0","0.0","sa874730"
"Jorge Bonifacio","Royals","5","23","21","5","1","0","1","3","2","2","6","0","0","0",".233",".299",".383",".682",".292","0.0","0.0","0.0","12174"
"Tim Federowicz","Rangers","16","66","60","14","3","0","2","7","7","5","18","0","0","0",".236",".295",".391",".686",".292","-0.2","0.0","0.1","8609"
"Jose Iglesias","Reds","51","214","200","53","11","1","3","21","21","10","28","2","4","2",".267",".307",".375",".682",".291","1.5","-0.2","0.3","10231"
"Danny Mendick","White Sox","1","3","2","1","0","0","0","0","0","0","1","0","0","0",".236",".305",".369",".674",".291","0.0","0.0","0.0","sa875320"
"Josh Phegley","Athletics","24","99","90","21","6","0","3","11","13","6","20","1","0","0",".233",".286",".402",".688",".291","-0.1","-0.1","0.2","9308"
"Leury Garcia","White Sox","52","220","205","54","9","1","4","26","19","10","52","3","6","2",".265",".305",".374",".678",".291","0.6","0.4","0.4","5913"
"Harold Ramirez","Marlins","45","190","177","46","9","0","3","20","19","9","37","3","3","1",".261",".303",".377",".680",".291","-0.5","0.1","0.0","14387"
"Taylor Ward","Angels","2","8","7","2","0","0","0","1","1","1","2","0","0","0",".231",".307",".364",".672",".291","0.0","0.0","0.0","17548"
"Kevin Pillar","Giants","52","219","205","52","13","1","5","23","24","9","35","3","5","2",".254",".291",".398",".689",".291","2.0","0.7","0.3","12434"
"Bradley Zimmer","Indians","15","63","56","13","3","0","2","7","7","5","21","1","2","1",".228",".301",".376",".677",".291","0.3","0.2","0.1","16221"
"Sam Travis","Red Sox","4","18","16","4","1","0","0","2","2","1","4","0","0","0",".246",".303",".372",".675",".291","0.0","0.0","0.0","16263"
"Guillermo Heredia","Rays","13","54","48","12","2","0","1","6","4","4","10","1","0","0",".243",".320",".342",".662",".291","-0.1","-0.1","0.0","18721"
"Brandon Drury","Blue Jays","30","125","114","27","7","0","3","13","13","9","31","1","0","0",".236",".294",".388",".682",".290","-0.5","-0.1","0.0","11615"
"Carlos Perez","Orioles","0","2","2","1","0","0","0","0","0","0","0","0","0","0",".245",".295",".386",".681",".290","0.0","0.0","0.0","10642"
"Rio Ruiz","Orioles","21","90","81","19","3","0","2","9","9","8","20","0","0","0",".240",".305",".370",".676",".290","0.5","0.0","0.1","14103"
"Tommy Edman","Cardinals","13","56","52","13","2","1","1","6","5","3","10","0","2","0",".255",".304",".372",".676",".290","-0.1","0.2","0.1","19470"
"Joey Rickard","Giants","2","8","7","2","0","0","0","1","1","1","2","0","0","0",".235",".308",".364",".672",".290","0.0","0.0","0.0","13277"
"Kevin Kramer","Pirates","3","13","12","3","1","0","0","1","1","1","3","0","0","0",".246",".304",".371",".675",".290","0.0","0.0","0.0","17689"
"Nicky Lopez","Royals","52","219","199","52","8","2","2","23","17","15","26","1","4","2",".260",".316",".350",".666",".290","0.9","0.0","0.3","19339"
"Welington Castillo","White Sox","16","67","62","14","2","0","3","6","8","4","19","1","0","0",".229",".287",".396",".682",".290","-0.1","-0.2","0.1","3256"
"Greg Allen","Indians","27","113","101","25","5","1","1","13","10","7","24","3","5","2",".246",".311",".356",".667",".290","-0.6","0.3","-0.1","16623"
"Mike Yastrzemski","Giants","33","138","124","28","6","1","4","15","15","11","37","1","2","1",".229",".296",".387",".682",".290","1.1","-0.1","0.0","14854"
"Austin Allen","Padres","2","10","9","2","0","0","0","1","1","1","2","0","0","0",".239",".294",".393",".686",".289","-0.1","0.0","0.0","18083"
"Josh Harrison","Tigers","15","61","56","14","3","0","1","7","6","3","11","1","1","0",".250",".299",".378",".676",".289","0.0","0.1","0.1","8202"
"Luis Barrera","Athletics","1","3","2","1","0","0","0","0","0","0","0","0","0","0",".255",".297",".383",".680",".289","0.0","0.0","0.0","sa736690"
"Eli White","Rangers","1","3","2","1","0","0","0","0","0","0","1","0","0","0",".242",".305",".364",".669",".289","0.0","0.0","0.0","sa738478"
"Isiah Kiner-Falefa","Rangers","12","50","45","11","2","0","1","5","4","4","9","1","1","0",".251",".317",".344",".660",".288","-0.1","0.0","-0.1","16512"
"Donovan Solano","Giants","19","78","73","20","4","0","1","7","7","3","12","1","0","0",".271",".305",".367",".672",".288","-0.2","-0.1","0.0","8623"
"Joey Wendle","Rays","42","177","163","41","10","1","3","18","17","9","35","3","4","1",".252",".302",".373",".675",".288","1.3","0.3","0.4","13853"
"Jordy Mercer","Tigers","31","130","117","29","6","0","3","13","12","10","23","1","0","0",".244",".308",".375",".684",".288","-1.0","0.0","0.1","6547"
"Pablo Reyes","Pirates","2","8","7","2","0","0","0","1","1","1","2","0","0","0",".246",".301",".371",".672",".288","0.0","0.0","0.0","16357"
"Jared Walsh","Angels","2","10","9","2","1","0","0","1","1","1","3","0","0","0",".226",".288",".393",".681",".288","0.0","0.0","0.0","18607"
"Hernan Perez","Brewers","4","18","17","4","1","0","1","2","2","1","4","0","1","0",".250",".286",".396",".682",".288","0.0","0.0","0.0","5751"
"Mikie Mahtook","Tigers","3","11","10","2","0","0","0","1","1","1","3","0","0","0",".228",".290",".388",".677",".288","0.0","0.0","0.0","13130"
"Pedro Severino","Orioles","24","99","90","21","4","0","3","10","11","7","20","1","1","0",".237",".296",".379",".675",".288","0.2","-0.1","0.2","14523"
"Patrick Wisdom","Rangers","1","3","2","1","0","0","0","0","0","0","1","0","0","0",".219",".287",".388",".675",".287","0.0","0.0","0.0","13602"
"Carlos Gomez","","42","175","156","34","7","1","5","18","18","11","50","5","5","2",".220",".293",".372",".666",".287","0.7","0.2","-0.1","4881"
"Max Moroff","Indians","1","3","2","0","0","0","0","0","0","0","1","0","0","0",".208",".310",".344",".654",".287","0.0","0.0","0.0","14556"
"Brandon Phillips","","17","70","65","17","3","0","1","7","7","3","11","1","1","0",".257",".297",".374",".671",".287","0.1","-0.3","0.0","791"
"Orlando Arcia","Brewers","47","198","181","44","8","1","5","20","20","14","40","1","4","2",".246",".300",".377",".677",".287","-0.4","0.0","0.1","13185"
"Charlie Culberson","Braves","8","34","32","8","1","0","1","4","4","2","8","0","0","0",".247",".292",".389",".681",".287","0.1","0.0","0.0","3298"
"Yolmer Sanchez","White Sox","55","229","208","50","10","2","4","23","21","15","50","2","4","2",".243",".300",".367",".666",".287","1.0","-0.2","0.3","11602"
"Dee Gordon","Mariners","43","180","169","47","6","2","1","20","13","6","26","2","10","3",".279",".308",".359",".667",".287","-0.7","1.0","0.3","8203"
"Drew Butera","Rockies","2","7","6","2","0","0","0","1","1","1","2","0","0","0",".235",".299",".368",".667",".287","-0.1","0.0","0.0","3411"
"Matt Thaiss","Angels","24","99","90","21","4","1","2","11","10","8","22","1","1","1",".233",".297",".370",".666",".286","0.0","-0.1","0.0","19318"
"Myles Straw","Astros","4","18","15","4","1","0","0","2","1","2","4","0","1","0",".250",".328",".315",".643",".286","0.1","0.1","0.1","17620"
"Shed Long","Mariners","6","27","24","6","1","0","1","3","3","2","7","0","1","0",".231",".298",".366",".664",".286","-0.1","0.0","0.0","16542"
"Jon Jay","White Sox","52","218","196","50","8","1","2","24","15","13","41","5","1","1",".256",".317",".335",".652",".286","0.4","-0.2","-0.1","5227"
"Chris Davis","Orioles","28","119","104","20","4","0","5","12","14","12","45","1","0","0",".197",".288",".380",".669",".286","0.1","0.0","-0.1","9272"
"Lane Thomas","Cardinals","2","8","7","2","0","0","0","1","1","1","2","0","0","0",".232",".290",".377",".667",".285","0.0","0.0","0.0","16939"
"Cedric Mullins II","Orioles","31","129","118","28","6","1","3","15","12","8","24","1","4","1",".236",".291",".377",".668",".285","-0.5","0.3","0.1","17929"
"Chris Shaw","Giants","2","8","7","2","0","0","0","1","1","0","2","0","0","0",".232",".283",".389",".672",".285","0.0","0.0","0.0","17738"
"Pat Valaika","Rockies","6","26","24","6","1","0","1","3","3","1","7","0","0","0",".232",".275",".401",".676",".285","0.1","0.0","0.0","14885"
"JaCoby Jones","Tigers","56","235","213","48","10","2","7","26","22","16","73","4","6","2",".224",".286",".384",".670",".285","0.1","0.5","0.2","14818"
"Taylor Davis","Cubs","0","2","2","1","0","0","0","0","0","0","0","0","0","0",".242",".305",".351",".656",".285","0.0","0.0","0.0","12782"
"Jorge Alfaro","Marlins","41","171","159","38","7","1","5","16","18","7","58","4","1","1",".241",".288",".382",".670",".284","-0.3","-0.2","0.5","12180"
"Andrew Susac","Royals","2","7","6","1","0","0","0","1","1","1","2","0","0","0",".214",".297",".360",".657",".284","0.0","0.0","0.0","13132"
"Sean Rodriguez","Phillies","7","29","26","5","1","0","1","3","3","3","10","0","0","0",".201",".287",".376",".663",".284","0.0","0.0","0.0","6589"
"Spencer Kieboom","Nationals","1","5","4","1","0","0","0","0","0","0","1","0","0","0",".237",".308",".341",".649",".284","0.0","0.0","0.0","13300"
"Travis Jankowski","Padres","16","66","59","14","2","0","1","7","5","6","15","1","3","1",".240",".317",".325",".642",".284","0.0","0.2","0.0","13768"
"Mauricio Dubon","Brewers","5","20","19","5","1","0","0","2","2","1","4","0","1","0",".254",".291",".375",".666",".284","0.0","0.0","0.0","16530"
"Zach Green","Giants","2","10","9","2","1","0","0","1","1","1","4","0","0","0",".215",".279",".388",".668",".284","0.0","0.0","0.0","14973"
"Brett Phillips","Royals","2","8","7","1","0","0","0","1","1","1","3","0","0","0",".211",".295",".367",".662",".283","0.1","0.0","0.0","14735"
"Chris Herrmann","Athletics","22","92","80","17","3","1","2","10","10","10","26","0","1","0",".212",".300",".354",".653",".283","0.3","0.1","0.2","9284"
"Mike Zunino","Rays","32","133","120","24","5","0","6","14","16","10","45","2","0","0",".202",".272",".396",".668",".283","0.3","-0.1","0.5","13265"
"Mitch Walding","Phillies","1","3","2","0","0","0","0","0","0","0","1","0","0","0",".191",".294",".358",".651",".283","0.0","0.0","0.0","13006"
"Gordon Beckham","Tigers","9","36","33","8","2","0","1","4","3","3","7","0","0","0",".231",".295",".361",".656",".283","0.0","0.0","0.0","9015"
"Edwin Rios","Dodgers","3","13","12","3","1","0","0","1","2","1","4","0","0","0",".230",".278",".396",".673",".283","0.0","0.0","0.0","18316"
"Nick Gordon","Twins","1","5","5","1","0","0","0","1","1","0","1","0","0","0",".255",".296",".364",".660",".283","0.0","0.0","0.0","sa828662"
"Jon Berti","Marlins","10","41","37","9","1","0","1","4","3","3","9","1","2","1",".233",".303",".346",".649",".283","0.0","0.1","0.0","12037"
"Steven Duggar","Giants","26","110","99","24","5","1","1","11","9","9","31","1","2","1",".241",".303",".352",".655",".283","-0.1","0.0","0.0","17719"
"Zack Collins","White Sox","5","23","19","3","1","0","1","2","2","3","8","0","0","0",".183",".304",".335",".639",".282","-0.1","0.0","0.0","19181"
"Christian Arroyo","Rays","0","2","2","1","0","0","0","0","0","0","1","0","0","0",".239",".290",".372",".662",".282","0.0","0.0","0.0","16434"
"Kyle Farmer","Reds","7","30","28","7","2","0","1","3","3","2","7","0","0","0",".239",".288",".376",".663",".282","0.0","0.0","0.0","14813"
"Austin Jackson","","17","70","63","15","3","0","1","7","6","5","20","0","1","0",".240",".302",".350",".652",".282","-1.1","0.1","-0.1","9848"
"Martin Prado","Marlins","20","86","80","20","4","0","1","8","8","5","13","0","0","0",".256",".302",".350",".652",".281","0.4","-0.2","0.0","3312"
"Dustin Peterson","Tigers","5","19","18","4","1","0","0","2","2","1","5","0","0","0",".238",".288",".368",".656",".281","0.1","0.0","0.0","15189"
"Kyle Higashioka","Yankees","3","14","13","3","1","0","1","2","2","1","3","0","0","0",".220",".273",".393",".666",".281","-0.1","0.0","0.0","5517"
"Tzu-Wei Lin","Red Sox","2","8","7","2","0","0","0","1","1","1","2","0","0","0",".245",".301",".349",".650",".281","0.0","0.0","0.0","14678"
"Michael A. Taylor","Nationals","4","16","14","3","1","0","0","2","2","1","5","0","1","0",".230",".288",".372",".660",".281","0.0","0.1","0.0","11489"
"Thairo Estrada","Yankees","1","5","5","1","0","0","0","1","0","0","1","0","0","0",".251",".292",".363",".654",".281","0.0","0.0","0.0","16426"
"Reese McGuire","Blue Jays","6","27","25","6","1","0","1","3","3","2","6","0","0","0",".231",".295",".357",".652",".281","-0.1","0.0","0.1","15674"
"Willi Castro","Tigers","12","50","46","11","2","1","1","5","5","3","11","1","1","1",".246",".294",".359",".653",".280","0.0","0.0","0.1","sa830274"
"Troy Stokes Jr.","Brewers","1","3","2","0","0","0","0","0","0","0","1","0","0","0",".212",".287",".364",".651",".280","0.0","0.0","0.0","sa828871"
"Austin Romine","Yankees","17","70","65","16","3","0","2","7","9","4","16","0","0","0",".240",".283",".374",".657",".280","0.0","0.0","0.2","5491"
"Drew Robinson","Cardinals","2","8","7","1","0","0","0","1","1","1","3","0","0","0",".203",".288",".364",".651",".280","0.0","0.0","0.0","11761"
"Jacob Stallings","Pirates","22","94","86","22","5","0","1","9","9","6","20","1","0","0",".251",".302",".358",".660",".279","1.0","-0.1","0.2","13723"
"Luis Guillorme","Mets","2","8","7","2","0","0","0","1","1","1","1","0","0","0",".245",".314",".316",".631",".279","0.0","0.0","0.0","16451"
"Bryan Holaday","Marlins","12","49","44","11","2","0","1","4","5","3","9","1","0","0",".238",".297",".355",".651",".279","0.4","-0.1","0.1","11287"
"Austin Hedges","Padres","23","96","89","19","4","0","4","9","12","6","28","1","1","0",".219",".272",".393",".666",".279","0.6","0.0","0.5","12976"
"Max Stassi","Astros","15","64","57","12","2","0","2","7","7","6","20","1","0","0",".208",".287",".356",".643",".279","-0.3","0.0","0.3","10059"
"Raudy Read","Nationals","0","2","2","1","0","0","0","0","0","0","0","0","0","0",".240",".280",".380",".660",".279","0.0","0.0","0.0","15766"
"Wilmer Difo","Nationals","7","29","26","6","1","0","0","3","3","2","6","0","1","0",".245",".303",".349",".652",".279","0.1","0.0","0.0","14320"
"Mike Freeman","Indians","11","47","43","10","2","0","1","5","4","4","12","0","1","0",".242",".303",".338",".641",".278","0.0","0.0","0.0","11241"
"Kelvin Gutierrez","Royals","11","48","45","11","2","0","1","5","4","3","12","0","1","0",".244",".292",".354",".646",".278","0.1","0.0","0.0","17468"
"Erick Mejia","Royals","2","8","7","2","0","0","0","1","1","0","1","0","0","0",".247",".299",".344",".643",".278","0.0","0.0","0.0","sa694960"
"Kyle Garlick","Dodgers","1","5","5","1","0","0","0","1","1","0","2","0","0","0",".216",".263",".402",".665",".278","0.0","0.0","0.0","18063"
"Andrew Knapp","Phillies","8","33","29","6","1","0","1","3","3","4","11","0","0","0",".207",".303",".334",".636",".278","-0.2","0.0","0.0","14942"
"Garrett Stubbs","Astros","4","18","16","4","1","0","0","2","2","2","3","0","0","0",".230",".300",".337",".637",".278","0.1","0.0","0.0","18067"
"Jose Rondon","White Sox","11","46","43","10","2","0","1","5","5","3","11","0","1","0",".231",".277",".374",".652",".277","0.2","-0.1","0.0","14140"
"Nick Hundley","Athletics","4","16","15","3","1","0","0","2","2","1","4","0","0","0",".225",".273",".387",".660",".277","-0.2","0.0","0.0","3376"
"Daz Cameron","Tigers","6","25","22","5","1","0","0","2","2","2","7","0","1","0",".224",".287",".357",".643",".277","0.0","0.0","0.0","sa874736"
"Martin Maldonado","Cubs","12","52","47","10","2","0","1","5","5","3","12","1","0","0",".220",".285",".359",".644",".277","0.4","-0.1","0.2","6887"
"Michael Perez","Rays","3","11","10","2","1","0","0","1","1","1","3","0","0","0",".230",".288",".353",".641",".277","0.1","0.0","0.0","12977"
"Beau Taylor","Athletics","3","11","10","2","0","0","0","1","1","1","3","0","0","0",".213",".306",".321",".627",".277","0.0","0.0","0.0","12384"
"Andrew Stevenson","Nationals","11","46","42","10","1","0","1","5","4","3","11","0","1","1",".245",".301",".335",".636",".277","0.0","0.0","-0.1","17932"
"Cole Tucker","Pirates","6","26","24","6","1","0","0","3","2","2","6","0","1","0",".236",".295",".347",".642",".276","0.1","0.0","0.0","17326"
"Brendan McKay","Rays","1","5","4","1","0","0","0","1","1","0","2","0","0","0",".207",".284",".355",".640",".276","0.0","0.0","0.0","20186"
"Tim Lopes","Mariners","6","27","25","6","1","0","0","2","2","2","5","0","1","0",".245",".295",".342",".638",".276","0.0","0.0","0.0","14137"
"Roman Quinn","Phillies","32","134","121","27","5","2","2","14","12","10","38","1","8","3",".227",".291",".348",".639",".276","-0.6","0.5","-0.1","13546"
"Tom Murphy","Mariners","17","70","65","14","3","0","3","7","8","4","26","1","1","0",".213",".260",".400",".660",".276","-0.3","0.0","0.1","13499"
"Austin Wynns","Orioles","6","24","22","5","1","0","1","2","2","2","5","0","0","0",".236",".292",".346",".638",".276","0.0","0.0","0.0","15271"
"Jack Mayfield","Astros","2","8","7","2","0","0","0","1","1","0","2","0","0","0",".225",".273",".376",".649",".276","0.0","0.0","0.0","15402"
"Erik Kratz","Yankees","0","2","2","0","0","0","0","0","0","0","1","0","0","0",".222",".279",".363",".642",".276","0.0","0.0","0.0","4403"
"Dawel Lugo","Tigers","7","28","26","7","1","0","0","3","3","1","4","0","0","0",".255",".282",".367",".649",".276","-0.1","0.0","0.0","14713"
"Jake Noll","Nationals","1","3","2","1","0","0","0","0","0","0","1","0","0","0",".246",".286",".358",".644",".276","0.0","0.0","0.0","19703"
"Jonathan Davis","Blue Jays","7","28","25","5","1","0","1","3","2","2","7","1","1","0",".217",".290",".343",".633",".276","0.2","0.0","0.0","15104"
"Phil Gosselin","Phillies","1","5","5","1","0","0","0","1","0","0","1","0","0","0",".238",".291",".347",".638",".276","0.0","0.0","0.0","10953"
"Tyler Saladino","Brewers","12","50","45","10","2","0","1","5","5","4","13","1","1","0",".221",".286",".351",".637",".275","0.0","0.1","0.0","10807"
"Keon Broxton","Orioles","2","8","7","1","0","0","0","1","1","1","3","0","0","0",".204",".281",".357",".638",".275","0.0","0.0","0.0","9253"
"Dylan Moore","Mariners","14","59","53","12","2","0","1","6","5","4","15","1","2","1",".218",".287",".350",".637",".275","0.3","0.0","0.0","18042"
"Yu-Cheng Chang","Indians","3","11","10","2","0","0","0","1","1","1","3","0","0","0",".216",".283",".357",".640",".275","0.0","0.0","0.0","14773"
"J.T. Riddle","Marlins","29","122","114","27","5","1","3","11","13","6","27","0","1","1",".236",".278",".372",".650",".275","0.1","-0.1","0.0","17642"
"Austin Nola","Mariners","12","51","46","11","2","0","1","5","4","4","10","1","0","0",".234",".298",".330",".628",".274","0.1","0.0","0.0","15941"
"Michael Hermosillo","Angels","4","15","14","3","1","0","0","2","1","1","5","0","0","0",".214",".288",".343",".631",".274","-0.1","0.0","0.0","16285"
"Raffy Lopez","Braves","0","2","2","0","0","0","0","0","0","0","1","0","0","0",".217",".288",".355",".643",".274","0.0","0.0","0.0","12606"
"Tyler Wade","Yankees","1","3","2","1","0","0","0","0","0","0","1","0","0","0",".229",".296",".332",".628",".274","0.0","0.0","0.0","15730"
"Cam Gallagher","Royals","30","128","116","27","6","0","2","12","11","9","22","1","0","0",".235",".294",".335",".629",".273","0.4","-0.2","0.4","12981"
"Abiatal Avelino","Giants","4","15","14","3","1","0","0","1","1","1","3","0","0","0",".243",".280",".362",".642",".273","0.1","0.0","0.0","15496"
"Erik Gonzalez","Pirates","11","47","44","11","2","0","1","5","4","2","12","0","1","0",".246",".283",".363",".646",".273","-0.1","0.0","0.0","13369"
"Adeiny Hechavarria","Mets","16","68","63","16","3","0","1","7","7","3","12","0","1","0",".245",".285",".356",".641",".272","0.2","0.0","0.0","10459"
"Victor Reyes","Tigers","7","30","29","7","1","0","0","3","2","1","6","0","1","0",".253",".286",".352",".638",".272","0.1","0.0","0.0","15487"
"Dustin Garneau","Angels","5","23","21","4","1","0","1","2","2","2","6","0","0","0",".208",".280",".350",".629",".272","0.1","0.0","0.0","9433"
"Lewis Brinson","Marlins","32","134","123","27","5","1","4","12","14","8","39","2","2","1",".219",".273",".369",".642",".272","0.5","0.1","0.0","14352"
"Skye Bolt","Athletics","1","5","5","1","0","0","0","1","0","0","1","0","0","0",".215",".281",".352",".633",".272","0.0","0.0","0.0","17723"
"Rene Rivera","Mets","4","17","15","3","1","0","1","2","2","1","5","0","0","0",".212",".263",".379",".642",".271","0.1","-0.1","0.0","3648"
"John Hicks","Tigers","33","140","130","30","6","0","4","13","14","7","39","1","1","0",".230",".272",".365",".637",".271","0.3","-0.2","-0.2","12547"
"Jacob Nottingham","Brewers","3","11","10","2","0","0","0","1","1","1","4","0","0","0",".206",".276",".355",".631",".271","0.0","0.0","0.0","16448"
"Jorge Mateo","Athletics","4","18","16","4","1","0","0","2","2","1","5","0","1","0",".235",".273",".367",".640",".271","0.0","0.0","0.0","sa657910"
"Peter O'Brien","Marlins","1","3","2","0","0","0","0","0","0","0","1","0","0","0",".191",".262",".379",".641",".271","0.0","0.0","0.0","13288"
"Monte Harrison","Marlins","3","11","10","2","0","0","0","1","1","1","4","0","0","0",".216",".275",".355",".630",".271","0.0","0.0","0.0","sa828691"
"Chad Wallach","Marlins","4","17","15","3","1","0","0","2","2","1","5","0","0","0",".210",".285",".336",".620",".270","0.0","0.0","0.0","17161"
"Adrian Sanchez","Nationals","1","5","5","1","0","0","0","0","0","0","1","0","0","0",".249",".285",".347",".632",".270","0.0","0.0","0.0","11338"
"Steve Wilkerson","Orioles","14","58","53","12","2","0","1","6","5","3","16","1","1","1",".229",".281",".348",".629",".270","-0.1","-0.1","-0.1","16041"
"Billy Hamilton","Royals","34","143","129","30","5","2","1","16","9","11","31","0","10","2",".236",".296",".322",".618",".270","1.9","1.4","0.2","10199"
"Alex Jackson","Braves","2","9","8","2","0","0","0","1","1","1","3","0","0","0",".203",".267",".372",".639",".270","-0.1","0.0","0.0","17276"
"Andrew Velazquez","Indians","2","8","7","2","0","0","0","1","1","0","2","0","0","0",".228",".276",".354",".630",".270","0.0","0.0","0.0","14196"
"Meibrys Viloria","Royals","13","56","51","12","2","0","1","5","5","4","13","0","0","0",".232",".286",".335",".621",".270","0.4","0.0","0.1","17109"
"John Ryan Murphy","Diamondbacks","1","5","4","1","0","0","0","0","0","0","1","0","0","0",".213",".267",".367",".634",".269","0.0","0.0","0.0","10346"
"Rob Brantly","Phillies","0","2","2","1","0","0","0","0","0","0","0","0","0","0",".231",".277",".350",".626",".269","0.0","0.0","0.0","10655"
"Bubba Starling","Royals","32","135","124","28","6","1","3","13","12","8","38","1","2","1",".223",".274",".350",".625",".268","0.7","0.0","-0.1","13356"
"Eric Haase","Indians","3","12","11","2","0","0","0","1","1","1","5","0","0","0",".195",".256",".375",".632",".268","0.0","0.0","0.0","14111"
"Wilfredo Tovar","Angels","1","5","5","1","0","0","0","0","0","0","1","0","0","0",".244",".287",".330",".617",".267","0.0","0.0","0.0","10416"
"Ryan Cordell","White Sox","30","125","115","25","4","1","3","12","12","7","38","1","2","1",".219",".269",".356",".625",".267","0.0","0.1","-0.2","15181"
"Ryan Goins","White Sox","11","46","42","9","2","0","1","4","4","3","12","0","0","0",".221",".281",".337",".618",".267","-0.1","0.0","0.0","9807"
"Sergio Alcantara","Tigers","1","3","3","1","0","0","0","0","0","0","1","0","0","0",".237",".298",".307",".605",".267","0.0","0.0","0.0","sa739641"
"Adolis Garcia","Cardinals","1","3","2","1","0","0","0","0","0","0","1","0","0","0",".219",".252",".383",".635",".266","0.0","0.0","0.0","19287"
"Richie Martin Jr.","Orioles","41","174","158","36","6","2","2","16","13","11","41","2","5","2",".225",".283",".332",".615",".266","-0.7","0.0","-0.1","17736"
"Seby Zavala","White Sox","1","5","5","1","0","0","0","0","1","0","2","0","0","0",".210",".264",".358",".623",".266","0.0","0.0","0.0","18887"
"Sandy Leon","Red Sox","20","82","74","16","3","0","2","8","8","6","20","1","0","0",".219",".279",".336",".615",".266","0.5","-0.1","0.2","5273"
"Edmundo Sosa","Cardinals","1","5","5","1","0","0","0","1","0","0","1","0","0","0",".237",".274",".349",".623",".266","0.0","0.0","0.0","17022"
"Charlie Tilson","White Sox","27","112","102","24","4","1","1","10","8","7","23","1","3","1",".240",".293",".315",".608",".266","-0.3","0.1","-0.2","12983"
"Braden Bishop","Mariners","12","52","47","11","2","0","1","5","4","3","12","1","1","0",".229",".287",".320",".606",".265","0.4","0.0","0.0","17806"
"Blake Swihart","Diamondbacks","9","36","33","7","1","0","1","4","3","3","11","0","0","0",".213",".278",".332",".610",".265","0.0","0.1","-0.1","13176"
"Anthony Alford","Blue Jays","5","23","20","4","1","0","0","2","2","2","7","0","1","0",".213",".283",".322",".605",".265","0.1","0.0","0.0","14329"
"Grayson Greiner","Tigers","26","111","100","21","4","0","3","10","10","9","32","1","0","0",".207",".277",".332",".609",".265","0.4","0.0","0.1","17062"
"Adam Engel","White Sox","20","82","74","16","3","1","2","8","7","5","25","1","3","1",".214",".274",".338",".612",".265","0.1","0.2","0.0","15082"
"Harold Castro","Tigers","35","147","139","35","5","1","1","13","12","4","29","1","2","1",".255",".278",".340",".618",".264","0.8","-0.2","-0.2","14691"
"Tyrone Taylor","Brewers","2","10","9","2","0","0","0","1","1","1","2","0","0","0",".218",".265",".353",".618",".264","0.0","0.0","0.0","sa657979"
"Caleb Joseph","Diamondbacks","5","19","17","4","1","0","0","2","2","1","5","0","0","0",".222",".267",".350",".617",".264","0.1","0.0","0.0","7087"
"Kristopher Negron","Mariners","4","17","16","3","1","0","0","2","2","1","5","0","0","0",".212",".275",".333",".608",".264","0.0","0.0","0.0","5306"
"Oscar Hernandez","Red Sox","0","2","2","0","0","0","0","0","0","0","1","0","0","0",".214",".270",".342",".611",".263","0.0","0.0","0.0","13490"
"Aramis Garcia","Giants","9","37","35","7","1","0","1","3","4","2","12","0","0","0",".213",".262",".356",".617",".263","0.1","0.0","0.0","16925"
"Derek Hill","Tigers","1","3","3","1","0","0","0","0","0","0","1","0","0","0",".222",".271",".341",".613",".263","0.0","0.0","0.0","sa828670"
"Luis Torrens","Padres","0","2","2","0","0","0","0","0","0","0","0","0","0","0",".225",".279",".329",".608",".263","0.0","0.0","0.0","15905"
"Jose Briceno","Angels","0","2","2","0","0","0","0","0","0","0","1","0","0","0",".217",".257",".363",".620",".263","0.0","0.0","0.0","13151"
"Juan Lagares","Mets","18","74","68","16","3","0","1","8","6","4","17","1","2","1",".231",".282",".334",".616",".263","0.2","0.1","-0.1","5384"
"Jose Trevino","Rangers","2","7","7","2","0","0","0","1","1","0","1","0","0","0",".233",".273",".338",".611",".262","0.0","0.0","0.0","16725"
"Jesus Sucre","Orioles","0","2","2","1","0","0","0","0","0","0","0","0","0","0",".237",".282",".321",".603",".261","0.0","0.0","0.0","5942"
"Isaac Galloway","Marlins","1","3","2","1","0","0","0","0","0","0","1","0","0","0",".219",".264",".343",".607",".260","0.0","0.0","0.0","5238"
"Tomas Nido","Mets","16","67","64","14","3","0","1","6","7","3","15","0","0","0",".226",".262",".346",".608",".258","-0.1","0.0","0.1","13755"
"Richard Urena","Blue Jays","4","18","16","4","1","0","0","2","2","1","4","0","0","0",".231",".265",".340",".605",".258","0.0","0.0","0.0","16411"
"Anthony Bemboom","Angels","0","2","2","0","0","0","0","0","0","0","1","0","0","0",".210",".280",".308",".589",".257","0.0","0.0","0.0","13854"
"Ian Miller","Mariners","4","15","14","3","1","0","0","1","1","1","3","0","1","0",".228",".279",".309",".589",".257","0.0","0.0","0.0","sa738894"
"Juan Graterol","Reds","5","22","21","5","1","0","0","2","2","1","3","0","0","0",".247",".277",".316",".593",".257","0.0","0.0","0.0","5398"
"Jhonatan Solano","","8","32","30","6","1","0","1","3","3","2","5","0","0","0",".220",".267",".323",".591",".255","0.0","0.0","0.0","7515"
"Humberto Arteaga","Royals","7","31","29","7","1","0","0","3","2","1","5","0","0","0",".242",".272",".312",".584",".253","0.4","0.0","0.0","13595"
"Luke Maile","Blue Jays","12","50","46","9","2","0","1","5","5","4","13","0","0","0",".201",".263",".314",".577",".251","0.3","0.0","0.1","13355"
"Blake Trahan","Reds","1","3","2","1","0","0","0","0","0","0","1","0","0","0",".220",".276",".295",".572",".251","0.0","0.0","0.0","17588"
"Steven Baron","Pirates","0","2","2","0","0","0","0","0","0","0","1","0","0","0",".213",".273",".294",".567",".250","0.0","0.0","0.0","9787"
"Deven Marrero","Marlins","1","3","2","1","0","0","0","0","0","0","1","0","0","0",".207",".259",".310",".569",".247","0.0","0.0","0.0","13325"
"Eric Stamets","Indians","1","5","5","1","0","0","0","1","0","0","2","0","0","0",".193",".256",".309",".565",".246","0.0","0.0","0.0","13795"
"Rocky Gale","Dodgers","0","2","2","0","0","0","0","0","0","0","0","0","0","0",".222",".261",".302",".563",".243","0.0","0.0","0.0","10533"
"Terrance Gore","Yankees","1","5","5","1","0","0","0","1","0","0","1","0","1","0",".209",".275",".260",".536",".241","0.0","0.1","0.0","13658"
"Bobby Wilson","Tigers","13","56","51","10","2","0","1","5","5","4","14","0","0","0",".193",".249",".298",".547",".237","0.0","-0.1","-0.1","6564"
"Yadiel Rivera","Marlins","9","38","34","7","1","0","0","3","3","2","11","0","1","0",".201",".255",".285",".540",".236","0.2","0.0","-0.1","11863"
"Wilkin Castillo","Marlins","2","7","7","1","0","0","0","1","1","0","1","0","0","0",".206",".246",".301",".547",".235","0.0","0.0","0.0","5124"
"Jeff Mathis","Rangers","27","114","104","20","4","0","2","9","9","8","36","1","0","0",".192",".254",".280",".534",".234","0.2","-0.2","-0.1","3448"
"Arquimedes Gamboa","Phillies","1","3","2","0","0","0","0","0","0","0","1","0","0","0",".186",".260",".257",".517",".232","0.0","0.0","0.0","sa877497"
"Magneuris Sierra","Marlins","0","0","0","0","0","0","0","0","0","0","0","0","0","0",".000",".000",".000",".000",".000","0.0","0.0","0.0","17023"
