"Name","Team","G","PA","AB","H","2B","3B","HR","R","RBI","BB","SO","HBP","SB","CS","AVG","OBP","SLG","OPS","wOBA","Fld","BsR","WAR","ADP","playerid"
"Mike Trout","Angels","157","658","517","153","28","4","40","114","101","124","135","10","23","6",".295",".437",".595","1.032",".427","0.4","3.6","9.2","1.1","10155"
"Juan Soto","Nationals","152","637","539","158","30","3","32","98","101","92","122","2","7","3",".294",".397",".538",".935",".395","-4.7","0.4","4.7","35.3","20123"
"Bryce Harper","Phillies","148","623","500","133","28","1","35","97","100","112","147","4","12","5",".266",".401",".534",".934",".392","-3.5","0.7","4.8","17.0","11579"
"J.D. Martinez","Red Sox","155","651","576","169","35","2","39","98","117","66","163","4","4","2",".293",".366",".565",".931",".389","-0.1","-1.8","4.0","6.1","6184"
"Mookie Betts","Red Sox","162","679","591","178","43","4","29","115","95","76","92","5","27","7",".301",".382",".532",".913",".386","16.9","5.3","7.4","1.9","13611"
"Christian Yelich","Brewers","155","651","567","169","35","4","27","98","94","72","136","6","17","5",".297",".380",".519",".898",".383","2.3","2.7","5.2","6.9","11477"
"Giancarlo Stanton","Yankees","145","609","530","138","25","1","44","94","113","67","179","7","3","1",".261",".349",".563",".912",".381","1.6","-0.2","4.2","21.4","4949"
"Joey Votto","Reds","155","651","525","149","28","2","21","85","81","114","108","7","4","1",".284",".415",".466",".881",".381","1.8","-3.0","3.9","65.3","4314"
"Jose Ramirez","Indians","155","651","562","162","41","4","28","100","94","77","74","5","25","8",".289",".377",".522",".899",".380","3.8","3.7","6.3","4.2","13510"
"Freddie Freeman","Braves","157","658","565","165","39","3","27","91","93","80","132","8","8","3",".292",".384",".513",".897",".379","5.2","0.4","4.6","21.6","5361"
"Nolan Arenado","Rockies","155","651","578","166","38","4","36","97","112","62","114","3","3","2",".287",".357",".550",".907",".379","7.0","-0.5","4.9","7.1","9777"
"Aaron Judge","Yankees","150","630","523","134","22","1","38","97","97","94","196","6","8","3",".255",".372",".517",".889",".377","6.7","0.4","5.2","14.2","15640"
"Anthony Rizzo","Cubs","155","651","548","153","33","2","28","88","98","78","89","19","8","4",".279",".384",".501",".885",".375","4.9","-1.4","4.3","37.8","3473"
"Kris Bryant","Cubs","155","651","552","151","33","4","28","94","86","76","145","16","6","4",".273",".373",".498",".872",".372","0.7","1.7","5.4","32.4","15429"
"Alex Bregman","Astros","155","651","562","156","39","3","25","95","91","75","88","8","11","5",".278",".369",".494",".863",".370","-1.7","0.7","5.5","14.1","17678"
"Nelson Cruz","Twins","147","616","541","148","24","1","35","82","110","58","132","12","1","0",".274",".355",".517",".871",".369","0.0","-2.4","2.8","95.3","2434"
"Josh Donaldson","Braves","133","560","473","124","26","2","27","80","78","77","121","5","4","1",".262",".368",".493",".861",".369","2.3","0.2","4.4","102.3","5038"
"Daniel Murphy","Rockies","147","616","561","175","40","3","22","84","91","44","73","5","4","1",".311",".363",".510",".873",".369","-1.3","-0.5","2.0","65.0","4316"
"Paul Goldschmidt","Cardinals","157","658","553","151","29","3","27","92","90","93","157","7","12","4",".273",".382",".484",".866",".368","3.7","1.4","4.2","18.8","9218"
"Charlie Blackmon","Rockies","150","630","563","165","29","6","26","101","73","51","119","9","12","6",".293",".359",".505",".864",".368","-1.2","0.7","2.7","27.9","7859"
"Shohei Ohtani","Angels","125","525","464","126","26","2","28","77","87","54","149","3","12","4",".271",".348",".516",".864",".367","0.0","0.7","2.9","198.9","19755"
"Joey Gallo","Rangers","143","602","506","111","22","3","43","91","97","85","218","8","7","3",".219",".339",".527",".865",".366","-2.1","1.7","3.4","99.3","14128"
"Francisco Lindor","Indians","145","609","539","155","33","3","26","93","80","56","84","5","18","7",".288",".357",".506",".863",".366","10.4","1.0","6.1","16.3","12916"
"Justin Turner","Dodgers","153","644","558","161","36","1","21","83","86","63","90","16","5","1",".289",".373",".474",".847",".365","2.2","-0.1","5.2","108.6","5235"
"Vladimir Guerrero Jr.","Blue Jays","142","595","531","158","31","2","24","81","85","50","79","6","5","3",".297",".360",".497",".857",".364","-2.2","-0.2","4.3","50.5","sa920245"
"Anthony Rendon","Nationals","153","644","561","160","40","2","23","87","91","69","98","7","5","2",".285",".366",".485",".851",".364","6.5","1.1","5.3","43.0","12861"
"Rhys Hoskins","Phillies","155","651","556","139","29","2","35","92","108","81","152","8","5","3",".250",".351",".500",".851",".364","2.1","0.6","3.6","38.8","16472"
"Cody Bellinger","Dodgers","150","630","550","145","28","5","33","88","98","72","148","3","12","3",".263",".350",".513",".863",".362","3.2","1.8","4.4","43.9","15998"
"Eloy Jimenez","White Sox","170","714","658","192","36","4","34","89","100","46","136","4","1","2",".291",".340",".514",".854",".361","-4.3","-0.4","3.8","122.0","sa830373"
"Ronald Acuna Jr.","Braves","155","651","581","161","31","5","30","94","84","57","166","6","25","11",".278",".346",".501",".846",".361","2.1","1.1","3.9","8.3","18401"
"Matt Carpenter","Cardinals","148","623","515","130","33","2","25","92","74","94","142","7","3","2",".252",".372",".471",".843",".360","-5.3","-0.2","3.8","72.7","8090"
"Manny Machado","Padres","153","644","574","161","32","2","31","85","93","61","104","3","10","3",".280",".349",".507",".856",".359","5.6","0.0","5.2","20.0","11493"
"Jose Altuve","Astros","153","644","575","176","33","3","17","90","77","54","80","8","21","6",".306",".370",".464",".835",".359","-2.4","1.0","4.8","14.9","5417"
"Trevor Story","Rockies","153","644","582","155","36","5","34","88","104","52","184","6","20","6",".267",".330",".519",".849",".358","0.0","1.8","3.8","16.7","12564"
"Yasiel Puig","Reds","142","595","528","143","28","2","29","78","89","58","121","4","15","7",".270",".345",".494",".839",".357","3.1","-0.6","3.3","67.1","14225"
"Andrew McCutchen","Phillies","142","595","506","131","26","2","25","79","77","76","133","7","11","6",".259",".361",".464",".825",".356","-1.8","-1.0","2.8","135.4","9847"
"Andrew Benintendi","Red Sox","153","644","563","160","37","5","18","95","81","68","103","4","19","6",".285",".363",".463",".826",".355","2.1","1.8","3.6","30.3","17901"
"Joc Pederson","Dodgers","96","404","346","84","20","2","20","55","57","49","91","5","4","3",".244",".345",".488",".833",".355","-1.2","-0.1","2.2","386.0","11899"
"Eugenio Suarez","Reds","150","630","549","143","26","2","29","82","96","67","150","8","4","2",".261",".348",".477",".826",".353","-0.5","-1.0","3.7","54.2","12552"
"Miguel Cabrera","Tigers","133","560","488","136","26","1","20","66","75","65","110","3","1","1",".279",".365",".464",".828",".352","0.0","-3.2","2.0","158.7","1744"
"Khris Davis","Athletics","157","658","580","141","27","1","41","90","113","64","188","9","1","1",".243",".324",".509",".833",".352","0.0","-1.7","2.4","44.9","9112"
"Corey Seager","Dodgers","152","637","567","160","36","3","21","87","82","58","121","6","4","1",".282",".352",".468",".821",".351","3.4","1.3","5.2","88.7","13624"
"Jesse Winker","Reds","133","560","481","135","27","0","15","69","63","69","90","4","3","2",".282",".374",".434",".808",".351","-3.8","-0.7","2.0","188.7","13590"
"Xander Bogaerts","Red Sox","153","644","576","164","37","3","20","88","89","57","114","6","10","3",".285",".353",".463",".816",".350","-2.6","1.9","4.2","48.0","12161"
"Nicholas Castellanos","Tigers","153","644","587","162","37","5","25","76","90","46","146","5","3","2",".277",".333",".488",".820",".348","-10.5","-0.9","1.9","95.9","11737"
"Michael Conforto","Mets","155","651","558","138","29","1","30","84","92","80","163","8","4","3",".247",".348",".465",".814",".348","2.1","0.4","3.7","104.7","16376"
"David Peralta","Diamondbacks","142","595","538","152","29","5","21","74","74","46","116","6","5","2",".282",".343",".472",".815",".348","0.1","0.5","2.6","143.9","2136"
"Carlos Correa","Astros","153","644","559","147","31","2","25","87","99","74","140","4","6","1",".263",".351",".461",".812",".348","-2.1","1.1","4.7","49.2","14162"
"Yasmani Grandal","Brewers","114","480","407","97","19","1","23","57","67","67","122","2","2","2",".238",".347",".457",".804",".348","0.9","-2.4","4.7","117.3","11368"
"Kyle Schwarber","Cubs","137","574","485","115","18","2","31","79","82","81","167","4","4","2",".237",".348",".475",".824",".348","0.7","0.4","2.6","212.4","16478"
"George Springer","Astros","153","644","560","146","27","2","26","97","77","70","134","8","8","5",".261",".349",".452",".802",".347","-2.5","0.1","3.7","62.8","12856"
"Marcell Ozuna","Cardinals","150","630","576","163","27","3","26","77","96","46","122","3","2","2",".283",".338",".474",".812",".347","3.0","0.0","3.2","82.0","10324"
"Gary Sanchez","Yankees","131","550","488","120","23","0","32","77","93","51","136","6","3","1",".246",".323",".491",".814",".347","-3.8","-0.3","3.6","53.8","11442"
"Luke Voit","Yankees","118","497","441","116","21","2","22","65","72","46","118","6","1","1",".263",".340",".466",".806",".347","0.2","0.0","1.9","180.8","14811"
"Adam Eaton","Nationals","147","616","539","156","30","5","11","82","58","57","107","12","12","5",".289",".368",".423",".791",".346","4.6","1.7","3.1","197.9","11205"
"Mike Moustakas","Brewers","145","609","553","146","29","1","33","75","98","44","100","6","2","1",".264",".322",".497",".820",".346","-2.1","-1.7","3.0","137.1","4892"
"Carlos Santana","Indians","150","630","526","129","28","2","23","80","83","95","96","3","4","1",".245",".361",".436",".797",".346","0.1","-0.3","1.7","200.8","2396"
"Max Muncy","Dodgers","134","562","476","114","21","2","26","74","77","76","149","5","3","1",".240",".349",".456",".805",".346","-1.0","0.3","2.4","122.6","13301"
"J.T. Realmuto","Phillies","130","544","495","135","29","3","22","70","78","36","111","8","5","2",".273",".330",".480",".810",".345","2.2","0.9","4.3","44.5","11739"
"Jose Abreu","White Sox","150","630","573","159","34","2","26","77","92","39","123","13","2","0",".277",".335",".480",".815",".345","-0.9","-1.2","2.0","87.6","15676"
"Aaron Hicks","Yankees","142","595","506","127","23","3","23","82","76","78","117","3","11","4",".250",".351",".445",".796",".345","1.5","1.5","3.8","127.3","5297"
"David Dahl","Rockies","142","595","548","149","29","5","27","75","92","40","153","2","13","6",".272",".322",".494",".816",".345","1.4","0.7","1.7","68.9","13744"
"Matt Olson","Athletics","155","651","566","136","31","1","33","86","94","74","169","6","2","1",".240",".332",".473",".805",".344","6.9","-0.7","3.3","112.3","14344"
"Steve Pearce","Red Sox","82","343","302","79","16","1","13","43","47","32","65","6","0","1",".261",".340",".457",".797",".343","-0.8","-0.6","0.9","572.5","9957"
"Wilmer Flores","Diamondbacks","144","604","554","156","35","1","23","71","89","37","73","6","2","1",".282",".330",".475",".805",".343","-4.4","-1.6","2.5","404.8","5827"
"Josh Bell","Pirates","147","616","535","143","29","4","18","75","77","73","110","2","4","4",".267",".354",".439",".793",".343","-3.6","-2.1","1.6","264.6","13145"
"Travis Shaw","Brewers","152","637","557","140","30","1","29","80","93","70","136","5","6","2",".251",".337",".465",".802",".342","0.2","-0.2","3.3","97.8","11982"
"Javier Baez","Cubs","152","637","592","161","31","5","31","86","99","33","165","6","18","7",".272",".316",".501",".817",".342","0.2","2.0","3.9","18.0","12979"
"Brandon Belt","Giants","150","630","537","135","32","4","20","75","71","83","153","6","5","2",".251",".355",".435",".790",".341","8.1","0.1","3.1","432.4","10264"
"Eric Thames","Brewers","55","231","199","46","10","1","12","31","32","27","72","3","4","1",".232",".331",".472",".803",".341","-0.7","0.1","0.9","529.3","3711"
"Ryan Braun","Brewers","133","560","505","135","28","2","24","74","82","46","110","4","13","5",".267",".331",".473",".804",".341","-1.4","-0.8","1.8","195.5","3410"
"Jose Martinez","Cardinals","111","466","420","120","23","1","13","54","60","39","84","2","3","1",".287",".348",".439",".787",".341","-1.9","-0.3","1.7","242.2","7996"
"C.J. Cron","Twins","115","483","438","114","25","2","23","59","73","31","112","10","2","2",".260",".320",".479",".799",".341","0.8","-0.9","1.5","248.8","12546"
"Tommy Pham","Rays","138","581","500","127","20","4","21","83","67","69","157","7","16","6",".253",".350",".432",".782",".341","3.0","1.6","3.1","58.3","2967"
"Jesus Aguilar","Brewers","150","630","559","140","27","1","32","80","102","59","163","6","0","0",".250",".325",".473",".798",".340","2.3","-0.9","2.0","81.3","11342"
"Trea Turner","Nationals","153","644","580","163","30","7","17","92","68","53","120","4","41","10",".281",".343",".446",".789",".340","2.0","5.3","4.4","6.9","16252"
"Edwin Encarnacion","Mariners","145","609","521","123","20","1","30","77","92","75","141","6","2","0",".236",".336",".453",".789",".340","0.0","-2.3","1.8","136.9","2151"
"Mitch Haniger","Mariners","153","644","567","147","31","3","24","81","82","61","146","10","8","4",".260",".339",".450",".788",".340","3.5","-0.4","3.4","96.1","14274"
"Rafael Devers","Red Sox","133","560","512","137","30","1","25","73","82","43","129","1","6","3",".268",".325",".479",".803",".339","-5.1","0.5","2.3","142.3","17350"
"Matt Chapman","Athletics","155","651","578","141","34","4","30","89","86","62","178","7","4","3",".244",".322",".472",".794",".339","12.2","0.9","5.2","112.6","16505"
"Gleyber Torres","Yankees","150","630","560","146","25","3","27","75","90","57","148","6","11","5",".261",".332",".459",".791",".339","-6.1","-0.3","2.8","67.7","16997"
"Jung Ho Kang","Pirates","127","535","472","122","25","2","20","63","71","44","121","14","5","3",".258",".336",".446",".782",".339","-0.4","-0.7","2.7","453.3","17182"
"Shin-Soo Choo","Rangers","148","623","529","134","24","1","20","82","65","78","145","10","7","3",".252",".356",".414",".770",".338","0.0","-0.3","1.0","286.6","3174"
"Stephen Piscotty","Athletics","153","644","571","148","37","2","23","79","84","57","133","10","4","3",".259",".335",".449",".783",".338","1.8","-1.3","2.8","156.7","13367"
"Ryan Zimmerman","Nationals","129","540","486","127","27","1","23","67","83","43","114","4","2","1",".261",".324",".468",".792",".338","-2.6","-0.3","1.1","411.1","4220"
"Asdrubal Cabrera","Rangers","147","616","558","154","35","2","20","75","78","47","112","5","2","1",".275",".334",".452",".787",".338","-5.8","-1.4","2.1","223.9","4962"
"Lorenzo Cain","Brewers","150","630","559","160","27","3","13","86","54","58","104","6","23","6",".285",".358",".416",".773",".338","7.5","2.7","4.1","61.7","9077"
"Tyler O'Neill","Cardinals","24","100","90","22","4","0","6","14","16","8","31","1","1","0",".248",".311",".485",".796",".338","0.0","0.2","0.4","373.5","15711"
"Franmil Reyes","Padres","133","560","502","128","21","1","27","71","79","51","149","3","1","1",".255",".325",".466",".791",".338","-2.1","-0.2","1.9","219.6","14566"
"Daniel Vogelbach","Mariners","27","112","96","24","4","0","4","14","14","15","25","1","0","0",".248",".350",".424",".774",".338","0.0","-0.1","0.4","590.1","14130"
"Buster Posey","Giants","130","547","482","139","27","1","11","61","61","55","66","5","4","1",".288",".364",".417",".781",".338","7.7","-1.4","5.1","145.7","9166"
"Miguel Andujar","Yankees","145","609","568","158","37","2","24","76","88","30","97","5","3","2",".278",".317",".477",".794",".337","-7.2","0.2","1.9","82.5","15878"
"Justin Smoak","Blue Jays","153","644","557","131","29","1","29","78","88","79","168","3","1","1",".236",".333",".449",".782",".337","1.4","-2.3","2.0","231.6","9054"
"Nick Senzel","Reds","109","456","410","111","26","3","13","56","55","39","105","3","12","5",".272",".337",".448",".784",".337","1.7","0.3","2.4","190.8","sa873264"
"Michael Brantley","Astros","142","595","536","152","31","2","16","74","74","48","66","4","11","3",".284",".344",".437",".781",".337","-0.5","1.1","2.3","120.8","4106"
"Steven Souza Jr.","Diamondbacks","125","525","457","111","22","4","20","63","69","58","152","6","10","4",".243",".335",".443",".777",".337","-1.0","1.3","1.7","324.8","5667"
"Nomar Mazara","Rangers","145","609","550","146","26","2","24","72","88","49","126","5","2","1",".266",".330",".456",".786",".336","-0.6","-0.8","1.6","158.6","14553"
"Randal Grichuk","Blue Jays","130","546","501","122","32","3","30","72","82","35","160","6","4","2",".243",".299",".497",".796",".336","3.0","0.6","2.6","242.5","10243"
"Gregory Polanco","Pirates","92","385","342","88","20","3","14","49","52","38","79","2","9","3",".258",".333",".455",".788",".336","1.6","0.7","1.6","257.0","12907"
"Miguel Sano","Twins","123","518","451","104","21","1","26","66","75","60","186","3","1","0",".231",".324",".458",".782",".335","-2.8","-1.0","2.1","289.7","12164"
"Kyle Tucker","Astros","33","140","126","33","7","1","6","18","19","11","30","1","4","2",".260",".322",".460",".783",".334","0.5","0.1","0.6","319.9","18345"
"Jorge Soler","Royals","138","581","505","124","26","0","22","66","67","65","170","6","4","2",".246",".338",".431",".769",".334","-0.1","-0.2","1.2","340.8","14221"
"Yoenis Cespedes","Mets","24","99","90","23","5","0","5","12","15","7","24","1","1","0",".256",".316",".478",".793",".334","0.5","0.1","0.5","551.4","13110"
"Corey Dickerson","Pirates","142","595","557","156","36","5","20","71","73","30","112","4","6","3",".279",".319",".471",".790",".334","3.3","-0.7","2.3","203.4","10762"
"Max Kepler","Twins","147","616","541","136","32","4","21","77","75","64","110","5","7","4",".250",".332",".443",".775",".334","5.1","0.8","2.7","226.2","12144"
"Tyler White","Astros","137","574","506","128","25","2","22","70","79","56","120","6","3","2",".253",".333",".439",".772",".334","0.0","-0.2","1.6","266.7","15564"
"Brandon Nimmo","Mets","117","490","410","99","21","4","12","62","43","65","126","10","7","4",".240",".356",".400",".756",".334","-4.5","0.3","2.0","175.4","12927"
"Robinson Cano","Mets","150","630","572","157","31","1","21","75","83","47","87","6","1","1",".275",".334",".445",".779",".333","-0.5","-1.9","3.0","123.4","3269"
"Justin Upton","Angels","150","630","554","132","26","1","30","81","90","66","190","6","9","3",".239",".324",".450",".774",".333","-0.9","1.0","2.5","105.5","5222"
"Peter Alonso","Mets","112","470","414","99","20","1","22","57","65","43","118","8","1","2",".240",".322",".454",".776",".333","1.2","-0.3","1.6","225.8","sa873981"
"Jake Lamb","Diamondbacks","142","595","514","124","27","4","22","74","82","71","157","5","5","3",".241",".336",".440",".776",".333","2.8","0.5","1.8","281.3","13329"
"Brian Dozier","Nationals","133","560","493","121","27","3","22","73","73","57","115","5","10","4",".246",".328",".446",".774",".333","-2.1","1.3","2.4","142.8","9810"
"Ketel Marte","Diamondbacks","118","497","447","125","25","7","10","61","49","42","69","2","8","3",".279",".341",".431",".772",".332","-0.4","0.5","2.2","226.6","13613"
"Matt Adams","Nationals","58","245","223","56","12","0","12","29","40","19","58","2","0","0",".253",".313",".470",".784",".332","0.8","-0.2","0.8","565.8","9393"
"Eddie Rosario","Twins","153","644","602","166","33","4","25","86","87","34","123","1","9","5",".277",".314",".469",".783",".332","4.4","1.9","2.7","84.6","12155"
"Ozzie Albies","Braves","155","651","599","163","34","6","20","88","76","40","110","5","16","4",".272",".322",".452",".773",".332","8.5","2.5","4.0","61.9","16556"
"Justin Bour","Angels","97","406","353","85","14","1","19","47","60","48","102","1","1","0",".241",".332",".445",".777",".332","-0.6","-1.5","1.0","458.2","9744"
"Wil Myers","Padres","147","616","544","133","30","3","25","78","79","62","167","4","20","5",".245",".324",".447",".771",".331","-0.5","2.3","2.3","101.8","10047"
"Marwin Gonzalez","Twins","118","497","446","119","26","2","16","57","63","41","105","4","5","3",".266",".332",".437",".768",".331","0.4","-0.7","1.9","234.6","5497"
"Matt Kemp","Reds","37","154","141","37","8","0","7","18","24","10","37","0","0","0",".264",".313",".468",".781",".331","-0.6","-0.8","0.4","314.0","5631"
"Garrett Hampson","Rockies","63","263","236","68","12","3","4","32","24","22","44","1","14","4",".286",".347",".413",".760",".331","1.0","1.3","0.9","175.4","19262"
"Willson Contreras","Cubs","114","480","421","108","23","3","14","53","59","47","106","8","4","2",".256",".339",".421",".760",".331","-0.2","-1.6","1.8","132.4","11609"
"Ryan McMahon","Rockies","139","583","529","142","31","4","18","67","73","45","155","4","7","3",".269",".328",".445",".772",".331","0.0","0.5","1.4","393.7","15112"
"Didi Gregorius","Yankees","70","294","269","72","13","1","11","37","41","18","38","3","4","2",".270",".320",".453",".773",".330","0.9","0.5","1.7","423.1","6012"
"Eric Hosmer","Padres","155","651","581","155","28","2","21","78","80","64","129","1","7","3",".267",".338",".429",".768",".330","0.2","-1.0","1.5","176.1","3516"
"Starling Marte","Pirates","153","644","591","164","32","4","17","83","73","34","121","13","35","13",".278",".330",".435",".766",".330","2.2","2.2","3.4","35.8","9241"
"Enrique Hernandez","Dodgers","97","408","358","88","19","2","16","51","50","44","84","2","3","1",".247",".329",".441",".770",".330","-0.3","0.9","1.8","329.7","10472"
"Nathaniel Lowe","Rays","75","315","282","73","13","1","11","38","38","29","68","2","1","1",".261",".331",".431",".763",".329","-0.1","-0.1","0.8","567.7","sa918283"
"Ian Happ","Cubs","106","447","383","90","18","2","18","55","54","56","146","3","8","4",".234",".334",".431",".765",".328","-2.0","-0.2","1.4","296.4","17919"
"Maikel Franco","Phillies","140","590","542","142","27","1","26","68","89","40","90","3","1","0",".262",".314",".462",".775",".328","-4.6","-0.9","2.0","276.8","12179"
"Chris Iannetta","Rockies","76","320","272","64","14","0","11","34","37","40","81","4","0","0",".236",".341",".411",".752",".328","-1.8","-1.0","1.0","456.6","8267"
"Christin Stewart","Tigers","100","420","370","88","16","2","18","51","56","42","104","5","1","1",".239",".321",".439",".760",".328","-2.8","-0.1","1.0","414.0","17714"
"Mike Tauchman","Rockies","24","99","89","24","5","1","2","12","11","8","19","0","3","2",".274",".338",".419",".757",".327","0.3","-0.1","0.1","600.6","15274"
"Yonder Alonso","White Sox","142","595","523","127","22","0","25","70","76","65","135","3","1","0",".243",".328",".429",".757",".327","-1.2","-0.9","1.1","331.4","2530"
"Eduardo Escobar","Diamondbacks","148","623","565","147","37","5","21","72","81","47","123","5","3","3",".260",".319",".451",".771",".327","1.4","-0.2","2.6","180.2","6153"
"Derek Dietrich","Reds","30","128","113","28","6","1","4","15","15","9","32","5","0","0",".250",".328",".430",".758",".327","-0.9","0.0","0.3","578.6","10542"
"Trey Mancini","Orioles","148","623","570","148","26","4","25","71","77","43","154","5","1","1",".259",".314",".447",".762",".327","-7.3","-0.2","1.0","250.2","15149"
"Willians Astudillo","Twins","40","169","160","46","8","1","6","19","21","5","10","3","2","1",".286",".314",".451",".764",".327","0.5","-0.2","0.8","276.9","15608"
"Logan Morrison","","117","490","427","98","19","1","22","57","66","54","114","6","3","1",".229",".322",".435",".757",".327","-0.7","-0.2","0.9","599.6","9205"
"Carlos Gonzalez","Indians","117","490","445","114","27","2","18","62","64","39","115","2","4","1",".257",".318",".448",".766",".327","0.1","0.1","1.3","559.8","7287"
"Scott Schebler","Reds","86","361","322","78","16","2","15","43","48","29","86","7","4","2",".243",".317",".444",".761",".326","-3.1","0.3","0.9","496.4","12225"
"Francisco Cervelli","Pirates","110","462","392","100","17","2","9","47","49","54","98","11","3","3",".254",".357",".377",".734",".326","-2.1","-1.2","2.1","263.3","5275"
"Scooter Gennett","Reds","147","616","567","153","29","3","21","74","83","39","127","4","5","2",".270",".320",".441",".761",".326","-4.7","-0.5","1.8","92.8","10339"
"A.J. Pollock","Dodgers","142","595","539","139","30","4","20","79","72","43","115","7","18","5",".258",".318",".442",".760",".326","1.6","2.1","3.1","111.2","9256"
"Kendrys Morales","Blue Jays","150","630","563","140","26","0","27","71","87","55","135","5","2","1",".249",".320",".440",".760",".326","0.0","-3.8","0.6","545.4","8610"
"Josh Fuentes","Rockies","7","29","27","8","2","0","1","3","3","1","6","0","0","0",".282",".316",".443",".760",".326","0.1","0.0","0.0","999.0","sa829934"
"Willie Calhoun","Rangers","28","119","109","29","6","0","4","14","15","8","16","1","1","0",".268",".319",".444",".762",".326","-0.6","0.0","0.1","532.7","17838"
"Jonathan Schoop","Twins","117","490","457","120","26","1","21","60","72","22","110","6","1","1",".263",".303",".461",".764",".326","-1.0","-0.7","1.9","187.6","11265"
"Greg Bird","Yankees","43","182","158","36","8","0","8","21","25","20","46","2","0","0",".225",".316",".439",".756",".326","0.0","-0.1","0.3","497.4","14131"
"Jake Bauers","Indians","147","616","534","130","32","2","18","75","77","71","142","4","16","9",".243",".334",".411",".745",".325","1.3","0.4","1.2","232.3","15194"
"Clint Frazier","Yankees","12","49","44","11","2","0","2","6","6","4","13","0","1","0",".242",".316",".440",".756",".325","-0.4","0.0","0.1","564.4","15983"
"Raimel Tapia","Rockies","64","270","251","72","15","4","5","32","29","14","51","2","9","3",".288",".327",".431",".758",".325","-0.2","0.8","0.4","563.1","14350"
"Jackie Bradley Jr.","Red Sox","150","630","555","137","33","4","19","82","78","58","155","10","14","3",".247",".328",".425",".753",".325","4.7","2.3","3.1","216.8","12984"
"Jeff McNeil","Mets","127","535","487","134","24","6","12","64","56","33","70","8","9","3",".275",".329",".424",".754",".325","-1.6","1.6","1.9","317.3","15362"
"Domingo Santana","Mariners","143","602","522","122","24","1","23","68","69","69","210","6","7","3",".234",".328",".419",".747",".325","-3.1","0.5","1.8","204.2","10348"
"Brian Anderson","Marlins","153","644","569","148","30","4","15","75","68","58","132","12","3","2",".261",".339",".404",".743",".325","2.9","-0.2","3.2","308.3","18289"
"Lucas Duda","","83","350","306","70","16","0","16","39","50","35","100","6","1","0",".228",".316",".442",".758",".324","-0.2","-0.6","0.6","600.6","2502"
"Ian Desmond","Rockies","124","520","471","123","20","4","17","65","69","40","125","5","16","5",".261",".322",".428",".750",".324","-3.9","1.3","0.6","144.2","6885"
"Jean Segura","Phillies","152","637","590","169","30","3","14","83","62","33","83","7","21","9",".287",".330",".419",".749",".324","-5.1","0.8","2.5","60.9","5933"
"Brandon Lowe","Rays","58","245","217","53","12","1","8","29","29","23","61","2","3","2",".246",".322",".426",".747",".324","-0.6","0.0","0.9","512.7","18882"
"Hunter Renfroe","Padres","76","320","296","73","16","1","16","38","47","19","83","3","2","1",".248",".296",".469",".765",".323","0.3","0.0","1.0","206.6","15464"
"Ben Zobrist","Cubs","100","418","367","97","20","3","8","48","43","44","55","2","3","2",".264",".343",".396",".739",".323","-0.7","-0.7","1.2","524.0","7435"
"Victor Robles","Nationals","144","603","540","143","30","6","12","70","63","41","111","13","31","13",".266",".332",".411",".743",".323","4.0","0.6","2.5","89.0","18363"
"Odubel Herrera","Phillies","108","455","414","110","21","3","14","52","51","32","98","5","7","3",".266",".324",".427",".751",".323","-0.3","0.6","1.7","261.2","11476"
"Josh Reddick","Astros","92","385","346","91","16","2","12","47","47","34","59","1","5","2",".264",".329",".420",".749",".323","1.1","0.6","1.4","545.8","3892"
"Jedd Gyorko","Cardinals","61","256","228","57","10","1","9","28","33","24","54","1","1","1",".251",".323",".423",".746",".323","0.1","-0.6","1.0","590.9","10816"
"Rougned Odor","Rangers","152","637","580","144","29","3","27","82","84","41","146","9","15","9",".249",".307",".449",".756",".323","-1.8","0.4","1.9","127.0","12282"
"Danny Jansen","Blue Jays","107","448","392","98","23","1","12","52","50","41","73","10","4","1",".250",".333",".404",".737",".322","-2.0","0.4","2.8","178.2","16535"
"Ji-Man Choi","Rays","100","420","362","86","19","1","14","46","49","50","110","3","3","2",".237",".331",".410",".742",".322","-0.1","-0.4","0.7","557.1","5452"
"Jurickson Profar","Athletics","147","616","545","137","31","4","15","76","66","55","95","10","8","2",".252",".330",".410",".739",".322","-1.9","1.1","2.6","130.3","10815"
"Mitch Moreland","Red Sox","83","350","312","76","18","1","12","41","48","32","82","3","1","0",".245",".320",".430",".750",".322","2.3","-0.8","0.6","564.5","3086"
"Nick Markakis","Braves","150","630","558","154","33","1","11","66","71","62","89","4","1","1",".275",".349",".395",".744",".322","-2.4","-1.4","0.9","340.2","5930"
"Paul DeJong","Cardinals","143","602","548","137","29","2","25","72","83","39","157","9","2","2",".250",".308",".443",".752",".322","1.1","-0.1","2.9","180.5","18015"
"Adam Frazier","Pirates","145","610","547","150","31","5","10","74","57","48","87","6","9","7",".273",".337",".402",".740",".322","-0.8","-0.1","2.3","392.1","15223"
"Yuli Gurriel","Astros","133","560","522","145","35","1","14","65","74","25","71","7","4","1",".278",".317",".433",".749",".322","-3.5","-0.7","0.9","199.6","19198"
"Tyler Austin","Twins","17","70","63","15","3","0","3","8","10","6","23","0","0","0",".235",".302",".451",".753",".322","0.0","0.0","0.1","591.6","11850"
"Dexter Fowler","Cardinals","84","354","303","72","14","3","9","44","36","43","80","4","6","2",".239",".339",".392",".731",".322","-1.7","0.8","1.0","565.6","4062"
"Whit Merrifield","Royals","152","637","581","161","35","3","12","78","58","43","104","5","31","9",".278",".330",".411",".741",".321","2.9","3.4","3.1","30.8","11281"
"Kolten Wong","Cardinals","117","490","428","111","23","3","11","53","52","41","76","13","9","4",".259",".339",".401",".740",".321","2.6","0.8","2.3","565.1","12532"
"Robbie Grossman","Athletics","62","259","221","55","13","1","5","29","25","34","50","1","1","1",".249",".349",".373",".722",".321","-2.6","-0.4","0.4","590.2","5254"
"Hanley Ramirez","Indians","7","28","25","6","1","0","1","3","4","2","6","0","0","0",".247",".319",".429",".748",".321","0.0","-0.1","0.0","580.1","8001"
"Johan Camargo","Braves","95","398","360","94","21","2","11","44","48","31","82","3","1","1",".261",".322",".424",".746",".321","0.6","-0.3","1.5","459.3","14950"
"Nick Williams","Phillies","27","115","105","27","5","1","4","14","15","7","31","2","1","1",".253",".308",".441",".749",".321","-0.1","-0.1","0.3","571.9","14330"
"Jason Heyward","Cubs","125","525","468","124","24","3","11","60","58","48","73","4","5","2",".264",".336",".397",".733",".320","9.2","1.0","2.2","570.0","4940"
"Cesar Hernandez","Phillies","153","644","555","144","20","5","10","79","50","78","131","4","17","6",".259",".352",".370",".722",".320","-2.3","0.9","2.2","181.6","10556"
"Evan Gattis","","83","350","319","77","15","1","17","39","56","24","77","3","1","1",".242",".298",".455",".753",".320","0.0","-0.9","0.2","593.2","11003"
"Joe Panik","Giants","133","560","501","138","27","4","9","62","52","46","53","5","5","2",".276",".340",".397",".737",".320","-0.4","0.0","2.1","583.1","11936"
"Mark Trumbo","Orioles","145","609","560","136","23","1","30","72","82","43","154","2","1","0",".243",".298",".447",".745",".320","0.0","-1.1","0.5","543.0","6876"
"Alex Verdugo","Dodgers","82","345","314","85","17","1","8","38","36","26","48","2","5","2",".272",".329",".407",".736",".320","-1.1","0.3","0.8","504.8","17027"
"Howie Kendrick","Nationals","40","166","152","42","8","1","3","19","17","11","32","2","3","1",".279",".332",".404",".736",".319","-0.9","-0.2","0.3","600.6","4229"
"Brock Holt","Red Sox","60","252","221","58","12","1","4","27","27","25","51","4","5","3",".263",".345",".380",".725",".319","-1.5","-0.4","0.5","586.2","9345"
"Kurt Suzuki","Nationals","73","307","278","73","16","0","9","33","41","17","40","8","0","0",".263",".322",".415",".736",".319","-1.3","-0.9","0.8","333.1","8259"
"Ben Gamel","Brewers","29","121","109","29","6","1","2","14","12","10","25","1","2","1",".267",".332",".403",".735",".319","-0.2","0.2","0.3","600.4","12160"
"Austin Meadows","Rays","130","546","500","129","29","3","18","63","66","35","105","4","16","5",".259",".310",".437",".746",".319","-1.0","1.3","1.5","185.1","15672"
"Lonnie Chisenhall","Pirates","76","320","289","76","17","2","8","34","38","23","58","3","3","1",".263",".323",".418",".741",".319","-0.4","0.8","0.8","584.9","7571"
"Jason Kipnis","Indians","147","616","546","136","33","2","17","74","69","56","122","6","8","3",".250",".324",".409",".733",".319","-0.7","1.1","2.1","484.6","9776"
"Jorge Polanco","Twins","147","616","558","149","30","5","13","73","69","46","105","3","14","7",".268",".324",".411",".735",".319","-5.3","0.2","2.1","224.3","13152"
"Michael Chavis","Red Sox","3","14","13","3","1","0","1","2","2","1","4","0","0","0",".245",".299",".444",".743",".319","0.0","0.0","0.0","592.0","sa828673"
"Christian Walker","Diamondbacks","46","195","177","43","10","1","8","23","26","14","54","2","1","0",".243",".303",".441",".744",".319","0.0","0.0","0.4","592.9","13419"
"Matt Holliday","","50","210","183","44","9","0","7","23","25","23","51","2","0","0",".241",".328",".401",".729",".318","-3.8","-0.6","0.0","999.0","1873"
"Chris Taylor","Dodgers","135","567","507","126","29","6","14","70","59","49","150","6","12","6",".248",".321",".410",".731",".318","-0.8","1.5","2.2","237.1","13757"
"Denard Span","","83","350","312","81","15","3","8","42","34","31","53","3","6","3",".258",".328",".399",".727",".318","-2.2","0.2","0.5","600.2","8347"
"Yandy Diaz","Rays","107","448","386","103","16","2","4","49","36","55","90","2","3","2",".267",".359",".353",".711",".318","0.5","-0.5","1.0","519.6","16578"
"Melky Cabrera","Pirates","38","160","148","42","9","1","3","17","19","9","20","1","1","0",".282",".325",".409",".735",".318","-0.6","-0.7","0.3","599.6","4022"
"Matt Joyce","Giants","8","35","30","7","2","0","1","4","4","5","8","0","0","0",".229",".332",".393",".725",".318","-0.3","0.0","0.0","601.0","3353"
"Rowdy Tellez","Blue Jays","5","21","19","5","1","0","1","2","3","2","4","0","0","0",".252",".311",".428",".739",".317","0.0","0.0","0.0","580.0","15679"
"Logan Forsythe","Rangers","27","112","97","24","5","0","2","13","10","13","24","1","1","0",".251",".344",".371",".715",".317","0.0","0.0","0.3","999.0","7185"
"Colin Moran","Pirates","50","211","191","50","9","1","6","23","25","17","43","2","0","1",".264",".325",".409",".733",".316","-0.5","-0.5","0.5","555.6","16909"
"Jose Osuna","Pirates","10","43","40","10","3","0","1","5","5","3","8","0","0","0",".263",".311",".426",".737",".316","-0.1","0.0","0.1","999.0","12937"
"Ramon Laureano","Athletics","125","525","468","115","24","4","15","65","56","44","141","7","17","5",".245",".317",".410",".727",".316","4.6","2.0","2.7","184.4","17128"
"DJ LeMahieu","Yankees","122","511","460","125","21","2","10","65","50","41","78","3","7","4",".271",".332",".390",".723",".316","4.6","-0.6","1.9","288.5","9874"
"Adalberto Mondesi","Royals","155","651","604","155","30","7","24","83","78","30","164","4","50","12",".257",".294",".449",".743",".316","2.7","6.0","3.6","38.3","13769"
"Ronald Guzman","Rangers","133","560","504","126","22","3","18","63","67","45","136","7","2","1",".249",".318",".411",".729",".316","3.1","0.3","0.6","505.9","14388"
"Kyle Seager","Mariners","92","385","347","84","20","1","14","43","50","31","77","4","1","1",".243",".310",".427",".738",".316","1.0","-0.8","1.6","397.2","9785"
"Yoan Moncada","White Sox","153","644","563","132","25","5","20","77","64","71","200","3","18","7",".235",".322",".402",".725",".316","-1.9","1.5","2.4","155.1","17232"
"Tyler Flowers","Braves","87","367","319","77","15","0","10","35","41","33","96","12","1","0",".241",".332",".382",".714",".316","-1.9","-0.7","2.8","510.2","9134"
"Teoscar Hernandez","Blue Jays","108","455","412","97","22","3","18","56","55","35","134","3","9","5",".236",".300",".437",".736",".316","-1.8","-0.3","0.7","406.2","13066"
"Franchy Cordero","Padres","59","248","227","56","10","3","9","30","31","17","84","1","7","3",".247",".303",".431",".735",".316","-0.4","0.8","0.9","474.9","14567"
"Jeimer Candelario","Tigers","150","630","556","132","33","3","18","75","67","62","153","7","3","1",".237",".319",".406",".725",".316","0.2","0.5","2.3","495.9","13621"
"Dustin Pedroia","Red Sox","132","553","494","134","23","1","10","62","58","51","67","2","5","3",".272",".340",".380",".719",".315","4.0","-1.9","1.8","573.5","8370"
"Mark Canha","Athletics","47","196","175","42","10","0","7","24","24","15","46","4","1","1",".239",".310",".422",".732",".315","-0.9","-0.1","0.4","598.3","11445"
"Avisail Garcia","Rays","67","280","257","66","11","2","9","33","36","17","70","3","2","1",".259",".311",".423",".735",".315","-0.3","-0.3","0.4","397.8","5760"
"Wilson Ramos","Mets","91","384","355","92","16","0","14","38","54","25","70","1","0","0",".260",".307",".429",".736",".315","0.0","-2.2","1.7","129.8","1433"
"Daniel Robertson","Rays","90","378","324","78","15","1","8","42","35","41","89","9","2","2",".240",".338",".370",".708",".315","1.9","-0.2","1.7","575.0","14145"
"Ender Inciarte","Braves","153","644","586","164","27","5","9","77","56","45","85","4","23","11",".279",".333",".390",".723",".315","6.1","1.4","2.7","139.6","4922"
"Brett Gardner","","98","413","359","88","15","3","9","55","37","43","78","4","10","2",".246",".332",".383",".715",".315","3.2","1.9","1.4","407.5","9927"
"Eduardo Nunez","Red Sox","43","182","172","48","10","1","4","21","21","7","25","1","5","2",".282",".314",".416",".730",".315","-0.3","0.0","0.4","506.1","6848"
"Victor Caratini","Cubs","44","183","164","42","9","1","4","20","20","15","37","2","0","0",".259",".326",".395",".722",".315","-1.0","0.0","0.6","595.0","14968"
"Brad Miller","Dodgers","15","63","56","13","3","0","2","7","8","7","17","0","1","0",".231",".312",".416",".728",".314","-0.2","0.0","0.1","600.9","12775"
"Ramon Urias","Cardinals","7","28","25","6","1","0","1","3","3","2","6","1","0","0",".255",".318",".403",".721",".314","-0.1","0.0","0.1","999.0","sa597169"
"Jay Bruce","Mariners","117","490","438","102","22","2","20","55","67","46","116","2","3","2",".233",".306",".428",".734",".314","-1.7","-0.8","0.7","284.5","9892"
"Jose Bautista","","83","350","293","61","14","0","12","44","39","50","93","5","3","2",".209",".331",".379",".710",".314","0.0","-1.0","0.0","600.8","1887"
"Mark Zagunis","Cubs","12","49","42","10","2","0","1","6","5","6","13","1","1","0",".232",".340",".364",".704",".314","-0.2","0.0","0.1","999.0","16565"
"Ryan O'Hearn","Royals","138","581","516","119","27","3","21","64","70","56","156","4","2","0",".231",".308",".418",".726",".314","-1.5","-0.1","0.4","443.8","16442"
"Marcus Semien","Athletics","153","644","579","145","31","2","18","77","70","56","130","2","13","4",".250",".316",".407",".723",".314","-4.7","1.0","2.5","237.0","12533"
"Yonathan Daza","Rockies","8","35","33","10","2","0","0","4","3","1","6","0","1","1",".295",".325",".399",".724",".314","0.1","-0.1","0.0","999.0","sa597083"
"Andrelton Simmons","Angels","155","651","598","166","30","3","11","72","70","41","57","4","11","4",".277",".326",".396",".722",".314","14.8","0.3","4.5","249.1","10847"
"Adam Jones","Diamondbacks","108","453","424","113","21","1","15","48","54","21","77","5","3","1",".266",".305",".424",".729",".313","-4.6","0.2","0.5","401.1","6368"
"Elvis Andrus","Rangers","150","630","575","155","33","4","11","74","63","43","93","4","14","7",".269",".322",".399",".720",".313","-3.2","1.0","1.8","184.6","8709"
"Kole Calhoun","Angels","150","630","557","134","24","3","20","78","71","60","141","5","6","2",".241",".318",".403",".721",".313","3.9","0.4","1.9","463.7","11200"
"Austin Riley","Braves","19","79","72","18","4","0","3","9","10","5","23","1","0","0",".248",".304",".427",".731",".313","0.1","0.0","0.2","585.7","sa874756"
"Jed Lowrie","Mets","149","627","553","135","30","2","15","70","65","65","116","4","0","0",".244",".326",".389",".715",".313","0.4","-1.1","2.2","366.5","4418"
"Zack Cozart","Angels","145","609","544","134","27","4","17","75","62","51","101","6","3","1",".245",".315",".407",".722",".313","5.8","-0.3","2.9","554.2","2616"
"Jordan Luplow","Indians","75","315","279","68","15","2","9","38","38","29","68","3","5","2",".242",".318",".403",".721",".313","1.6","-0.3","0.6","598.3","16424"
"Curtis Granderson","Marlins","124","520","444","99","21","3","15","62","50","66","129","5","4","1",".222",".327",".384",".711",".313","-4.0","-0.1","0.8","590.2","4747"
"Todd Frazier","Mets","88","370","323","71","14","0","15","42","49","37","87","6","5","3",".221",".310",".409",".719",".312","0.9","-0.3","1.1","576.5","785"
"Billy McKinney","Blue Jays","100","420","377","89","19","4","14","49","46","34","104","3","2","1",".236",".303",".421",".724",".312","1.1","-0.4","0.8","581.8","15654"
"Aledmys Diaz","Astros","32","133","123","32","7","0","4","16","16","8","20","1","1","1",".258",".305",".422",".727",".312","-0.8","-0.3","0.4","547.8","15937"
"Evan Longoria","Giants","150","630","579","148","33","3","19","66","76","38","117","6","3","1",".256",".306",".424",".730",".312","0.2","0.1","2.1","486.1","9368"
"David Freese","Dodgers","52","217","192","47","8","1","6","23","27","18","56","5","0","0",".246",".324",".389",".713",".311","0.3","-0.9","0.4","593.6","9549"
"Yadier Molina","Cardinals","118","495","455","121","23","1","13","50","63","28","67","6","5","3",".266",".313",".406",".720",".311","5.1","-2.5","2.8","144.1","7007"
"Daniel Descalso","Cubs","63","263","224","51","10","2","7","30","30","34","65","2","1","1",".227",".330",".378",".708",".311","-1.5","0.1","0.5","598.8","8392"
"Austin Dean","Marlins","95","400","359","94","18","3","9","41","42","26","68","4","3","2",".261",".315",".400",".716",".311","-1.9","0.0","0.6","600.2","18288"
"Russell Martin","Dodgers","53","224","190","41","7","0","7","25","24","28","56","4","1","1",".216",".327",".369",".696",".310","0.7","-1.0","1.4","566.8","4616"
"Brandon Crawford","Giants","152","637","571","145","33","4","15","65","72","52","129","6","5","4",".255",".321",".406",".727",".310","6.7","-0.4","3.1","536.4","5343"
"Franklin Barreto","Athletics","50","210","191","45","8","1","9","25","26","13","66","3","4","2",".236",".295",".427",".722",".310","0.6","0.2","0.7","562.5","15519"
"Daniel Palka","White Sox","102","427","389","88","14","2","22","51","58","33","143","2","4","2",".226",".288",".442",".730",".310","-3.3","-0.4","0.3","353.0","14897"
"Michael Reed","Twins","7","28","24","6","1","0","1","3","3","3","8","0","1","0",".233",".332",".370",".702",".310","-0.1","0.0","0.0","999.0","13228"
"Matt Duffy","Rays","83","350","317","86","15","1","5","37","33","26","61","4","7","3",".271",".332",".373",".705",".310","1.3","-0.1","1.2","561.5","13836"
"Neil Walker","Marlins","114","479","422","103","17","2","13","51","51","47","94","4","1","1",".244",".324",".388",".712",".310","-0.8","-0.1","0.7","567.0","7539"
"Nicky Delmonico","White Sox","55","231","205","47","10","2","7","26","25","21","58","2","1","1",".232",".310",".405",".715",".310","-1.1","-0.1","0.2","600.4","13157"
"Renato Nunez","Orioles","93","392","357","85","17","1","16","44","49","27","99","4","1","0",".238",".296",".425",".721",".310","-0.1","-0.2","0.7","557.5","14503"
"Tyler Naquin","Indians","115","483","438","114","21","2","12","54","53","35","128","4","6","3",".260",".317",".401",".717",".310","-1.4","0.3","0.3","586.0","13359"
"Alex Avila","Diamondbacks","84","353","292","61","11","0","10","33","34","56","126","2","1","0",".207",".337",".354",".691",".310","0.5","-1.1","1.2","600.7","7476"
"A.J. Reed","Astros","10","42","37","8","2","0","2","5","6","4","13","0","0","0",".223",".302",".416",".718",".310","0.0","0.0","0.0","599.0","16246"
"Phillip Ervin","Reds","29","121","107","25","5","1","3","13","14","11","30","2","4","2",".236",".315",".394",".709",".310","0.2","0.2","0.2","599.0","14738"
"Matt Davidson","Rangers","20","84","75","17","3","0","4","9","12","7","28","1","0","0",".223",".300",".415",".715",".309","-0.1","-0.1","0.0","597.5","7226"
"Noel Cuevas","Rockies","34","144","134","37","6","2","3","16","15","7","28","1","3","2",".274",".313",".405",".718",".309","0.2","-0.1","0.0","999.0","11894"
"Jose Peraza","Reds","145","609","565","158","25","5","11","69","57","27","73","7","23","8",".280",".319",".396",".715",".309","-2.6","2.0","1.8","96.1","13593"
"Tony Kemp","Astros","72","301","269","72","11","2","4","35","28","25","40","2","10","4",".267",".332",".370",".703",".309","-1.8","0.1","0.6","599.2","14894"
"Kevin Cron","Diamondbacks","15","64","59","14","3","0","3","7","8","4","18","1","0","0",".239",".291",".431",".722",".309","0.1","0.0","0.1","600.9","sa597807"
"Chad Pinder","Athletics","40","168","153","37","8","1","6","19","19","10","46","3","1","1",".242",".300",".417",".716",".309","0.4","-0.2","0.4","528.9","15191"
"Ryon Healy","Mariners","108","455","426","107","19","1","18","48","60","23","103","3","0","1",".251",".291",".429",".720",".309","-3.6","-1.0","0.6","469.2","15447"
"Devon Travis","Blue Jays","83","350","327","85","19","2","9","41","40","17","62","3","4","2",".261",".301",".417",".719",".309","-2.6","0.2","0.8","597.4","13862"
"Bobby Bradley","Indians","7","28","25","6","1","0","1","3","4","2","8","0","0","0",".225",".292",".431",".723",".309","0.1","0.0","0.0","601.0","sa828799"
"David Bote","Cubs","26","108","97","24","5","1","3","12","13","8","27","1","1","1",".242",".308",".405",".713",".308","0.3","0.0","0.3","597.9","14593"
"Dustin Fowler","Athletics","32","133","126","33","6","2","4","15","16","5","27","1","4","2",".263",".294",".427",".721",".308","-0.7","0.1","0.3","584.5","17098"
"LaMonte Wade","Twins","8","35","31","8","1","0","1","4","3","4","6","0","1","0",".252",".333",".367",".699",".308","0.1","0.0","0.1","999.0","sa856280"
"Austin Barnes","Dodgers","91","384","329","78","16","1","7","44","38","45","84","6","8","2",".237",".338",".357",".695",".308","0.6","0.2","3.1","329.5","12158"
"Andy Young","Diamondbacks","7","29","26","6","1","0","1","3","3","2","7","1","0","0",".245",".306",".403",".709",".308","0.0","0.0","0.1","999.0","sa919031"
"Keston Hiura","Brewers","5","21","19","5","1","0","0","2","2","1","5","0","0","0",".258",".309",".401",".711",".308","0.0","0.0","0.0","540.0","sa3004043"
"Cedric Mullins II","Orioles","142","595","543","137","28","4","15","70","58","40","106","3","16","5",".252",".307",".405",".711",".308","-1.9","1.5","1.6","291.4","17929"
"Yangervis Solarte","Giants","70","294","269","69","14","1","8","30","34","20","40","3","1","1",".257",".311",".399",".710",".308","-1.1","-1.3","0.5","572.4","5352"
"Brian McCann","Braves","61","256","225","52","7","1","9","28","32","24","48","5","0","1",".230",".314",".388",".702",".307","-1.0","-1.0","0.8","543.3","4810"
"Jonathan Villar","Orioles","158","665","597","148","26","2","18","76","63","57","179","4","42","12",".248",".316",".387",".703",".307","-5.0","3.3","1.7","76.9","10071"
"Manuel Margot","Padres","107","448","410","106","20","6","9","47","43","30","77","2","13","7",".260",".310",".403",".714",".307","4.2","0.1","1.7","295.7","14712"
"Carter Kieboom","Nationals","3","14","13","3","1","0","0","2","1","1","3","0","0","0",".250",".313",".391",".704",".307","0.0","0.0","0.0","596.8","sa917937"
"Aaron Altherr","Phillies","41","174","153","34","8","1","6","20","22","17","52","3","3","1",".220",".308",".395",".703",".307","0.0","-0.1","0.3","600.6","11270"
"Omar Narvaez","Mariners","107","448","394","99","16","1","8","43","38","46","80","2","1","1",".252",".333",".360",".692",".307","-6.0","-0.9","0.7","272.6","13338"
"Starlin Castro","Marlins","152","637","590","158","30","2","15","67","63","37","119","3","5","3",".267",".311",".399",".710",".306","-3.5","-0.9","1.5","416.5","4579"
"Harrison Bader","Cardinals","139","582","526","128","23","3","18","68","62","39","166","11","15","7",".244",".308",".399",".707",".306","6.4","1.6","2.3","194.8","18030"
"Jake Cave","Twins","43","182","166","41","8","1","5","21","21","12","53","2","2","1",".248",".304",".407",".711",".306","-0.5","0.0","0.3","581.1","14477"
"Mallex Smith","Mariners","153","644","575","150","26","9","6","75","47","53","130","6","43","14",".261",".328",".366",".694",".306","0.6","4.0","2.6","105.8","13608"
"Tucker Barnhart","Reds","114","480","423","106","22","2","9","44","48","47","87","3","2","2",".250",".327",".377",".704",".306","5.9","-1.8","1.3","265.4","10200"
"Addison Russell","Cubs","88","371","331","81","18","1","9","40","42","32","82","4","3","1",".244",".316",".390",".706",".306","4.6","0.5","1.7","578.8","14106"
"Austin Slater","Giants","100","421","379","97","20","2","8","43","43","32","105","5","8","3",".256",".321",".377",".698",".306","0.7","0.2","0.6","599.6","16153"
"Luis Urias","Padres","149","624","545","134","25","5","8","69","50","62","124","9","5","2",".247",".331",".357",".688",".305","3.7","0.2","2.3","465.2","16622"
"Ian Kinsler","Padres","90","379","342","84","17","1","9","46","32","30","52","4","10","4",".246",".313",".384",".698",".305","3.7","0.3","1.4","484.1","6195"
"Mitch Garver","Twins","41","174","155","37","9","1","4","19","20","16","42","1","1","0",".241",".314",".386",".700",".305","-0.8","-0.1","0.3","498.0","15161"
"Dwight Smith Jr.","Orioles","8","35","31","8","2","0","1","4","3","3","7","0","1","0",".247",".315",".384",".699",".305","0.0","0.0","0.0","999.0","13473"
"Kevin Plawecki","Indians","76","320","283","69","14","1","8","34","37","27","66","6","1","1",".243",".318",".383",".701",".305","-0.5","-0.7","0.8","586.3","13807"
"Kevin Kiermaier","Rays","145","609","549","132","24","9","15","72","58","46","140","8","19","7",".240",".307",".398",".705",".305","14.2","2.7","3.6","377.3","11038"
"Cameron Maybin","Giants","29","120","106","27","5","1","2","13","10","12","24","1","4","2",".251",".328",".363",".691",".305","-0.8","0.2","0.2","599.7","5223"
"Jose Pirela","Padres","12","50","46","12","3","0","1","5","5","3","9","0","1","0",".259",".311",".390",".702",".305","-0.1","-0.1","0.1","600.7","5485"
"Carson Kelly","Diamondbacks","53","224","198","48","10","1","5","23","22","21","38","2","0","0",".244",".323",".371",".694",".305","1.0","-0.1","0.9","514.5","13620"
"J.D. Davis","Mets","17","71","64","15","3","0","2","8","8","5","19","1","0","0",".240",".300",".404",".704",".304","0.0","0.0","0.1","593.8","16219"
"Cory Spangenberg","Brewers","19","80","73","18","3","1","2","9","8","6","23","1","2","1",".245",".306",".394",".700",".304","-0.2","0.3","0.2","599.0","12294"
"Hunter Pence","Rangers","65","273","251","64","11","1","7","29","33","18","61","1","3","1",".256",".307",".395",".702",".304","-0.8","0.2","-0.1","591.1","8252"
"Anthony Santander","Orioles","8","35","32","8","2","0","1","4","4","2","7","0","0","0",".252",".297",".409",".705",".304","-0.1","0.0","0.0","999.0","14551"
"Albert Almora Jr.","Cubs","112","470","436","118","25","2","8","52","48","25","79","2","3","2",".271",".311",".391",".702",".304","2.0","-0.8","1.1","579.6","14109"
"Elias Diaz","Pirates","38","160","148","39","8","0","3","16","18","10","27","1","1","0",".262",".310",".389",".698",".304","0.2","-0.2","0.5","455.1","11680"
"Josh Harrison","Tigers","133","560","513","134","26","3","11","63","55","27","98","12","8","3",".261",".310",".390",".699",".303","-1.9","1.0","1.3","521.2","8202"
"Tim Locastro","Diamondbacks","3","14","13","3","1","0","0","1","1","1","2","1","1","0",".256",".322",".364",".686",".303","-0.1","0.0","0.0","999.0","15124"
"Joe McCarthy","Rays","17","70","61","14","3","0","2","8","7","7","17","1","2","1",".229",".319",".367",".686",".303","-0.2","0.1","0.1","999.0","sa858039"
"Troy Tulowitzki","Yankees","75","315","287","70","11","0","11","34","40","23","64","3","1","0",".243",".302",".398",".700",".303","-0.1","-0.7","0.9","503.4","3531"
"Adam Duvall","Braves","50","209","190","43","10","1","8","23","30","14","55","3","2","1",".229",".289",".419",".708",".303","0.5","0.3","0.2","589.0","10950"
"Kevin Pillar","Blue Jays","145","609","569","147","37","2","14","68","62","26","103","7","14","5",".259",".297",".405",".703",".303","5.7","1.8","2.3","376.8","12434"
"Scott Heineman","Rangers","3","14","13","3","1","0","0","2","1","1","3","0","0","0",".253",".313",".381",".694",".303","0.0","0.0","0.0","999.0","sa827137"
"Austin Hays","Orioles","88","371","351","89","16","2","13","41","45","14","78","3","5","3",".255",".286",".423",".709",".303","1.4","-0.3","0.6","521.2","19363"
"Garrett Cooper","Marlins","51","215","195","49","11","1","5","21","23","15","48","2","1","1",".250",".309",".387",".697",".303","0.2","0.0","0.3","999.0","15279"
"Socrates Brito","Diamondbacks","19","79","73","18","4","1","2","9","9","5","20","0","1","1",".252",".298",".403",".701",".303","0.1","0.1","0.1","999.0","12944"
"Travis d'Arnaud","Mets","50","211","192","46","9","1","7","21","25","15","39","2","0","0",".240",".299",".402",".702",".302","-0.6","-0.3","1.2","592.6","7739"
"Willy Adames","Rays","148","623","556","137","21","4","13","69","61","57","159","3","10","6",".247",".319",".373",".692",".302","-3.8","0.1","1.8","256.4","15986"
"Lourdes Gurriel Jr.","Blue Jays","75","315","294","75","14","1","10","36","36","14","65","3","4","2",".257",".295",".409",".704",".302","-2.7","-0.2","0.7","282.2","19238"
"Leonys Martin","Indians","117","490","446","110","21","3","13","58","49","34","123","4","15","6",".247",".304",".392",".696",".302","4.8","1.3","1.6","395.4","11846"
"Pablo Reyes","Pirates","25","106","96","25","5","1","2","11","10","7","19","1","3","2",".255",".310",".382",".692",".301","0.5","-0.1","0.2","999.0","16357"
"Nick Martini","Athletics","52","217","189","46","9","1","3","24","18","23","47","2","2","1",".245",".331",".346",".678",".301","1.0","0.1","0.4","594.7","12005"
"Byron Buxton","Twins","125","525","479","115","23","5","15","64","56","35","155","5","20","4",".240",".296",".402",".698",".301","8.9","4.0","2.4","146.1","14161"
"Robinson Chirinos","Astros","91","384","331","67","13","1","15","43","47","37","127","12","1","0",".202",".302",".380",".682",".301","-0.2","-1.0","0.7","238.8","3142"
"Mac Williamson","Giants","127","533","480","110","22","1","19","58","60","41","145","7","4","2",".230",".298",".398",".695",".301","-0.6","-0.2","0.4","574.8","14158"
"Yairo Munoz","Cardinals","62","261","240","61","12","1","6","28","30","17","53","2","5","3",".256",".308",".391",".699",".301","-1.7","-0.2","0.3","542.4","16313"
"Derek Fisher","Astros","17","70","62","13","2","0","3","8","8","7","23","1","2","1",".217",".299",".392",".691",".301","0.2","0.1","0.1","600.7","16192"
"Ty France","Padres","2","7","6","1","0","0","0","1","1","0","1","0","0","0",".238",".308",".378",".686",".301","0.0","0.0","0.0","600.9","sa876140"
"Amed Rosario","Mets","152","637","593","157","27","9","11","71","60","32","121","4","25","10",".264",".304",".396",".700",".301","-0.8","1.7","2.2","144.2","15518"
"Curt Casali","Reds","3","13","11","3","1","0","0","1","1","1","3","0","0","0",".234",".308",".380",".688",".300","-0.1","0.0","0.0","599.5","12510"
"Jorge Bonifacio","Royals","35","147","132","31","6","1","4","16","15","13","40","1","0","0",".235",".306",".382",".688",".300","0.0","0.0","-0.1","600.4","12174"
"Dansby Swanson","Braves","125","525","467","115","25","4","12","54","56","49","115","2","8","3",".245",".318",".388",".706",".300","2.6","1.0","1.7","508.1","18314"
"Preston Tucker","White Sox","8","35","32","7","2","0","1","4","4","3","8","0","0","0",".227",".291",".404",".696",".300","-0.4","0.0","0.0","999.0","13633"
"Greg Garcia","Padres","43","179","153","37","7","1","2","17","13","21","36","3","2","1",".240",".339",".329",".668",".300","-0.2","0.2","0.4","999.0","10951"
"Ildemaro Vargas","Diamondbacks","17","70","65","18","3","1","1","7","7","3","7","0","1","0",".270",".309",".383",".691",".300","0.0","0.0","0.1","999.0","13324"
"Drew Ferguson","Giants","22","92","81","19","4","0","1","10","8","9","23","1","2","1",".240",".324",".352",".676",".300","-0.1","-0.1","0.1","999.0","sa875766"
"Yan Gomes","Nationals","73","307","282","68","15","0","10","32","38","17","81","5","0","0",".240",".292",".404",".696",".300","2.0","-0.2","1.3","216.8","9627"
"Welington Castillo","White Sox","99","416","382","91","16","0","15","42","49","27","114","4","1","0",".239",".292",".402",".694",".300","0.1","-1.1","1.2","211.5","3256"
"Alex Gordon","Royals","148","623","548","128","25","1","15","63","59","58","150","12","10","3",".234",".318",".364",".682",".300","9.2","0.5","1.4","561.5","5209"
"Mikie Mahtook","Tigers","80","336","307","72","13","4","10","36","37","22","87","4","5","2",".236",".295",".399",".694",".299","0.3","0.1","0.0","600.4","13130"
"Tom Murphy","Rockies","15","64","59","13","3","0","2","7","9","4","22","1","1","0",".226",".277",".424",".702",".299","-0.4","0.0","0.0","590.9","13499"
"Jason Martin","Pirates","5","21","19","5","1","0","1","2","2","1","5","0","0","0",".244",".298",".395",".693",".299","-0.1","-0.1","0.0","999.0","sa737834"
"Nick Solak","Rays","3","14","12","3","0","0","0","2","1","1","3","0","0","0",".240",".314",".364",".678",".299","-0.1","0.0","0.0","999.0","sa874054"
"Brandon Drury","Blue Jays","88","371","336","81","20","1","8","37","37","27","89","4","2","1",".242",".304",".384",".688",".299","-1.3","-0.6","0.5","586.1","11615"
"Dylan Cozens","Phillies","7","29","26","5","1","0","1","3","4","3","12","0","1","0",".202",".285",".410",".695",".299","0.0","0.0","0.0","999.0","15115"
"Manny Pina","Brewers","24","102","93","23","5","0","2","11","11","7","20","1","1","0",".249",".305",".387",".692",".299","1.3","-0.1","0.5","565.5","2829"
"Patrick Wisdom","Rangers","15","63","57","13","3","0","2","7","8","5","20","1","1","0",".227",".293",".396",".689",".299","0.2","0.1","0.0","600.7","13602"
"Niko Goodrum","Tigers","145","609","553","129","28","4","17","65","65","46","165","4","14","6",".234",".297",".392",".688",".298","-4.3","0.9","0.3","322.8","12092"
"Breyvic Valera","Giants","8","35","32","8","1","0","0","3","3","3","4","0","1","0",".264",".321",".358",".679",".298","-0.1","-0.1","0.1","999.0","12758"
"Max Moroff","Indians","48","203","173","37","8","1","5","23","23","26","60","1","3","1",".213",".319",".352",".670",".298","0.2","0.1","0.4","999.0","14556"
"Justin Williams","Cardinals","3","14","13","3","1","0","0","1","2","1","3","0","0","0",".253",".299",".389",".688",".298","0.0","0.0","0.0","999.0","15490"
"Fernando Tatis Jr.","Padres","75","315","285","65","12","2","10","36","35","24","97","3","9","4",".227",".293",".397",".689",".298","-0.4","0.1","0.9","274.8","sa919910"
"Devin Mesoraco","Mets","8","32","28","6","1","0","1","3","3","3","7","1","0","0",".217",".301",".385",".686",".298","-0.4","0.0","0.0","597.8","5666"
"Keibert Ruiz","Dodgers","6","26","24","6","1","0","1","3","3","1","3","0","0","0",".258",".304",".383",".687",".298","0.1","0.0","0.1","599.3","sa872528"
"Chris Davis","Orioles","125","525","457","91","16","0","24","57","65","57","194","6","2","1",".199",".294",".390",".685",".298","0.6","-0.2","-0.1","575.7","9272"
"Chris Young","","50","210","187","40","9","1","7","24","22","19","52","2","2","1",".217",".294",".389",".683",".298","-2.0","0.0","-0.1","999.0","3882"
"Joey Rickard","Orioles","98","413","371","90","19","2","8","44","36","33","89","4","7","2",".243",".311",".370",".680",".298","-0.1","0.8","0.3","600.7","13277"
"Matt Beaty","Dodgers","2","7","6","2","0","0","0","1","1","0","1","0","0","0",".256",".306",".379",".685",".298","0.0","0.0","0.0","999.0","sa602895"
"Andrew Knizner","Cardinals","8","32","29","8","1","0","1","3","3","2","5","0","0","0",".261",".312",".371",".682",".298","0.1","0.0","0.1","599.0","sa857827"
"Nick Ahmed","Diamondbacks","148","622","568","137","31","5","16","65","67","42","123","4","7","5",".242",".296",".398",".694",".298","6.4","-0.3","2.0","554.4","12147"
"Luis Arraez","Twins","2","7","6","2","0","0","0","1","1","0","1","0","0","0",".276",".316",".366",".683",".298","0.0","0.0","0.0","999.0","sa828153"
"Francisco Mejia","Padres","80","337","311","77","16","1","9","34","34","18","66","4","1","1",".249",".295",".396",".691",".298","0.6","0.1","1.0","247.4","16403"
"Kevin Kramer","Pirates","19","78","71","18","4","0","2","8","8","5","19","1","1","1",".249",".305",".379",".684",".298","-0.1","0.0","0.2","599.0","17689"
"Mike Zunino","Rays","107","448","403","84","18","0","21","47","57","34","156","8","1","0",".208",".279",".408",".688",".298","0.6","-0.6","2.2","235.9","13265"
"Alex Blandino","Reds","15","64","56","13","3","0","1","6","6","6","17","1","1","1",".228",".315",".356",".672",".297","0.0","-0.1","0.1","601.0","16271"
"J.P. Crawford","Mariners","117","490","425","95","17","4","9","51","45","54","115","5","6","3",".225",".318",".347",".665",".297","-0.5","0.1","1.6","581.6","15491"
"Ronny Rodriguez","Tigers","20","84","79","20","4","1","2","9","9","3","17","0","2","1",".256",".287",".404",".691",".297","-0.5","-0.1","0.1","999.0","11875"
"Domingo Leyba","Diamondbacks","2","7","6","2","0","0","0","1","1","0","1","0","0","0",".250",".307",".370",".677",".297","0.0","0.0","0.0","999.0","sa736654"
"Chance Sisco","Orioles","91","384","340","81","16","0","8","37","36","30","112","10","2","1",".237",".315",".355",".669",".296","-1.6","-0.2","0.8","480.2","15694"
"Guillermo Heredia","Rays","33","140","123","30","5","0","2","14","11","12","22","3","1","1",".247",".324",".343",".666",".296","-0.4","-0.2","0.1","999.0","18721"
"Albert Pujols","Angels","97","406","377","93","14","0","14","41","56","24","59","2","1","0",".246",".292",".399",".690",".296","-0.1","-2.1","-0.2","544.6","1177"
"Ke'Bryan Hayes","Pirates","3","14","13","3","1","0","0","1","1","1","3","0","0","0",".250",".314",".359",".673",".296","0.1","0.0","0.0","596.7","sa874730"
"Jose Iglesias","Reds","33","140","130","34","8","0","2","14","13","7","17","2","3","2",".263",".307",".370",".677",".296","1.6","0.0","0.4","595.2","10231"
"Rio Ruiz","Orioles","108","455","410","97","19","2","11","48","47","39","104","2","2","1",".237",".303",".376",".680",".296","1.6","0.0","0.9","999.0","14103"
"Isiah Kiner-Falefa","Rangers","45","191","172","44","8","1","2","20","16","14","30","3","4","2",".258",".321",".348",".668",".296","-0.6","-0.2","0.0","290.1","16512"
"Yolmer Sanchez","White Sox","148","623","568","138","28","7","11","65","60","42","134","6","12","6",".244",".301",".378",".679",".296","3.0","-0.3","1.6","567.0","11602"
"Jacoby Ellsbury","Yankees","8","35","31","8","1","0","1","4","3","3","6","0","1","0",".246",".315",".356",".671",".295","-0.1","0.1","0.0","999.0","4727"
"Joey Wendle","Rays","125","525","484","124","27","4","9","56","52","27","103","7","11","3",".256",".303",".382",".684",".295","3.8","0.8","1.6","217.2","13853"
"Sam Travis","Red Sox","2","7","6","2","0","0","0","1","1","1","2","0","0","0",".248",".306",".367",".673",".295","0.0","0.0","0.0","999.0","16263"
"Delino DeShields","Rangers","117","490","422","101","19","3","5","65","34","53","114","4","26","8",".238",".326",".333",".658",".295","-0.7","3.5","0.8","345.9","11379"
"Jonathan Lucroy","Angels","91","384","347","87","17","1","7","39","40","28","59","4","1","0",".250",".311",".366",".677",".295","0.3","-1.0","1.0","313.5","7870"
"Marco Hernandez","Red Sox","2","7","7","2","0","0","0","1","1","0","2","0","0","0",".263",".296",".386",".682",".295","-0.1","0.0","0.0","999.0","13154"
"Troy Stokes Jr.","Padres","3","14","12","3","1","0","0","2","1","1","4","0","0","0",".214",".295",".379",".674",".295","0.1","0.0","0.0","999.0","sa828871"
"Connor Joe","Reds","14","57","50","11","2","0","1","6","6","6","14","1","0","0",".224",".309",".359",".668",".295","-0.1","-0.1","0.0","999.0","sa827153"
"Tim Anderson","White Sox","152","637","601","152","28","4","17","73","65","25","161","4","23","7",".253",".286",".400",".685",".294","-3.3","2.0","1.6","137.9","15172"
"Hernan Perez","Brewers","66","279","262","67","12","2","7","29","31","13","56","1","9","3",".254",".288",".398",".686",".294","-0.5","0.9","0.4","497.1","5751"
"Max Stassi","Astros","53","224","198","42","9","0","8","25","26","20","67","4","1","0",".213",".295",".374",".669",".294","-0.7","-0.1","1.5","578.2","10059"
"Jordy Mercer","Tigers","117","490","440","109","23","2","9","49","48","39","87","5","2","1",".248",".314",".373",".687",".294","-3.3","0.1","0.9","592.5","6547"
"Roman Quinn","Phillies","62","260","235","57","9","4","4","28","24","20","66","2","16","6",".241",".303",".368",".671",".294","-2.0","0.9","0.3","561.5","13546"
"Alen Hanson","Giants","14","57","53","13","2","1","1","6","6","3","12","0","2","1",".249",".289",".393",".682",".294","0.1","0.1","0.1","590.7","12926"
"Ryan Mountcastle","Orioles","2","7","7","2","0","0","0","1","1","0","1","0","0","0",".252",".285",".399",".684",".294","0.0","0.0","0.0","597.0","sa874734"
"Erik Kratz","Brewers","12","51","47","11","2","0","2","5","6","3","11","1","0","0",".235",".291",".382",".674",".293","0.3","-0.1","0.2","999.0","4403"
"Tony Wolters","Rockies","61","256","223","52","9","3","3","26","26","27","53","4","2","1",".233",".323",".346",".669",".293","2.7","0.1","0.9","601.0","11470"
"Tim Beckham","Mariners","58","245","224","53","10","1","7","25","26","16","68","2","2","1",".235",".290",".385",".675",".293","-2.4","-0.3","0.4","555.5","7949"
"Austin Allen","Padres","3","13","12","3","1","0","0","1","1","1","3","0","0","0",".238",".290",".390",".680",".293","-0.1","0.0","0.0","999.0","sa875025"
"Jarrod Dyson","Diamondbacks","35","148","131","32","5","2","1","17","12","13","22","2","10","2",".247",".321",".345",".666",".293","2.1","1.1","0.4","591.1","4866"
"Kevan Smith","Angels","46","192","177","46","8","0","4","19","20","10","31","3","0","0",".258",".305",".365",".670",".293","-1.9","-0.3","0.5","596.8","12284"
"Brandon Phillips","","17","70","65","17","3","0","1","8","7","3","11","1","1","1",".260",".300",".373",".673",".293","-0.1","-0.2","0.1","999.0","791"
"Brian Goodwin","Royals","120","504","454","104","23","1","14","54","53","40","144","3","11","4",".228",".294",".381",".674",".293","-0.7","0.2","0.0","600.3","12858"
"Taylor Ward","Angels","25","105","93","22","3","0","3","12","10","10","25","1","2","0",".233",".308",".356",".664",".293","-0.3","0.2","0.2","591.7","17548"
"Steven Duggar","Giants","125","525","471","115","26","4","6","56","40","46","145","3","13","6",".243",".313",".355",".667",".293","-2.0","0.9","0.7","555.1","17719"
"Hunter Dozier","Royals","142","595","542","124","30","3","16","61","59","46","175","2","5","3",".229",".291",".383",".674",".293","-6.1","-0.9","-0.1","565.2","15117"
"Luis Rengifo","Angels","5","21","19","5","1","0","0","2","2","2","4","0","1","0",".243",".309",".358",".666",".293","-0.1","0.0","0.0","600.8","sa826671"
"Bradley Zimmer","Indians","35","147","131","29","6","1","4","17","15","12","52","2","6","2",".225",".300",".367",".667",".293","1.4","0.7","0.3","568.7","16221"
"Zack Collins","White Sox","3","13","11","2","0","0","0","1","1","2","5","0","0","0",".190",".311",".342",".653",".293","-0.1","0.0","0.0","600.5","sa738390"
"Shed Long","Mariners","3","14","13","3","1","0","0","1","1","1","4","0","0","0",".234",".300",".369",".669",".293","0.0","0.0","0.0","600.1","sa738578"
"Jace Peterson","Orioles","2","7","6","1","0","0","0","1","1","1","2","0","0","0",".226",".321",".335",".656",".292","0.0","0.0","0.0","999.0","12325"
"Jace Peterson","Orioles","17","70","60","14","3","0","1","7","6","8","15","0","2","1",".226",".321",".335",".656",".292","-0.3","0.0","0.1","999.0","12325"
"Pat Valaika","Rockies","27","114","106","25","6","0","4","12","13","6","28","0","1","1",".238",".278",".403",".681",".292","0.3","0.0","0.0","999.0","14885"
"Ehire Adrianza","Twins","23","98","88","22","5","0","2","11","10","7","20","1","2","1",".248",".306",".364",".670",".292","-0.2","0.1","0.2","600.9","8418"
"Michael A. Taylor","Nationals","55","233","213","50","10","1","6","25","24","17","73","1","12","4",".235",".293",".384",".677",".292","1.0","1.1","0.4","548.5","11489"
"Gerardo Parra","Giants","93","390","360","93","19","1","6","40","37","21","72","4","7","3",".259",".305",".368",".673",".292","0.6","-0.6","0.2","582.6","8553"
"Mitch Walding","Phillies","19","78","68","13","2","0","3","8","9","9","30","1","0","0",".199",".296",".366",".662",".292","0.3","0.0","0.1","999.0","13006"
"Austin Hedges","Padres","73","307","283","65","13","1","12","30","39","18","82","2","2","1",".228",".277",".410",".687",".292","2.6","-0.1","2.1","321.6","12976"
"Tommy La Stella","Angels","47","196","175","43","9","0","3","20","18","17","32","2","1","1",".246",".317",".343",".660",".292","-1.5","-0.3","0.2","999.0","12371"
"Dominic Smith","Mets","3","14","13","3","1","0","0","1","1","1","3","0","0","0",".239",".292",".381",".672",".292","0.0","0.0","0.0","591.3","15653"
"Bryan Reynolds","Pirates","2","7","6","2","0","0","0","1","1","1","2","0","0","0",".246",".304",".367",".671",".292","0.0","0.0","0.0","999.0","sa873683"
"Lane Thomas","Cardinals","3","14","13","3","1","0","0","1","2","1","4","0","0","0",".233",".291",".381",".671",".292","0.0","0.0","0.0","999.0","sa828962"
"Miguel Rojas","Marlins","64","268","245","64","11","1","4","25","25","15","33","4","3","1",".261",".310",".360",".670",".292","1.4","-0.5","0.7","587.1","7802"
"Pablo Sandoval","Giants","14","58","53","13","2","0","2","5","6","4","11","1","0","0",".240",".294",".381",".675",".292","-0.3","-0.2","0.0","600.7","5409"
"Matt Wieters","Cardinals","30","128","114","27","5","0","3","12","14","11","25","1","0","0",".234",".304",".365",".669",".292","0.1","-0.3","0.2","584.1","4298"
"Freddy Galvis","Blue Jays","100","420","386","96","19","3","8","43","43","26","86","2","7","3",".247",".296",".378",".674",".292","1.3","0.4","1.1","571.2","6609"
"Tzu-Wei Lin","Red Sox","3","14","13","3","1","0","0","2","1","1","3","0","0","0",".250",".307",".359",".665",".291","0.0","0.0","0.0","999.0","14678"
"Brandon Dixon","Tigers","23","98","91","21","5","0","3","11","11","5","30","1","2","1",".233",".281",".397",".677",".291","0.7","0.1","0.0","600.7","15214"
"Jose Reyes","","33","140","127","30","6","1","3","16","13","11","22","0","4","1",".238",".299",".370",".669",".291","-1.0","0.3","0.1","999.0","1736"
"Leury Garcia","White Sox","43","182","169","43","7","2","3","19","18","8","43","2","6","2",".256",".297",".372",".669",".291","0.5","0.3","0.3","597.4","5913"
"Martin Prado","Marlins","80","334","308","80","15","1","4","31","30","21","50","2","1","1",".259",".308",".356",".664",".291","1.6","-1.0","0.1","600.5","3312"
"Andrew Toles","Dodgers","27","114","107","27","6","0","2","12","12","5","25","1","2","1",".251",".291",".385",".676",".291","0.6","0.0","0.1","600.9","13414"
"Drew Robinson","Cardinals","15","65","57","12","2","0","2","7","7","7","23","0","1","1",".206",".290",".374",".664",".291","-0.1","0.0","0.1","999.0","11761"
"Myles Straw","Astros","2","7","6","2","0","0","0","1","0","1","1","0","0","0",".252",".327",".322",".649",".291","0.0","0.0","0.0","598.8","17620"
"John Hicks","Tigers","79","333","309","75","15","1","9","35","36","19","87","2","3","1",".243",".288",".381",".669",".290","-0.1","-0.4","-0.4","386.2","12547"
"Gordon Beckham","Tigers","3","14","13","3","1","0","0","1","1","1","2","0","0","0",".239",".304",".357",".661",".290","0.0","0.0","0.0","999.0","9015"
"Travis Jankowski","Padres","24","101","90","22","3","1","1","11","6","10","23","1","5","2",".244",".321",".326",".647",".290","0.2","0.4","0.1","580.8","13768"
"Dee Gordon","Mariners","153","644","606","169","21","7","4","74","44","20","94","7","39","13",".279",".308",".356",".664",".290","-1.0","3.6","1.6","106.8","8203"
"Matt Thaiss","Angels","8","35","32","8","2","0","1","4","4","2","7","0","0","0",".238",".295",".370",".665",".290","0.0","0.0","0.0","599.1","sa738522"
"Jason Castro","Twins","99","416","363","77","18","1","10","43","39","45","125","3","1","0",".213",".304",".351",".655",".290","4.3","-0.7","2.0","585.1","8722"
"David Fletcher","Angels","127","532","496","130","26","3","5","55","47","25","62","5","9","3",".263",".303",".360",".663",".290","4.5","0.9","1.5","578.3","17992"
"Chris Shaw","Giants","29","120","111","25","6","0","4","12","14","7","39","1","0","0",".227",".277",".395",".672",".290","-0.7","0.0","-0.1","600.5","17738"
"Christian Vazquez","Red Sox","61","256","237","61","13","1","4","28","23","14","45","3","4","1",".256",".303",".361",".664",".290","0.4","-0.2","1.2","552.5","9774"
"Kevin Newman","Pirates","58","245","226","60","12","1","2","24","21","14","32","2","7","3",".264",".309",".354",".663",".289","0.6","0.2","0.5","598.3","17696"
"Jake Marisnick","Astros","50","210","191","42","9","1","7","27","24","13","67","3","6","3",".218",".278",".391",".669",".289","0.8","0.4","0.5","600.2","11339"
"Kyle Farmer","Reds","39","162","150","37","9","1","3","16","17","9","31","2","1","1",".244",".294",".371",".665",".289","-0.2","-0.2","0.3","999.0","14813"
"Wilmer Difo","Nationals","42","177","161","40","7","2","3","19","16","13","34","1","5","1",".249",".306",".362",".668",".289","0.9","0.4","0.3","596.8","14320"
"Edwin Rios","Dodgers","2","7","6","2","0","0","0","1","1","0","2","0","0","0",".236",".280",".396",".676",".289","0.0","0.0","0.0","999.0","sa827170"
"Orlando Arcia","Brewers","133","560","517","129","24","2","11","55","53","34","114","3","13","6",".250",".298",".368",".667",".288","0.8","0.4","0.9","523.5","13185"
"Jose Rondon","White Sox","35","147","137","33","6","1","4","15","16","7","36","1","2","2",".239",".280",".388",".668",".288","0.6","-0.2","0.3","999.0","14140"
"Spencer Kieboom","Nationals","3","13","11","3","1","0","0","1","1","1","2","0","0","0",".234",".309",".338",".648",".288","0.0","0.0","0.0","600.6","13300"
"Hanser Alberto","Orioles","30","126","120","32","6","1","2","12","12","3","14","1","1","1",".269",".291",".378",".669",".288","0.9","-0.3","0.3","999.0","11902"
"Sam Hilliard","Rockies","2","7","6","2","0","0","0","1","1","0","2","0","0","0",".242",".296",".366",".662",".288","0.0","0.0","0.0","999.0","sa829542"
"Andrew Knapp","Phillies","23","96","84","18","4","1","2","10","9","10","30","1","0","0",".217",".304",".351",".655",".288","-0.7","0.0","0.1","600.0","14942"
"Jon Jay","White Sox","42","175","157","39","6","1","1","20","12","11","33","4","1","1",".251",".316",".330",".646",".288","0.3","-0.1","0.2","594.3","5227"
"Nick Hundley","Athletics","30","128","118","27","6","1","4","13","14","8","35","1","1","0",".230",".280",".390",".671",".288","-1.9","-0.3","-0.1","590.1","3376"
"Chris Herrmann","Athletics","23","96","83","17","3","1","2","11","10","11","26","0","1","0",".208",".303",".347",".649",".287","0.1","0.2","0.3","597.0","9284"
"Carlos Gomez","Mets","32","133","119","26","6","0","3","13","13","9","38","4","3","1",".217",".293",".358",".650",".287","0.6","0.1","0.1","600.5","4881"
"Scott Kingery","Phillies","81","342","316","76","16","2","8","37","33","19","81","3","9","3",".240",".287",".377",".664",".287","0.4","1.1","0.4","486.4","17975"
"Adolis Garcia","Cardinals","5","21","20","5","1","0","1","2","3","1","5","0","0","0",".235",".273",".397",".670",".287","0.0","0.0","0.0","600.7","19287"
"Christian Arroyo","Rays","8","35","32","8","2","0","1","3","3","2","7","0","0","0",".248",".295",".367",".661",".287","0.1","-0.1","0.1","600.7","16434"
"Greg Allen","Indians","45","189","169","41","8","1","2","20","15","12","41","5","9","3",".243",".309",".338",".647",".287","-0.5","0.6","0.0","303.7","16623"
"Taylor Davis","Cubs","3","13","12","3","1","0","0","1","1","1","2","0","0","0",".244",".304",".348",".652",".287","-0.1","0.0","0.0","999.0","12782"
"Andrew Susac","Orioles","8","32","28","6","1","0","1","3","3","3","10","0","0","0",".206",".292",".362",".654",".286","-0.2","0.0","0.1","999.0","13132"
"Dalton Pompey","Blue Jays","3","14","13","3","1","0","0","2","1","1","4","0","0","0",".229",".298",".351",".648",".286","0.1","0.0","0.0","600.6","12797"
"Ryder Jones","Giants","2","7","6","2","0","0","0","1","1","0","2","0","0","0",".238",".286",".377",".663",".286","0.0","0.0","0.0","999.0","15982"
"Tyrone Taylor","Padres","10","42","39","9","2","0","1","4","4","2","8","0","1","0",".235",".281",".379",".660",".286","0.1","0.0","0.0","999.0","sa657979"
"Chris Owings","Royals","97","406","376","93","22","3","7","43","38","23","90","3","13","4",".247",".292",".372",".664",".286","-2.0","0.9","0.3","586.0","10030"
"Erik Gonzalez","Pirates","134","561","529","134","26","3","11","58","55","21","142","4","12","5",".253",".285",".376",".660",".286","-1.9","0.3","0.7","593.9","13369"
"Austin Romine","Yankees","30","128","117","28","6","0","3","13","16","8","30","1","1","0",".235",".284",".373",".657",".285","0.1","-0.1","0.4","568.0","5491"
"Mauricio Dubon","Padres","12","49","45","11","2","0","1","5","5","3","9","0","2","1",".250",".292",".364",".655",".285","0.1","0.0","0.1","599.1","sa738378"
"Zack Granite","Rangers","15","63","57","15","2","0","1","7","5","4","8","0","2","1",".255",".311",".335",".646",".285","0.2","0.0","0.0","601.0","15343"
"J.T. Riddle","Marlins","117","490","454","112","19","4","10","45","50","28","96","1","4","3",".247",".289",".371",".660",".285","1.9","-0.6","1.1","600.0","17642"
"Josh Phegley","Athletics","91","384","348","77","21","2","9","40","40","26","89","5","1","0",".221",".283",".372",".655",".285","-1.1","-0.4","0.7","596.2","9308"
"Lewis Brinson","Marlins","142","595","548","124","22","6","17","58","63","36","157","5","8","4",".226",".278",".384",".662",".285","0.3","0.5","0.8","395.3","14352"
"Michael Hermosillo","Angels","43","182","162","36","7","1","4","20","17","13","51","4","5","3",".221",".293",".354",".647",".285","-0.6","-0.2","0.0","999.0","16285"
"Jose Siri","Reds","3","14","13","3","0","0","0","1","2","1","4","0","1","0",".224",".269",".394",".663",".285","0.0","0.0","0.0","999.0","sa736940"
"Luis Guillorme","Mets","12","50","45","11","2","0","0","5","4","4","7","0","0","0",".248",".316",".320",".636",".284","0.0","0.0","0.1","999.0","16451"
"David Freitas","Mariners","41","173","157","37","8","0","3","17","15","12","36","2","0","0",".238",".296",".350",".646",".284","-0.6","-0.1","0.5","999.0","10619"
"Raudy Read","Nationals","1","6","6","1","0","0","0","1","1","0","1","0","0","0",".242",".284",".371",".656",".284","0.0","0.0","0.0","999.0","15766"
"Reese McGuire","Blue Jays","23","96","86","20","4","0","2","10","9","7","21","1","1","1",".227",".292",".353",".646",".284","0.1","-0.1","0.3","600.5","15674"
"Ronald Torreyes","Twins","8","35","33","9","2","0","0","3","3","1","5","0","0","0",".267",".300",".349",".649",".283","0.1","0.0","0.0","999.0","11400"
"Luis Alexander Basabe","White Sox","5","21","19","4","1","0","1","2","2","2","7","0","0","0",".217",".290",".355",".645",".283","0.1","0.0","0.0","999.0","sa736915"
"Joey Curletta","Mariners","10","42","37","8","2","0","1","4","5","4","13","0","0","0",".209",".286",".364",".650",".283","0.0","0.0","-0.1","999.0","sa658025"
"Jonathan Davis","Blue Jays","12","49","44","10","2","0","1","5","4","4","12","1","2","1",".223",".295",".346",".641",".283","0.3","0.1","0.0","999.0","15104"
"Carlos Perez","Orioles","5","19","18","4","1","0","0","2","2","1","4","0","0","0",".230",".283",".366",".649",".282","0.1","0.0","0.0","999.0","10642"
"Oscar Mercado","Indians","12","49","45","11","2","0","1","5","4","3","10","1","2","1",".240",".299",".342",".641",".282","0.0","0.0","0.0","597.8","sa737612"
"Juan Lagares","Mets","38","161","149","37","7","1","2","16","13","8","32","2","4","2",".251",".293",".357",".650",".282","1.7","0.2","0.3","600.5","5384"
"Tyler Saladino","Brewers","20","86","78","18","3","1","2","9","8","6","20","1","2","1",".229",".292",".348",".641",".282","0.1","0.2","0.0","999.0","10807"
"Dawel Lugo","Tigers","3","14","13","3","1","0","0","1","1","0","2","0","0","0",".260",".285",".365",".651",".282","0.0","0.0","0.0","999.0","14713"
"Austin Jackson","","42","175","159","38","8","1","2","17","15","13","50","1","2","1",".240",".299",".342",".641",".282","-2.7","-0.1","-0.2","999.0","9848"
"Jesus Sanchez","Rays","2","7","7","2","0","0","0","1","1","0","2","0","0","0",".241",".278",".376",".653",".281","0.0","0.0","0.0","999.0","sa872787"
"Kyle Higashioka","Yankees","8","32","29","6","1","0","1","3","4","2","7","0","0","0",".218",".273",".379",".652",".281","-0.2","0.0","0.1","999.0","5517"
"Garrett Stubbs","Astros","8","32","29","7","1","0","0","3","3","3","6","0","0","0",".232",".302",".333",".636",".281","0.2","0.0","0.1","999.0","sa827172"
"Rosell Herrera","Marlins","29","120","109","26","5","1","1","11","9","9","24","1","3","2",".240",".298",".339",".638",".281","0.3","0.1","0.1","999.0","11611"
"Billy Hamilton","Royals","142","595","539","130","20","8","5","72","37","46","125","2","44","11",".242",".301",".336",".637",".281","7.0","6.5","1.7","156.6","10199"
"Grayson Greiner","Tigers","114","480","431","95","20","2","10","46","47","41","125","2","1","0",".221",".291",".348",".638",".281","2.4","0.2","1.3","559.6","17062"
"Austin Wynns","Orioles","46","192","175","41","7","0","4","19","18","13","43","1","1","0",".236",".290",".349",".640",".281","0.3","-0.1","0.3","599.5","15271"
"Kelvin Gutierrez","Royals","2","7","6","2","0","0","0","1","1","0","2","0","0","0",".243",".290",".353",".642",".281","0.0","0.0","0.0","999.0","sa736855"
"Abiatal Avelino","Giants","5","21","20","5","1","0","0","2","2","1","4","0","1","0",".242",".285",".361",".646",".280","0.0","0.0","0.0","999.0","15496"
"Carlos Tocci","Rangers","10","42","38","10","1","0","0","4","3","2","9","0","1","1",".252",".301",".334",".636",".280","0.0","-0.1","0.0","999.0","14558"
"Nick Gordon","Twins","5","21","19","5","1","0","0","2","2","1","4","0","1","0",".247",".293",".349",".642",".280","0.1","0.0","0.0","600.6","sa828662"
"Roberto Perez","Indians","69","288","247","50","12","1","6","28","31","32","87","2","2","0",".202",".294",".335",".629",".280","2.6","-0.3","1.4","595.2","2900"
"Charlie Culberson","Braves","39","165","153","36","7","1","4","17","17","9","39","1","2","1",".238",".285",".367",".652",".280","0.6","0.0","0.0","590.6","3298"
"Peter O'Brien","Marlins","92","385","347","68","14","1","17","40","46","32","145","3","1","0",".194",".265",".384",".649",".280","-3.1","0.0","-0.6","582.3","13288"
"Yu Chang","Indians","2","7","6","1","0","0","0","1","1","1","2","0","0","0",".217",".283",".357",".640",".280","0.0","0.0","0.0","600.6","sa830276"
"Tyler Wade","Yankees","37","154","138","32","6","1","2","17","13","13","37","1","5","2",".229",".297",".337",".633",".280","-0.1","0.1","0.0","999.0","15730"
"Seby Zavala","White Sox","5","19","18","4","1","0","1","2","2","1","6","0","0","0",".221",".277",".364",".641",".279","-0.1","0.0","0.0","999.0","sa875572"
"James McCann","White Sox","46","192","176","40","7","0","5","17","19","12","52","2","0","1",".230",".285",".352",".637",".279","1.3","-0.7","0.3","571.5","12859"
"Jacob Stallings","Pirates","8","32","30","7","2","0","0","3","3","2","7","0","0","0",".245",".289",".352",".641",".279","0.2","0.0","0.1","999.0","13723"
"Jason Vosler","Padres","2","7","6","1","0","0","0","1","1","1","2","0","0","0",".211",".280",".359",".639",".279","0.0","0.0","0.0","999.0","sa829190"
"Cole Tucker","Pirates","8","35","32","7","1","0","0","3","3","3","7","0","2","1",".236",".299",".335",".634",".279","0.1","0.0","0.0","600.8","sa828671"
"Blake Swihart","Red Sox","62","262","237","54","11","1","4","29","24","21","70","1","4","1",".229",".294",".337",".630",".279","-0.6","0.4","0.2","573.5","13176"
"Jacob Nottingham","Padres","1","6","6","1","0","0","0","1","1","0","2","0","0","0",".207",".277",".359",".636",".278","0.0","0.0","0.0","600.9","16448"
"Martin Maldonado","Royals","107","448","405","89","18","1","11","41","45","25","109","12","1","1",".221",".283",".350",".633",".278","4.5","-1.0","2.1","551.9","6887"
"Pedro Severino","Nationals","1","6","6","1","0","0","0","1","1","0","1","0","0","0",".235",".288",".352",".639",".278","0.0","0.0","0.0","999.0","14523"
"Isan Diaz","Marlins","2","7","6","1","0","0","0","1","1","1","2","0","0","0",".208",".292",".334",".626",".277","0.0","0.0","0.0","999.0","sa828704"
"Cam Gallagher","Royals","23","96","87","21","4","0","1","9","9","6","15","1","0","0",".238",".292",".338",".630",".277","0.5","0.0","0.4","595.7","12981"
"Andrew Stevenson","Nationals","17","71","65","16","2","0","1","7","6","5","17","0","2","1",".242",".297",".330",".628",".277","0.1","0.0","-0.1","999.0","17932"
"Richie Martin","Orioles","88","371","337","79","14","3","4","35","28","24","75","5","11","5",".235",".295",".332",".628",".277","1.5","0.0","0.5","588.5","sa659080"
"Meibrys Viloria","Royals","18","77","71","16","3","0","1","7","7","5","17","1","0","0",".234",".286",".344",".630",".277","0.5","0.0","0.2","999.0","17109"
"Drew Jackson","Orioles","78","329","292","63","12","1","6","34","27","26","86","6","11","5",".217",".294",".328",".622",".277","0.7","0.3","0.3","999.0","sa659066"
"Jorge Alfaro","Marlins","122","512","472","109","21","2","11","45","49","24","169","12","3","1",".230",".282",".357",".639",".276","-1.3","-0.1","1.6","247.8","12180"
"JaCoby Jones","Tigers","133","560","510","110","23","5","14","59","53","35","179","8","16","6",".215",".274",".359",".634",".276","6.2","1.1","0.9","593.7","14818"
"Willi Castro","Tigers","8","35","33","8","1","0","1","3","3","2","8","0","1","0",".241",".281",".353",".634",".276","0.0","0.0","0.0","999.0","sa830274"
"Keon Broxton","Mets","45","191","169","33","6","1","5","20","17","18","75","2","9","3",".197",".279",".345",".624",".275","0.3","0.8","0.2","560.5","9253"
"Dylan Moore","Mariners","42","175","158","35","7","1","4","18","16","12","39","3","5","2",".219",".284",".345",".629",".275","0.9","0.2","0.1","999.0","sa875186"
"Jose Lobaton","Mariners","5","19","17","4","1","0","0","2","2","2","5","0","0","0",".211",".290",".339",".629",".275","-0.1","0.0","0.0","999.0","4243"
"Ryan Flaherty","","33","140","124","27","5","1","2","14","12","13","34","1","2","1",".220",".300",".328",".628",".275","0.1","0.1","0.0","999.0","7888"
"Luis Barrera","Athletics","2","7","6","2","0","0","0","1","1","0","1","0","0","0",".240",".285",".344",".629",".275","0.0","0.0","0.0","999.0","sa736690"
"Adeiny Hechavarria","Mets","12","50","46","12","2","0","1","5","5","3","9","0","0","0",".248",".288",".347",".635",".275","0.2","0.0","0.1","999.0","10459"
"Kaleb Cowart","Angels","3","14","13","3","1","0","0","1","1","1","4","0","0","0",".222",".280",".348",".627",".274","0.0","0.0","0.0","600.7","11494"
"Alex Jackson","Braves","3","13","12","2","1","0","0","1","1","1","4","0","0","0",".207",".271",".363",".633",".274","-0.1","0.0","0.0","999.0","sa828663"
"Michael Perez","Rays","40","166","153","35","7","0","3","16","16","11","40","1","1","1",".229",".281",".345",".626",".274","1.3","-0.2","0.2","600.4","12977"
"Nick Dini","Royals","5","19","18","4","1","0","0","2","2","1","4","0","0","0",".236",".280",".345",".626",".274","0.0","0.0","0.0","999.0","sa875718"
"Braden Bishop","Mariners","3","14","13","3","1","0","0","1","1","1","3","0","0","0",".235",".294",".322",".616",".274","0.1","0.0","0.0","999.0","sa659045"
"John Ryan Murphy","Diamondbacks","26","111","102","22","5","0","3","10","11","7","28","1","0","0",".220",".273",".359",".632",".274","-0.1","0.0","0.3","999.0","10346"
"Adrian Sanchez","Nationals","12","50","47","12","2","0","1","5","5","2","9","0","1","1",".247",".284",".345",".629",".273","0.0","0.0","0.0","999.0","11338"
"Brett Phillips","Royals","63","266","238","49","9","3","6","27","25","23","97","2","5","2",".206",".280",".346",".625",".273","4.6","0.5","0.1","598.3","14735"
"Sandy Leon","Red Sox","46","192","174","39","8","1","4","20","19","13","48","2","1","0",".223",".282",".342",".623",".273","1.6","-0.3","0.7","599.6","5273"
"Raffy Lopez","Braves","8","34","31","7","1","0","1","3","4","3","11","0","0","0",".213",".281",".349",".630",".272","-0.1","0.0","0.0","999.0","12606"
"Caleb Joseph","Diamondbacks","8","32","30","7","1","0","1","3","3","2","8","0","0","0",".228",".272",".353",".626",".272","0.2","0.0","0.1","600.9","7087"
"Victor Reyes","Tigers","38","161","152","38","6","2","2","17","13","6","31","1","5","2",".252",".283",".343",".626",".272","0.1","0.2","-0.1","600.4","15487"
"Thairo Estrada","Yankees","2","7","7","2","0","0","0","1","1","0","1","0","0","0",".245",".288",".331",".618",".272","0.0","0.0","0.0","999.0","sa739620"
"Eric Haase","Indians","8","32","29","6","1","0","1","3","4","2","12","0","0","0",".198",".257",".371",".628",".272","0.1","0.0","0.0","999.0","14111"
"Edward Olivares","Padres","2","7","7","2","0","0","0","1","1","0","1","0","0","0",".229",".270",".355",".625",".271","0.0","0.0","0.0","999.0","sa832015"
"Edmundo Sosa","Cardinals","5","21","20","5","1","0","0","2","2","1","4","0","0","0",".238",".277",".344",".621",".270","0.0","0.0","0.0","999.0","17022"
"Monte Harrison","Marlins","3","14","13","3","0","0","0","1","1","1","5","0","0","0",".210",".270",".343",".613",".270","0.0","0.0","0.0","600.8","sa828691"
"Zach Vincej","Orioles","5","21","19","4","1","0","0","2","2","1","4","0","0","0",".233",".286",".323",".610",".270","-0.1","0.0","0.0","999.0","13269"
"Skye Bolt","Athletics","2","7","6","1","0","0","0","1","1","1","2","0","0","0",".209",".274",".341",".616",".270","0.0","0.0","0.0","999.0","sa658783"
"Anthony Alford","Blue Jays","18","77","69","15","3","0","1","8","6","6","23","1","2","1",".216",".285",".321",".606",".269","0.5","0.1","-0.1","598.2","14329"
"Rene Rivera","Giants","23","96","88","19","4","0","3","8","10","5","29","1","0","0",".215",".269",".351",".621",".269","0.4","-0.2","0.2","999.0","3648"
"Andrew Velazquez","Rays","3","14","13","3","0","0","0","1","1","1","4","0","1","0",".222",".273",".342",".615",".269","0.0","0.0","0.0","999.0","14196"
"Aramis Garcia","Giants","8","32","30","7","1","0","1","3","3","2","9","0","0","0",".219",".265",".352",".618",".269","0.0","0.0","0.0","593.0","16925"
"Michael Lorenzen","Reds","4","15","13","3","1","0","0","1","1","1","4","0","0","0",".213",".277",".334",".612",".269","0.0","0.0","0.0","599.9","14843"
"Chad Wallach","Marlins","30","128","114","23","5","0","3","11","11","11","38","2","0","0",".204",".279",".326",".605",".269","-0.1","-0.1","0.3","600.0","17161"
"Jesus Sucre","Orioles","3","13","12","3","0","0","0","1","1","1","2","0","0","0",".238",".281",".332",".613",".267","0.0","0.0","0.0","999.0","5942"
"Beau Taylor","Athletics","8","32","28","6","1","0","0","3","2","3","9","0","0","0",".209",".294",".301",".595",".267","0.1","0.0","0.1","999.0","12384"
"Ryan Cordell","White Sox","7","28","26","5","1","0","1","3","3","2","8","0","1","0",".212",".262",".352",".614",".267","0.1","0.0","0.0","999.0","15181"
"Luke Maile","Blue Jays","23","96","87","18","4","0","2","9","9","7","25","1","1","0",".211",".275",".325",".600",".265","0.5","0.0","0.3","600.3","13355"
"Steve Wilkerson","Orioles","2","7","6","1","0","0","0","1","1","0","2","0","0","0",".225",".282",".317",".600",".265","0.0","0.0","0.0","999.0","16041"
"Jose Briceno","Angels","15","64","60","13","2","0","2","6","7","3","15","0","1","0",".216",".255",".357",".612",".265","0.5","0.0","0.1","999.0","13151"
"Richard Urena","Blue Jays","20","84","79","18","4","0","1","8","8","4","19","0","1","1",".232",".268",".343",".610",".264","0.2","0.0","0.0","999.0","16411"
"Jack Reinheimer","Orioles","3","14","13","3","0","0","0","1","1","1","3","0","0","0",".227",".287",".308",".595",".264","0.0","0.0","0.0","999.0","14938"
"Adam Engel","White Sox","122","511","464","97","19","4","9","51","41","31","154","8","19","7",".210",".270",".327",".597",".263","1.0","1.5","-0.1","591.0","15082"
"Luis Torrens","Padres","3","13","12","3","1","0","0","1","1","1","2","0","0","0",".229",".273",".328",".601",".262","-0.1","0.0","0.0","999.0","15905"
"Ichiro Suzuki","","2","7","6","1","0","0","0","1","1","0","1","0","0","0",".233",".288",".300",".588",".262","0.0","0.0","0.0","999.0","1101"
"Andrew Romine","Phillies","125","525","478","108","18","3","5","54","36","31","125","7","8","4",".226",".281",".307",".588",".261","-1.1","0.0","-0.4","601.0","1159"
"Kristopher Negron","Mariners","7","28","25","5","1","0","1","3","2","2","9","0","1","0",".206",".268",".323",".591",".261","0.0","0.0","0.0","999.0","5306"
"Tomas Nido","Mets","3","13","12","3","1","0","0","1","1","1","3","0","0","0",".225",".260",".341",".602",".261","0.0","0.0","0.0","999.0","13755"
"Sergio Alcantara","Tigers","12","49","45","11","2","0","0","4","3","3","10","0","1","1",".234",".286",".299",".585",".260","0.1","-0.1","0.0","999.0","sa739641"
"Eric Stamets","Indians","3","14","13","3","1","0","0","1","1","1","4","0","0","0",".204",".263",".323",".586",".258","0.1","0.0","0.0","999.0","sa621787"
"Jose Trevino","Rangers","30","128","121","28","5","0","2","12","12","6","20","1","1","1",".228",".264",".328",".592",".258","1.1","-0.1","0.0","601.0","16725"
"Jorge Mateo","Athletics","3","14","13","3","1","0","0","1","1","1","4","0","1","0",".213",".258",".332",".590",".256","0.0","0.0","0.0","600.9","sa657910"
"Rajai Davis","Nationals","5","21","19","4","1","0","0","2","1","1","5","0","1","0",".218",".272",".306",".578",".256","-0.1","0.1","0.0","599.7","3708"
"Jeff Mathis","Rangers","91","384","347","72","15","2","5","32","33","29","115","3","1","0",".208",".272",".307",".579",".256","4.9","-0.8","1.6","600.3","3448"
"Magneuris Sierra","Marlins","17","71","67","16","2","1","0","6","5","3","15","0","2","1",".237",".272",".311",".583",".256","-0.1","0.1","-0.1","600.5","17023"
"Blake Trahan","Reds","3","14","13","3","0","0","0","1","1","1","3","0","0","0",".216",".283",".286",".569",".255","0.0","0.0","0.0","999.0","17588"
"Nick Ciuffo","Rays","6","26","24","5","1","0","0","2","2","1","7","0","0","0",".214",".260",".318",".578",".254","0.1","0.0","0.0","999.0","16291"
"Jhonatan Solano","","76","320","296","66","12","1","4","26","26","15","46","4","1","0",".224",".267",".304",".571",".250","-1.4","-0.2","-0.3","999.0","7515"
"Bobby Wilson","Tigers","30","128","116","23","5","0","3","11","12","8","33","1","0","0",".202",".257",".310",".567",".249","0.3","-0.2","0.1","999.0","6564"
"Rocky Gale","Dodgers","1","6","6","1","0","0","0","1","1","0","1","0","0","0",".223",".263",".302",".565",".248","0.0","0.0","0.0","999.0","10533"
"Arquimedes Gamboa","Phillies","2","7","6","1","0","0","0","1","1","1","2","0","0","0",".197",".264",".287",".551",".246","0.0","0.0","0.0","999.0","sa877497"
"Javier Guerra","Padres","3","14","13","2","0","0","0","1","1","1","5","0","0","0",".189",".234",".318",".552",".240","0.0","0.0","0.0","999.0","17292"
"Terrance Gore","Royals","2","7","6","1","0","0","0","1","0","0","2","0","1","0",".208",".270",".251",".521",".237","-0.1","0.1","0.0","599.2","13658"
