"Name","Team","W","L","SV","HLD","ERA","GS","G","IP","H","ER","HR","SO","BB","WHIP","K/9","BB/9","FIP","WAR","playerid"
"Edwin Diaz","Mets","3","1","27","5","2.35","0","54","54.0","35","14","5","86","17","0.97","14.34","2.85","2.32","1.8","14710"
"Aroldis Chapman","Yankees","3","1","25","5","2.60","0","54","54.0","35","16","5","83","24","1.10","13.96","4.09","2.67","1.8","10233"
"Felipe Vazquez","Pirates","3","2","26","5","2.80","0","55","55.0","43","17","4","71","20","1.14","11.72","3.24","2.73","1.5","12076"
"Jacob deGrom","Mets","11","6","0","0","2.88","24","24","155.0","125","50","16","194","40","1.06","11.26","2.29","2.80","4.5","10954"
"Craig Kimbrel","","4","3","12","0","2.89","0","65","65.0","43","21","7","100","28","1.10","13.80","3.87","2.84","1.9","6655"
"Dellin Betances","Yankees","2","1","2","9","2.92","0","37","37.0","25","12","3","57","17","1.13","13.68","4.21","2.89","1.0","6216"
"Josh Hader","Brewers","3","2","17","7","2.87","0","53","53.0","34","17","7","90","24","1.08","15.25","4.02","2.89","1.4","14212"
"Max Scherzer","Nationals","13","6","0","0","3.00","27","27","177.0","136","59","21","234","43","1.02","11.92","2.21","2.92","4.9","3137"
"Will Smith","Giants","3","2","26","3","3.02","0","54","54.0","43","18","5","68","19","1.15","11.46","3.24","2.95","1.2","8048"
"Ryan Pressly","Astros","3","2","4","12","3.05","0","58","58.0","47","20","6","71","18","1.12","11.09","2.74","2.98","1.2","7005"
"Chris Sale","Red Sox","12","5","0","0","3.09","24","24","148.0","121","51","17","184","33","1.04","11.21","1.99","2.99","3.8","10603"
"Jose Alvarado","Rays","4","2","25","5","2.94","0","50","50.0","38","16","3","64","25","1.25","11.61","4.50","3.06","1.0","17780"
"Blake Treinen","Athletics","4","2","22","4","3.02","0","57","57.0","46","19","4","64","23","1.21","10.16","3.56","3.09","1.4","12572"
"Kirby Yates","Padres","3","2","26","4","3.14","0","54","54.0","42","19","6","75","19","1.13","12.54","3.19","3.11","1.2","9073"
"Roberto Osuna","Astros","4","2","26","4","3.17","0","54","54.0","47","19","6","57","11","1.08","9.61","1.77","3.11","1.3","13764"
"Noah Syndergaard","Mets","10","7","0","0","3.38","24","24","146.0","135","55","14","157","38","1.18","9.63","2.35","3.13","3.4","11762"
"Ken Giles","Blue Jays","3","2","27","3","3.51","0","54","54.0","48","21","6","65","17","1.19","10.94","2.78","3.14","1.2","12910"
"Matt Barnes","Red Sox","4","2","5","13","3.31","0","54","54.0","43","20","5","75","24","1.24","12.48","3.99","3.15","1.0","12863"
"Huascar Ynoa","Braves","0","0","0","0","0.00","0","0","0.0","0","0","0","0","0","0.00","0.00","0.00","3.16","0.0","sa873433"
"Trey Supak","Brewers","0","0","0","0","0.00","0","0","0.0","0","0","0","0","0","0.00","0.00","0.00","3.16","0.0","sa828707"
"Jenrry Mejia","Red Sox","0","0","0","0","0.00","0","0","0.0","0","0","0","0","0","0.00","0.00","0.00","3.16","0.0","8476"
"Sean Doolittle","Nationals","4","2","26","4","3.09","0","55","55.0","43","19","7","69","13","1.03","11.43","2.14","3.16","1.3","1581"
"Gerrit Cole","Astros","12","6","0","0","3.32","27","27","163.0","135","60","19","202","49","1.13","11.18","2.70","3.17","4.0","13125"
"Clayton Kershaw","Dodgers","8","4","0","0","3.13","18","18","117.0","104","41","13","121","22","1.08","9.29","1.69","3.19","2.5","2036"
"Keone Kela","Pirates","4","3","4","12","3.36","0","50","50.0","40","19","5","64","19","1.19","11.46","3.45","3.21","1.1","14696"
"James Paxton","Yankees","8","4","0","0","3.36","19","19","108.0","92","40","13","131","30","1.13","10.91","2.48","3.22","2.9","11828"
"David Robertson","Phillies","4","3","7","12","3.29","0","54","54.0","41","20","6","72","22","1.18","12.06","3.75","3.23","1.1","8241"
"Brad Hand","Indians","4","2","26","6","3.17","0","58","58.0","46","21","6","76","21","1.15","11.68","3.25","3.25","1.2","9111"
"Blake Snell","Rays","12","7","0","0","3.16","24","24","142.0","113","50","15","175","55","1.18","11.06","3.46","3.26","3.2","13543"
"Reyes Moronta","Giants","3","2","0","9","3.23","0","41","41.0","30","15","3","55","22","1.28","11.99","4.85","3.26","0.3","14966"
"Carlos Carrasco","Indians","12","7","0","0","3.41","24","24","146.0","130","55","18","168","34","1.12","10.36","2.11","3.27","3.4","6632"
"Ray Black","Giants","1","1","0","1","3.15","0","21","21.0","15","7","2","29","11","1.23","12.60","4.67","3.27","0.0","14244"
"Giovanny Gallegos","Cardinals","2","1","0","5","3.35","0","29","29.0","24","11","3","36","9","1.16","11.24","2.89","3.31","0.1","14986"
"Justin Verlander","Astros","13","6","0","0","3.27","27","27","168.0","135","61","23","205","42","1.05","10.99","2.23","3.32","4.0","8700"
"Corey Kluber","Indians","13","7","0","0","3.41","26","26","163.0","145","62","19","174","37","1.12","9.60","2.07","3.32","3.7","2429"
"Nick Anderson","Marlins","2","2","0","8","3.31","0","37","37.0","30","14","5","49","13","1.14","11.96","3.14","3.32","0.3","18337"
"Seranthony Dominguez","Phillies","4","2","5","12","3.31","0","45","45.0","36","17","4","58","20","1.23","11.54","4.00","3.33","0.6","19249"
"Will Harris","Astros","3","2","0","11","3.51","0","50","50.0","45","19","5","51","14","1.19","9.20","2.49","3.34","0.4","3192"
"Kenley Jansen","Dodgers","3","2","25","6","3.29","0","53","53.0","43","19","8","67","13","1.05","11.31","2.20","3.35","1.0","3096"
"Stephen Strasburg","Nationals","11","7","0","0","3.52","24","24","146.0","129","57","18","169","40","1.16","10.42","2.49","3.36","3.0","10131"
"Diego Castillo","Rays","3","2","4","11","3.33","0","50","50.0","42","18","5","59","17","1.18","10.67","3.13","3.36","0.9","17496"
"Taylor Rogers","Twins","2","2","3","13","3.36","0","51","51.0","45","19","5","54","15","1.20","9.52","2.74","3.36","0.8","13449"
"Liam Hendriks","Athletics","1","1","0","2","3.52","0","24","24.0","21","10","2","28","9","1.22","10.25","3.23","3.37","0.1","3548"
"Jeurys Familia","Mets","4","3","4","12","3.41","0","54","54.0","46","21","4","60","24","1.30","9.90","4.05","3.38","0.8","5114"
"Andrew Miller","Cardinals","4","3","4","13","3.34","0","54","54.0","43","20","6","72","22","1.20","11.96","3.65","3.38","0.7","6785"
"Trevor Bauer","Indians","11","7","0","0","3.50","24","24","149.0","128","58","15","174","56","1.23","10.51","3.36","3.41","3.3","12703"
"Joakim Soria","Athletics","3","2","4","12","3.48","0","53","53.0","47","20","5","56","19","1.25","9.48","3.20","3.41","0.9","6941"
"Patrick Corbin","Nationals","10","7","0","0","3.59","26","26","153.0","142","61","18","169","44","1.22","9.94","2.60","3.43","3.0","9323"
"Zack Britton","Yankees","3","2","2","14","3.23","0","50","50.0","44","18","3","48","22","1.33","8.69","3.98","3.43","0.7","3240"
"Lou Trivino","Athletics","4","3","2","14","3.38","0","57","57.0","49","21","5","61","23","1.25","9.66","3.57","3.44","0.8","15043"
"Mark Melancon","Giants","2","2","4","14","3.44","0","54","54.0","52","21","4","45","15","1.25","7.56","2.53","3.44","0.5","4264"
"Jace Fry","White Sox","2","2","1","11","3.54","0","47","47.0","38","18","4","56","23","1.33","10.84","4.51","3.44","0.5","16159"
"Trevor Gott","Giants","0","0","0","1","3.47","0","8","8.0","8","3","1","8","3","1.30","8.73","3.45","3.45","0.0","15046"
"Chad Green","Yankees","3","2","1","12","3.45","0","50","50.0","42","19","7","60","15","1.14","10.95","2.63","3.46","0.7","15552"
"Aaron Loup","Padres","1","1","0","5","3.40","0","33","33.0","30","12","3","36","13","1.30","9.83","3.58","3.46","0.1","10343"
"Walker Buehler","Dodgers","9","6","0","0","3.43","22","22","131.0","113","50","15","149","44","1.19","10.22","3.01","3.48","2.3","19374"
"Justin Wilson","Mets","2","2","0","8","3.48","0","33","33.0","27","13","3","43","17","1.31","11.58","4.59","3.51","0.2","4301"
"Luis Severino","Yankees","8","5","0","0","3.53","19","19","113.0","98","44","15","131","33","1.15","10.45","2.60","3.53","2.5","15890"
"A.J. Minter","Braves","3","3","23","6","3.57","0","54","54.0","47","21","6","64","22","1.27","10.66","3.71","3.54","0.6","18655"
"Jeremy Jeffress","Brewers","2","2","1","7","3.46","0","37","37.0","33","14","3","38","15","1.31","9.22","3.63","3.55","0.2","9490"
"Danny Salazar","Indians","4","3","0","1","3.51","5","30","56.0","46","22","7","70","21","1.19","11.18","3.35","3.56","0.7","5867"
"Aaron Nola","Phillies","9","7","0","0","3.62","24","24","146.0","133","59","17","155","43","1.20","9.56","2.63","3.56","2.8","16149"
"Joe Kelly","Dodgers","3","2","4","12","3.59","0","53","53.0","46","21","5","57","21","1.27","9.60","3.57","3.57","0.5","9761"
"Scott Alexander","Dodgers","2","2","0","10","3.43","0","41","41.0","38","16","3","36","16","1.32","8.04","3.47","3.57","0.2","10591"
"Andrew Chafin","Diamondbacks","3","2","1","11","3.54","0","45","45.0","39","18","4","48","21","1.34","9.63","4.16","3.58","0.4","12988"
"Chris Paddack","Padres","7","7","0","0","3.69","20","20","117.0","106","48","15","129","31","1.17","9.93","2.37","3.58","2.2","20099"
"Raisel Iglesias","Reds","3","2","27","3","3.44","0","54","54.0","45","21","7","66","20","1.20","10.93","3.33","3.58","0.8","17130"
"Archie Bradley","Diamondbacks","3","3","9","11","3.72","0","57","57.0","51","24","6","65","22","1.27","10.13","3.38","3.59","0.7","12918"
"Charlie Morton","Rays","8","6","0","0","3.51","22","22","125.0","108","49","12","140","49","1.26","10.07","3.54","3.61","2.2","4676"
"Hector Neris","Phillies","3","2","19","7","3.59","0","54","54.0","44","21","8","72","20","1.18","12.14","3.32","3.61","0.8","11804"
"Hector Rondon","Astros","3","2","1","12","3.73","0","45","45.0","42","19","6","49","14","1.23","9.74","2.77","3.61","0.4","2391"
"Ty Buttrey","Angels","3","2","6","10","3.60","0","53","53.0","46","21","5","59","24","1.31","9.96","3.98","3.62","0.7","14719"
"Craig Stammen","Padres","3","3","4","11","3.74","0","54","54.0","51","22","6","53","15","1.23","8.90","2.55","3.62","0.5","7274"
"Tony Watson","Giants","3","3","2","16","3.45","0","54","54.0","50","21","6","50","15","1.21","8.41","2.52","3.63","0.3","3132"
"Brandon Morrow","Cubs","2","2","22","5","3.61","0","46","46.0","41","19","5","49","16","1.25","9.61","3.19","3.63","0.6","9346"
"Jameson Taillon","Pirates","10","9","0","0","3.76","27","27","157.0","155","65","18","143","36","1.22","8.23","2.06","3.64","2.7","11674"
"Chris Archer","Pirates","9","9","0","0","3.91","27","27","156.0","149","68","19","169","52","1.29","9.72","2.98","3.65","2.8","6345"
"Tommy Kahnle","Yankees","3","2","0","9","3.76","0","45","45.0","37","19","5","58","23","1.34","11.51","4.62","3.66","0.3","11384"
"Shane Bieber","Indians","8","6","0","0","3.85","20","20","116.0","117","50","14","107","24","1.21","8.30","1.86","3.66","2.3","19427"
"Mychal Givens","Orioles","3","3","25","2","3.64","0","57","57.0","49","23","6","64","23","1.25","9.97","3.53","3.67","1.0","10430"
"German Marquez","Rockies","10","8","0","0","3.90","25","25","150.0","143","65","20","165","44","1.24","9.85","2.61","3.67","2.9","15038"
"Dan Winkler","Braves","2","1","0","9","3.73","0","42","42.0","37","17","5","47","16","1.28","10.10","3.44","3.68","0.1","12237"
"Jake Diekman","Royals","2","2","2","14","3.60","0","45","45.0","38","18","4","51","23","1.34","10.19","4.61","3.68","0.5","5003"
"Mike Soroka","Braves","4","3","0","0","3.72","9","9","54.0","53","22","5","48","16","1.27","8.09","2.65","3.68","0.8","18383"
"Zack Wheeler","Mets","9","7","0","0","3.69","23","23","136.0","123","56","15","140","48","1.26","9.28","3.19","3.68","2.3","10310"
"Sam Dyson","Giants","3","3","1","12","3.66","0","50","50.0","48","20","4","41","17","1.32","7.51","3.07","3.68","0.1","11710"
"Ryan Madson","","3","2","0","0","3.76","0","50","50.0","46","21","6","52","16","1.23","9.34","2.86","3.69","0.4","1852"
"Trevor Rosenthal","Nationals","4","3","4","15","3.71","0","55","55.0","46","23","5","71","32","1.42","11.75","5.20","3.69","0.6","10745"
"Jose Castillo","Padres","0","0","0","1","3.51","0","4","4.0","3","2","0","5","2","1.26","11.10","4.14","3.69","0.0","17169"
"Jose Leclerc","Rangers","3","2","26","3","3.63","0","54","54.0","40","22","5","73","34","1.37","12.11","5.58","3.70","1.0","14524"
"John Brebbia","Cardinals","3","2","1","15","3.65","0","46","46.0","40","19","6","53","14","1.18","10.41","2.83","3.70","0.4","12777"
"Joe Jimenez","Tigers","3","3","4","11","3.86","0","55","55.0","47","23","6","64","22","1.28","10.58","3.71","3.70","0.7","15761"
"Alex Claudio","Brewers","2","2","1","11","3.67","0","49","49.0","52","20","4","34","13","1.31","6.20","2.37","3.71","0.3","12890"
"Carson Smith","Red Sox","0","0","0","1","3.76","0","4","4.0","4","2","0","4","2","1.33","9.19","3.66","3.71","0.0","13172"
"Darren O'Day","Braves","2","1","0","5","3.74","0","33","33.0","29","14","4","39","12","1.24","10.50","3.31","3.72","0.1","3321"
"Colin Poche","Rays","1","1","0","1","3.50","0","17","17.0","13","6","2","22","8","1.24","11.91","4.31","3.72","0.0","sa657989"
"Nick Vincent","Giants","2","2","0","9","3.78","0","41","41.0","39","17","5","38","12","1.24","8.21","2.59","3.73","0.1","7555"
"Colten Brewer","Red Sox","3","2","0","9","3.91","0","41","41.0","39","18","4","41","17","1.37","9.00","3.79","3.73","0.2","12997"
"Tyler Glasnow","Rays","8","7","0","0","3.78","22","22","124.0","105","52","14","149","57","1.31","10.81","4.13","3.74","1.9","14374"
"Chris Devenski","Astros","3","2","1","12","3.77","0","54","54.0","47","23","7","60","16","1.18","10.00","2.71","3.74","0.5","12763"
"Luke Jackson","Braves","3","2","2","15","3.78","0","50","50.0","45","21","4","55","25","1.40","9.88","4.51","3.74","0.3","11752"
"Austin Adams","Nationals","1","1","0","1","3.69","0","17","17.0","13","7","1","22","11","1.42","12.05","5.83","3.75","0.0","13801"
"Ryne Stanek","Rays","3","3","1","11","3.71","4","50","69.0","57","29","9","85","31","1.27","11.04","3.99","3.75","0.7","15947"
"Jack Flaherty","Cardinals","9","7","0","0","3.69","22","22","123.0","107","50","16","142","42","1.21","10.38","3.09","3.76","2.2","17479"
"David Price","Red Sox","10","7","0","0","3.85","23","23","136.0","128","58","18","139","37","1.22","9.26","2.49","3.76","2.3","3184"
"Pedro Strop","Cubs","4","3","5","12","3.64","0","55","55.0","47","22","6","58","22","1.26","9.57","3.65","3.77","0.5","4070"
"Adam Morgan","Phillies","1","1","0","8","3.89","0","37","37.0","35","16","4","40","14","1.30","9.58","3.35","3.77","0.2","12580"
"Juan Nicasio","Phillies","2","2","0","9","3.88","0","37","37.0","35","16","5","40","13","1.29","9.77","3.09","3.78","0.2","7731"
"Richard Lovelady","Royals","1","1","0","4","3.75","0","29","29.0","28","12","2","26","11","1.35","8.00","3.55","3.78","0.0","19337"
"Brad Peacock","Astros","7","5","0","4","3.86","12","49","107.0","95","46","14","124","40","1.26","10.44","3.37","3.78","1.2","5401"
"Brett Kennedy","Padres","0","0","0","1","3.76","0","4","4.0","4","2","0","4","1","1.24","9.00","2.84","3.78","0.0","17877"
"Grant Dayton","Braves","1","1","0","1","3.72","0","17","17.0","14","7","2","20","6","1.22","10.70","3.30","3.78","0.0","11203"
"Wade Davis","Rockies","4","3","26","3","3.83","0","54","54.0","45","23","6","66","26","1.32","11.03","4.36","3.79","0.7","7441"
"Brad Wieck","Padres","1","2","0","3","3.72","0","29","29.0","23","12","4","38","15","1.31","11.76","4.58","3.79","0.1","16390"
"Marcus Stroman","Blue Jays","9","8","0","0","4.00","24","24","143.0","147","64","13","118","48","1.36","7.40","3.01","3.79","2.3","13431"
"Julio Urias","Dodgers","5","4","0","1","3.70","13","21","85.0","73","35","10","98","35","1.28","10.39","3.77","3.79","1.0","14765"
"Daniel Zamora","Mets","1","1","0","5","3.73","0","33","33.0","29","14","4","38","15","1.31","10.24","3.97","3.79","0.0","17811"
"Sonny Gray","Reds","8","8","0","0","3.87","23","23","130.0","120","56","14","132","48","1.29","9.12","3.35","3.79","2.2","12768"
"Oliver Drake","Rays","0","0","0","1","3.68","0","4","4.0","4","2","0","5","2","1.28","9.73","3.65","3.80","0.0","8823"
"Nick Burdi","Pirates","2","1","0","1","3.56","0","21","21.0","18","8","2","26","10","1.34","11.00","4.26","3.80","0.0","16074"
"Mike Clevinger","Indians","5","4","0","0","3.79","12","12","71.0","62","30","9","79","28","1.27","10.05","3.53","3.80","1.3","12808"
"Jose Quintana","Cubs","10","8","0","0","3.78","24","24","143.0","134","60","17","141","47","1.27","8.86","2.95","3.81","2.3","11423"
"Hyun-Jin Ryu","Dodgers","7","6","0","0","3.72","18","18","105.0","101","43","16","107","24","1.19","9.18","2.04","3.81","1.4","14444"
"Adam Kolarek","Rays","3","2","0","7","3.62","0","46","46.0","45","18","3","37","18","1.36","7.28","3.46","3.82","0.1","10843"
"Austin Davis","Phillies","1","1","0","1","3.80","0","12","12.0","11","5","1","14","5","1.30","9.84","3.53","3.82","0.0","17117"
"Trevor May","Twins","3","3","7","10","3.86","0","55","55.0","50","24","6","60","22","1.31","9.86","3.63","3.83","0.7","6398"
"Joey Lucchesi","Padres","9","9","0","0","3.88","24","24","139.0","132","60","17","143","47","1.29","9.31","3.04","3.83","1.9","19320"
"Steve Cishek","Cubs","2","2","1","10","3.62","0","42","42.0","36","17","4","46","18","1.29","9.82","3.86","3.83","0.2","6483"
"Sergio Romo","Marlins","3","3","23","5","3.93","0","54","54.0","50","23","7","56","17","1.26","9.34","2.90","3.83","0.3","9817"
"Ross Stripling","Dodgers","6","5","0","1","3.85","13","29","93.0","91","40","13","91","24","1.23","8.85","2.32","3.84","1.1","13273"
"Robbie Erlin","Padres","3","4","1","15","3.94","3","56","69.0","70","30","9","60","14","1.22","7.75","1.85","3.84","0.5","10354"
"Luis Castillo","Reds","9","7","0","0","3.79","24","24","140.0","127","59","18","147","44","1.22","9.43","2.85","3.84","2.3","15689"
"J.B. Wendelken","Athletics","2","1","0","8","3.85","0","41","41.0","37","17","5","43","16","1.30","9.58","3.44","3.84","0.2","14506"
"Adam Ottavino","Yankees","3","2","3","9","3.83","0","45","45.0","35","19","6","61","24","1.31","12.14","4.84","3.85","0.3","1247"
"Alex Colome","White Sox","4","3","25","4","3.85","0","55","55.0","52","24","6","55","19","1.29","9.06","3.18","3.87","0.5","6661"
"Richard Rodriguez","Pirates","3","3","2","15","3.96","0","50","50.0","46","22","7","56","17","1.25","10.05","3.07","3.87","0.3","13549"
"Joe Musgrove","Pirates","8","8","0","0","4.03","23","23","136.0","140","61","17","118","31","1.26","7.80","2.04","3.87","2.0","12970"
"Brad Brach","Cubs","2","2","0","8","3.85","0","38","38.0","33","16","4","39","19","1.38","9.28","4.53","3.87","0.1","6627"
"Tanner Scott","Orioles","2","2","0","7","3.89","0","41","41.0","34","18","4","52","26","1.46","11.43","5.81","3.87","0.2","17586"
"Dallas Keuchel","","11","9","0","0","3.82","28","28","171.0","176","73","17","140","55","1.35","7.35","2.88","3.87","2.6","9434"
"Luke Gregerson","Cardinals","2","2","0","8","3.90","0","33","33.0","32","14","4","30","11","1.31","8.23","3.08","3.88","0.1","4090"
"Tony Barnette","Cubs","2","1","0","3","3.87","0","29","29.0","27","13","3","30","11","1.29","9.10","3.24","3.88","0.1","3555"
"Chaz Roe","Rays","3","3","2","14","3.86","0","50","50.0","44","21","5","54","21","1.31","9.73","3.86","3.88","0.3","9866"
"Steven Okert","Giants","0","0","0","1","3.71","0","8","8.0","7","3","1","9","3","1.23","9.40","3.15","3.88","0.0","13580"
"Scott Oberg","Rockies","3","2","1","14","4.05","0","50","50.0","49","22","5","47","18","1.35","8.58","3.34","3.89","0.4","13911"
"Caleb Ferguson","Dodgers","4","3","0","8","3.73","5","42","67.0","60","28","8","73","29","1.32","9.79","3.82","3.89","0.5","19349"
"Dan Otero","Indians","2","1","1","10","4.04","0","42","42.0","46","19","5","28","8","1.28","5.98","1.67","3.90","0.2","7385"
"Pedro Baez","Dodgers","3","2","2","12","3.81","0","41","41.0","36","17","5","43","15","1.25","9.60","3.26","3.90","0.3","5420"
"Yoan Lopez","Diamondbacks","2","2","0","10","4.01","0","41","41.0","36","18","5","48","20","1.36","10.62","4.35","3.90","0.2","17181"
"Kenta Maeda","Dodgers","8","6","0","0","3.94","18","18","104.0","97","46","14","110","34","1.25","9.45","2.91","3.90","1.3","18498"
"Jordan Hicks","Cardinals","3","2","24","7","3.71","0","54","54.0","47","22","3","55","31","1.45","9.16","5.18","3.90","0.3","19618"
"Robbie Ray","Diamondbacks","7","7","0","0","3.96","23","23","130.0","110","57","17","165","63","1.34","11.43","4.40","3.91","1.9","11486"
"Luis Avilan","Mets","2","1","0","7","3.86","0","33","33.0","31","14","3","34","15","1.36","9.30","3.93","3.91","0.1","2882"
"Zack Greinke","Diamondbacks","10","9","0","0","3.91","25","25","157.0","150","68","23","152","39","1.20","8.71","2.22","3.91","2.2","1943"
"Jimmie Sherfy","Diamondbacks","2","2","0","3","3.94","0","33","33.0","28","14","4","39","15","1.31","10.60","4.12","3.92","0.1","15118"
"Zac Rosscup","Mariners","2","2","1","11","3.94","0","44","44.0","37","19","6","57","22","1.34","11.62","4.54","3.93","0.2","9419"
"Drew Steckenrider","Marlins","2","3","3","12","3.93","0","45","45.0","40","20","6","54","20","1.32","10.61","4.00","3.93","0.2","18806"
"Tommy Hunter","Phillies","2","2","0","5","3.94","0","33","33.0","32","14","4","32","10","1.27","8.75","2.79","3.94","0.0","1157"
"Tony Cingrani","Dodgers","1","1","0","1","3.67","0","12","12.0","10","5","2","14","5","1.26","10.29","3.69","3.94","0.0","12555"
"Madison Bumgarner","Giants","9","10","0","0","3.86","27","27","167.0","159","72","23","158","42","1.21","8.51","2.26","3.94","1.7","5524"
"Brian Moran","Marlins","0","0","0","1","3.75","0","8","8.0","7","3","1","9","3","1.29","9.48","3.62","3.94","0.0","sa501495"
"Matt Grace","Nationals","1","1","0","6","3.98","0","34","34.0","34","15","3","27","11","1.36","7.16","3.04","3.95","0.0","11449"
"Jose Quijada","Marlins","0","0","0","1","3.85","0","8","8.0","7","4","1","9","4","1.41","9.84","4.89","3.95","0.0","19200"
"Robert Gsellman","Mets","2","2","1","14","3.90","0","50","50.0","49","22","5","44","17","1.32","7.98","3.03","3.95","0.3","13696"
"Pablo Lopez","Marlins","6","6","0","0","3.88","19","19","107.0","107","46","12","90","30","1.27","7.58","2.48","3.95","1.3","17085"
"Chris Martin","Rangers","2","2","2","13","4.11","0","42","42.0","43","19","5","37","11","1.31","8.02","2.41","3.96","0.4","11847"
"Framber Valdez","Astros","2","2","0","8","3.82","0","41","41.0","37","18","4","42","20","1.37","9.20","4.25","3.96","0.1","17295"
"Jon Gray","Rockies","7","7","0","0","4.37","21","21","123.0","123","60","17","128","41","1.33","9.35","3.03","3.96","2.0","14916"
"Mike Kickham","Marlins","0","0","0","1","3.84","0","8","8.0","8","4","1","7","2","1.29","7.32","2.49","3.96","0.0","11618"
"Donnie Hart","Brewers","1","1","0","1","3.98","0","12","12.0","12","5","1","10","4","1.38","7.29","3.29","3.96","0.0","15306"
"Andrew Vasquez","Twins","1","1","0","1","3.87","0","17","17.0","15","7","2","19","8","1.38","9.98","4.48","3.96","0.0","19482"
"Trevor Hildenberger","Twins","3","2","1","9","4.02","0","42","42.0","41","19","5","40","13","1.30","8.49","2.85","3.96","0.2","17002"
"Jonathan Holder","Yankees","2","2","0","6","3.98","0","41","41.0","39","18","6","41","12","1.24","9.02","2.66","3.96","0.1","16588"
"Seth Lugo","Mets","3","3","1","12","3.98","3","53","66.0","63","29","9","65","18","1.24","8.96","2.52","3.97","0.3","12447"
"Jacob Barnes","Brewers","1","1","0","3","3.98","0","29","29.0","27","13","3","29","13","1.41","9.08","4.20","3.97","0.0","12323"
"Kevin Gausman","Braves","8","7","0","0","4.05","23","23","135.0","133","61","18","128","40","1.28","8.52","2.66","3.98","1.8","14107"
"Seth Elledge","Cardinals","0","0","0","1","3.90","0","8","8.0","7","4","1","9","4","1.35","9.66","4.10","3.98","0.0","sa3004011"
"Eduardo Rodriguez","Red Sox","7","6","0","0","4.14","19","19","106.0","99","49","15","113","38","1.29","9.59","3.19","3.98","1.4","13164"
"Yoshihisa Hirano","Diamondbacks","3","3","2","14","4.01","0","49","49.0","47","22","5","47","19","1.35","8.63","3.55","3.98","0.2","19756"
"Sammy Solis","Padres","0","0","0","1","3.78","0","4","4.0","4","2","0","5","2","1.33","9.86","4.16","3.98","0.0","11457"
"Rich Hill","Dodgers","8","6","0","0","3.82","20","20","114.0","98","48","16","127","38","1.19","10.03","2.97","3.98","1.6","4806"
"Greg Holland","Diamondbacks","3","3","19","7","4.20","0","53","53.0","46","25","5","61","32","1.46","10.26","5.32","3.99","0.3","7196"
"David Hernandez","Reds","3","2","2","14","3.95","0","50","50.0","47","22","6","51","18","1.29","9.15","3.16","3.99","0.4","4259"
"Austin Voth","Nationals","2","2","0","3","3.96","1","27","33.0","31","15","4","33","12","1.28","9.09","3.16","3.99","0.2","15047"
"Kyle Crick","Pirates","2","2","1","11","3.88","0","42","42.0","37","18","4","44","21","1.40","9.50","4.59","4.00","0.2","13182"
"Josh Sborz","Dodgers","0","0","0","1","3.86","0","8","8.0","7","3","1","9","3","1.28","9.68","3.56","4.00","0.0","sa827472"
"Kyle Hendricks","Cubs","10","8","0","0","3.94","24","24","144.0","143","63","18","123","38","1.25","7.68","2.36","4.00","2.2","12049"
"Cam Bedrosian","Angels","3","3","1","11","3.89","0","49","49.0","46","21","5","49","21","1.36","9.02","3.87","4.00","0.2","13360"
"Ryan Brasier","Red Sox","3","3","21","6","3.99","0","54","54.0","52","24","7","49","16","1.26","8.17","2.60","4.00","0.4","5615"
"Luis Perdomo","Padres","1","1","0","1","4.17","0","12","12.0","13","6","1","11","4","1.40","7.80","3.12","4.01","0.0","14682"
"Andrew Suarez","Giants","4","5","0","0","3.93","13","13","75.0","76","33","9","64","24","1.32","7.62","2.86","4.02","0.6","18300"
"Masahiro Tanaka","Yankees","8","6","0","0","4.03","20","20","118.0","114","53","18","114","28","1.21","8.69","2.11","4.02","2.0","15764"
"Austin Pruitt","Rays","1","1","0","1","4.13","0","21","21.0","22","10","3","17","5","1.27","7.45","2.08","4.02","0.0","15290"
"Joel Payamps","Diamondbacks","1","1","0","1","4.06","0","21","21.0","20","9","3","20","6","1.24","8.78","2.63","4.02","0.0","sa597219"
"Shawn Armstrong","Orioles","2","2","0","9","3.90","0","36","36.0","31","16","4","41","18","1.35","10.09","4.43","4.02","0.2","12857"
"JT Chargois","Dodgers","1","1","0","1","3.94","0","20","20.0","19","9","2","21","10","1.39","9.31","4.30","4.02","0.0","13767"
"Shane Greene","Tigers","3","3","25","4","4.14","0","55","55.0","53","25","7","54","20","1.32","8.90","3.22","4.02","0.5","10756"
"Blake Wood","","2","2","0","0","3.97","0","50","50.0","46","22","6","51","22","1.36","9.11","3.94","4.02","0.2","1345"
"Dylan Floro","Dodgers","2","2","1","11","3.97","0","41","41.0","42","18","5","31","11","1.30","6.92","2.38","4.03","0.1","13394"
"Cole Hamels","Cubs","8","6","0","0","3.87","22","22","129.0","118","56","16","125","45","1.26","8.70","3.16","4.04","1.7","4972"
"Caleb Smith","Marlins","7","8","0","0","4.05","23","23","130.0","115","58","17","143","53","1.30","9.90","3.70","4.04","1.7","14875"
"Miles Mikolas","Cardinals","9","8","0","0","4.05","24","24","147.0","155","66","19","114","31","1.27","6.94","1.92","4.04","1.8","9803"
"Brandon Brennan","Mariners","1","1","0","1","4.05","0","12","12.0","12","5","1","11","5","1.42","8.20","4.06","4.04","0.0","13527"
"Trey Wingenter","Padres","2","2","1","12","4.04","0","50","50.0","41","22","6","63","29","1.40","11.37","5.21","4.04","0.1","17793"
"Emilio Pagan","Rays","1","1","0","1","3.95","0","25","25.0","22","11","4","28","8","1.22","10.03","3.01","4.05","0.0","14771"
"Jalen Beeks","Rays","1","1","0","1","3.97","0","25","25.0","23","11","3","26","10","1.31","9.53","3.58","4.05","0.0","17192"
"Dillon Maples","Cubs","0","0","0","1","3.94","0","8","8.0","6","4","1","12","8","1.62","13.33","8.18","4.05","0.0","14672"
"David Phelps","Blue Jays","1","1","0","1","4.09","0","29","29.0","27","13","4","31","11","1.30","9.61","3.35","4.05","0.0","6316"
"Michael Feliz","Pirates","2","2","0","8","4.11","0","34","34.0","30","15","4","38","15","1.35","10.05","4.06","4.06","0.1","11903"
"Dinelson Lamet","Padres","2","2","0","0","4.00","5","5","30.0","26","13","4","35","14","1.31","10.30","4.03","4.06","0.4","17186"
"Kelvin Herrera","White Sox","3","3","4","12","4.07","0","55","55.0","53","25","8","54","17","1.29","8.79","2.86","4.06","0.4","6033"
"Tyler Olson","Indians","2","2","1","10","3.97","0","42","42.0","38","18","5","45","18","1.34","9.68","3.84","4.06","0.2","14741"
"Joshua James","Astros","5","4","0","6","4.08","8","49","88.0","77","40","11","103","42","1.35","10.51","4.32","4.06","0.7","16794"
"Tyler Duffey","Twins","1","1","0","1","4.25","0","17","17.0","17","8","2","16","5","1.30","8.57","2.74","4.07","0.0","13758"
"Max Fried","Braves","4","4","0","0","3.99","12","12","69.0","64","31","7","70","34","1.42","9.17","4.39","4.07","0.7","13743"
"Chasen Shreve","Cardinals","0","0","0","1","3.92","0","8","8.0","7","4","1","9","4","1.34","10.24","4.31","4.07","0.0","10855"
"Jose Alvarez","Phillies","2","2","0","3","4.08","0","29","29.0","28","13","4","27","10","1.34","8.37","3.23","4.08","0.1","5358"
"Yu Darvish","Cubs","8","7","0","0","4.10","20","20","116.0","102","53","16","134","48","1.29","10.40","3.73","4.08","1.5","13074"
"Xavier Cedeno","Cubs","1","1","0","1","3.89","0","17","17.0","16","7","2","16","8","1.40","8.64","4.15","4.08","0.0","36"
"Nick Wittgren","Indians","1","0","0","1","4.16","0","8","8.0","8","4","1","8","3","1.30","8.64","2.75","4.08","0.0","15594"
"Phil Maton","Padres","1","1","0","1","4.09","0","21","21.0","19","9","3","23","8","1.29","9.80","3.28","4.08","0.0","18064"
"Wilmer Font","Rays","2","2","0","1","4.07","0","33","33.0","31","15","5","36","11","1.24","9.82","2.89","4.08","0.0","5257"
"Collin McHugh","Astros","9","7","0","0","4.07","23","23","130.0","123","59","18","129","41","1.26","8.96","2.83","4.08","1.7","7531"
"Nathan Eovaldi","Red Sox","7","6","0","0","4.26","20","20","117.0","122","55","16","104","32","1.32","8.03","2.48","4.09","1.5","9132"
"Riley Ferrell","Marlins","1","1","0","1","3.92","0","21","21.0","18","9","2","22","10","1.38","9.47","4.50","4.09","0.0","sa874967"
"Matt Strahm","Padres","6","6","0","0","3.99","17","17","101.0","94","45","14","104","36","1.29","9.29","3.25","4.09","1.3","13799"
"Connor Sadzeck","Mariners","1","1","0","4","3.94","0","28","28.0","25","12","3","30","14","1.38","9.64","4.59","4.09","0.0","13483"
"Jesse Biddle","Braves","2","2","1","11","4.03","0","46","46.0","42","21","5","47","23","1.42","9.32","4.45","4.09","0.0","11437"
"Jose Berrios","Twins","11","9","0","0","4.17","27","27","163.0","153","75","23","164","52","1.26","9.09","2.89","4.09","2.6","14168"
"Tommy Eveld","Marlins","0","0","0","1","3.99","0","8","8.0","8","4","1","8","4","1.37","8.88","4.02","4.10","0.0","sa918150"
"Fernando Rodney","Athletics","2","2","0","5","4.01","0","33","33.0","30","15","3","32","16","1.41","8.93","4.48","4.10","0.0","494"
"Luiz Gohara","Braves","2","2","0","0","4.02","7","7","38.0","35","17","5","40","15","1.31","9.39","3.52","4.10","0.5","15166"
"Brandon Kintzler","Cubs","2","1","0","5","4.03","0","34","34.0","35","15","3","25","10","1.34","6.69","2.72","4.10","0.0","9939"
"Marcus Walden","Red Sox","2","2","0","1","4.21","1","26","33.0","33","15","3","27","13","1.41","7.42","3.67","4.10","0.1","8004"
"Robert Stock","Padres","2","2","0","7","4.15","0","37","37.0","35","17","4","38","19","1.44","9.31","4.50","4.10","0.0","6576"
"Matt Bowman","Reds","1","1","0","1","4.04","0","17","17.0","16","7","2","16","7","1.39","8.84","3.94","4.11","0.0","13528"
"Oliver Perez","Indians","2","1","0","7","3.88","0","33","33.0","30","14","5","37","12","1.26","9.94","3.23","4.11","0.1","1514"
"D.J. Johnson","Rockies","1","1","0","1","4.24","0","17","17.0","16","8","2","17","8","1.44","9.28","4.38","4.11","0.0","12578"
"Tony Sipp","Nationals","2","2","1","11","4.05","0","42","42.0","40","19","5","42","16","1.35","9.03","3.50","4.11","0.1","8280"
"Carl Edwards Jr.","Cubs","3","3","1","15","4.09","0","50","50.0","38","23","6","66","33","1.42","11.82","5.94","4.11","0.2","13607"
"Blake Parker","Twins","2","2","21","7","4.10","0","55","55.0","51","25","8","58","21","1.31","9.42","3.39","4.12","0.5","5224"
"Jimmy Nelson","Brewers","4","4","0","0","4.27","12","12","69.0","67","33","9","68","24","1.32","8.85","3.17","4.12","0.8","10547"
"Mike Foltynewicz","Braves","7","7","0","0","4.14","20","20","115.0","108","53","16","120","42","1.30","9.37","3.31","4.12","1.2","10811"
"Heath Hembree","Red Sox","2","2","2","14","4.21","0","50","50.0","46","23","7","55","20","1.33","9.92","3.56","4.12","0.2","11632"
"Brandon Woodruff","Brewers","7","6","0","0","4.20","20","20","115.0","110","54","15","115","44","1.34","9.04","3.43","4.12","1.4","16162"
"Adam Warren","Padres","2","2","0","8","4.06","0","37","37.0","35","17","5","36","14","1.33","8.77","3.47","4.12","0.0","9029"
"David Paulino","Blue Jays","1","1","0","1","4.20","0","29","29.0","27","14","4","31","10","1.27","9.61","3.04","4.13","0.0","17418"
"Tyler Skaggs","Angels","7","7","0","0","4.15","19","19","106.0","106","49","14","98","36","1.33","8.30","3.02","4.13","1.5","10190"
"Drew Gagnon","Mets","1","1","0","1","4.18","0","25","25.0","24","12","3","25","9","1.30","9.14","3.23","4.13","0.0","12545"
"Yonny Chirinos","Rays","4","4","1","11","4.10","4","54","73.0","74","33","11","64","18","1.25","7.83","2.17","4.14","0.4","16401"
"Zach Duke","Reds","2","2","0","5","4.00","0","33","33.0","31","15","3","31","16","1.41","8.47","4.24","4.14","0.0","3840"
"Marco Gonzales","Mariners","8","8","0","0","4.24","22","22","130.0","139","61","17","103","32","1.32","7.12","2.22","4.14","1.8","15467"
"Kyle Barraclough","Nationals","2","2","2","15","4.12","0","46","46.0","40","21","5","53","28","1.47","10.27","5.51","4.14","0.1","13713"
"Carlos Martinez","Cardinals","3","3","0","0","4.12","8","8","48.0","45","22","5","44","20","1.37","8.42","3.76","4.15","0.6","11682"
"Luke Weaver","Diamondbacks","6","7","0","0","4.32","19","19","108.0","108","52","15","106","35","1.33","8.84","2.96","4.16","1.4","16918"
"Paul Fry","Orioles","2","3","2","12","4.11","0","53","53.0","50","24","6","53","25","1.41","9.00","4.22","4.16","0.3","15832"
"Daniel Stumpf","Tigers","3","3","1","11","4.20","0","50","50.0","49","24","7","49","18","1.34","8.73","3.28","4.16","0.2","13780"
"Dovydas Neverauskas","Pirates","1","1","0","1","4.17","0","25","25.0","23","12","3","27","13","1.42","9.57","4.56","4.16","0.0","11604"
"Amir Garrett","Reds","2","2","1","13","4.01","0","54","54.0","48","24","8","62","23","1.32","10.24","3.89","4.16","0.2","14375"
"Hunter Wood","Rays","2","2","0","4","4.08","0","38","38.0","35","17","5","38","15","1.32","9.17","3.49","4.16","0.0","15091"
"Chris Rusin","Rockies","2","2","0","6","4.22","0","37","37.0","39","17","4","32","13","1.40","7.72","3.18","4.16","0.0","9895"
"T.J. McFarland","Diamondbacks","1","1","0","1","4.15","0","29","29.0","32","13","3","20","11","1.49","6.39","3.54","4.16","0.0","3237"
"Kyle Ryan","Cubs","0","0","0","1","4.01","0","8","8.0","8","4","1","8","4","1.41","8.35","4.22","4.17","0.0","11753"
"Ryan Tepera","Blue Jays","3","3","4","13","4.16","0","54","54.0","50","25","7","55","22","1.33","9.21","3.70","4.17","0.2","10291"
"Miguel Diaz","Padres","1","1","0","1","4.00","0","12","12.0","11","6","1","14","6","1.39","9.90","4.67","4.17","0.0","18815"
"Erick Fedde","Nationals","3","3","0","0","4.35","8","8","47.0","49","23","6","41","17","1.39","7.79","3.14","4.17","0.5","17425"
"Dominic Leone","Cardinals","2","2","1","12","4.28","0","46","46.0","44","22","6","47","19","1.37","9.21","3.73","4.17","0.0","13763"
"Yadier Alvarez","Dodgers","0","0","0","1","3.93","0","4","4.0","4","2","0","4","2","1.43","9.71","5.01","4.18","0.0","sa868984"
"Ty Blach","Giants","2","3","0","1","4.06","4","25","44.0","47","20","5","30","13","1.36","6.06","2.64","4.18","0.1","14361"
"Luis Garcia","Angels","2","2","1","10","4.22","0","45","45.0","45","21","4","39","22","1.47","7.87","4.29","4.19","0.1","6984"
"Brandon Workman","Red Sox","3","3","1","12","4.26","0","50","50.0","47","24","6","50","21","1.39","9.07","3.89","4.19","0.1","11428"
"Pat Venditte","Giants","1","1","0","1","3.97","0","21","21.0","18","9","2","21","10","1.34","9.25","4.16","4.19","0.0","7108"
"Adam Conley","Marlins","3","3","6","10","4.02","0","54","54.0","51","24","6","50","22","1.34","8.34","3.60","4.19","0.1","14457"
"Carlos Estevez","Rockies","1","1","0","1","4.37","0","17","17.0","16","8","2","18","7","1.35","9.89","3.68","4.19","0.0","14542"
"Yusei Kikuchi","Mariners","7","7","0","0","4.16","22","22","126.0","122","58","16","118","47","1.34","8.42","3.36","4.19","1.6","20633"
"Victor Arano","Phillies","1","1","0","1","4.18","0","21","21.0","19","10","3","22","8","1.30","9.60","3.27","4.19","0.0","15915"
"Wes Parsons","Braves","3","3","4","11","4.22","0","50","50.0","50","23","6","45","19","1.39","8.08","3.48","4.19","-0.1","14764"
"Jonathan Loaisiga","Yankees","3","3","0","0","4.33","9","9","54.0","53","26","8","56","18","1.30","9.19","2.93","4.20","0.8","19753"
"Ian Gibaut","Rays","1","1","0","1","4.04","0","21","21.0","18","9","3","23","10","1.35","10.00","4.38","4.20","0.0","sa857671"
"Brent Honeywell","Rays","6","5","0","0","4.15","16","16","92.0","85","43","14","95","31","1.25","9.28","3.01","4.20","1.0","sa828706"
"Edubray Ramos","Phillies","1","1","0","1","4.30","0","25","25.0","24","12","3","25","10","1.35","8.97","3.48","4.20","0.0","16086"
"Aaron Bummer","White Sox","1","1","0","1","3.91","0","13","13.0","12","6","1","12","6","1.43","8.38","4.36","4.20","0.0","16258"
"Clay Holmes","Pirates","2","2","0","1","4.19","3","20","33.0","32","15","3","31","18","1.52","8.52","4.94","4.20","0.2","13649"
"Jake Petricka","Brewers","0","0","0","1","4.27","0","12","12.0","13","6","1","10","5","1.45","7.04","3.54","4.20","0.0","10534"
"Ben Taylor","","1","1","0","1","4.13","0","25","25.0","23","11","4","26","9","1.28","9.49","3.32","4.20","0.0","18114"
"Pat Neshek","Phillies","3","2","1","12","4.17","0","45","45.0","46","21","7","39","10","1.22","7.68","1.92","4.20","0.2","4682"
"Cody Allen","Angels","3","3","24","5","4.14","0","53","53.0","46","25","7","61","25","1.33","10.25","4.21","4.21","0.3","12183"
"Sam Wolff","Giants","0","0","0","1","4.07","0","8","8.0","7","4","1","9","4","1.38","9.70","4.53","4.21","0.0","sa503437"
"Tommy Layne","Cardinals","0","0","0","1","3.98","0","8","8.0","8","4","1","7","4","1.41","7.98","3.99","4.21","0.0","7501"
"Adam Wainwright","Cardinals","6","6","0","0","4.37","18","18","99.0","104","48","12","84","35","1.40","7.58","3.17","4.22","1.2","2233"
"Jared Hughes","Reds","3","2","4","12","3.98","0","54","54.0","55","24","5","41","21","1.39","6.78","3.47","4.22","0.1","9325"
"Wander Suero","Nationals","1","1","0","1","4.25","0","21","21.0","20","10","3","20","8","1.37","8.54","3.54","4.22","0.0","15855"
"Jesse Hahn","Royals","0","0","0","1","4.18","0","8","8.0","8","4","1","7","3","1.37","7.30","3.19","4.22","0.0","13287"
"Brett Anderson","Athletics","3","3","0","0","4.30","9","9","54.0","60","26","6","34","16","1.41","5.77","2.63","4.22","0.6","8223"
"Michael Pineda","Twins","7","7","0","0","4.49","21","21","116.0","125","58","18","104","30","1.33","8.02","2.32","4.22","1.5","5372"
"Trent Thornton","Blue Jays","2","3","0","6","4.38","1","39","45.0","46","22","7","42","11","1.28","8.39","2.28","4.23","0.1","17948"
"Blaine Hardy","Tigers","4","4","0","3","4.24","7","45","77.0","79","36","10","63","23","1.32","7.29","2.63","4.23","0.7","6499"
"Tyler Webb","Cardinals","2","1","0","10","4.13","0","38","38.0","35","17","5","38","15","1.34","9.18","3.51","4.23","0.0","14974"
"Vidal Nuno","Nationals","0","0","0","1","4.16","0","8","8.0","8","4","1","8","3","1.28","8.75","2.80","4.23","0.0","9674"
"Sam Coonrod","Giants","0","0","0","1","4.06","0","8","8.0","8","4","1","8","4","1.35","8.71","3.87","4.23","0.0","sa827483"
"Adam Cimber","Indians","4","3","4","11","4.19","0","50","50.0","52","23","6","39","13","1.31","7.11","2.39","4.23","0.2","15288"
"Jacob Waguespack","Blue Jays","0","0","0","1","4.26","0","8","8.0","8","4","1","8","3","1.36","8.70","3.53","4.23","0.0","sa659056"
"John Axford","Blue Jays","0","0","0","1","4.26","0","8","8.0","8","4","1","8","4","1.41","9.07","4.18","4.23","0.0","9059"
"Koda Glover","Nationals","2","2","0","8","4.19","0","34","34.0","32","16","4","32","14","1.38","8.65","3.80","4.24","0.1","17695"
"Richard Bleier","Orioles","2","2","1","9","4.08","0","45","45.0","51","20","5","24","10","1.34","4.83","1.95","4.24","0.1","7803"
"Andrew Heaney","Angels","6","6","0","0","4.11","17","17","102.0","96","46","16","99","31","1.24","8.79","2.71","4.24","1.3","15423"
"Justin Miller","Nationals","2","3","0","11","4.28","0","42","42.0","39","20","7","46","14","1.27","9.81","3.05","4.24","0.0","8580"
"Adam McCreery","Dodgers","0","0","0","1","3.87","0","8","8.0","7","4","1","8","5","1.47","9.17","5.14","4.24","0.0","19550"
"Francisco Liriano","Pirates","1","2","0","3","4.28","0","29","29.0","28","14","3","29","14","1.43","9.01","4.31","4.24","0.0","3201"
"Chris Bassitt","Athletics","4","4","0","1","4.16","9","30","74.0","72","34","9","65","29","1.36","7.91","3.47","4.25","0.7","12304"
"Alex Wood","Reds","6","6","0","0","4.21","18","18","99.0","100","46","13","90","35","1.36","8.16","3.22","4.25","1.1","13781"
"Tyler Lyons","Pirates","0","0","0","1","4.27","0","8","8.0","8","4","1","8","3","1.35","8.91","3.49","4.25","0.0","11334"
"Justin Grimm","Dodgers","0","0","0","1","4.18","0","8","8.0","7","4","1","9","4","1.36","9.73","4.06","4.26","0.0","11720"
"Vince Velasquez","Phillies","7","8","0","0","4.40","20","20","117.0","111","57","18","128","45","1.33","9.89","3.46","4.26","1.4","11189"
"Taylor Cole","Angels","0","0","0","1","4.04","0","8","8.0","8","4","1","8","4","1.36","9.12","3.97","4.26","0.0","11964"
"Trevor Williams","Pirates","7","8","0","0","4.33","22","22","123.0","127","59","15","96","40","1.36","7.04","2.92","4.26","1.4","16977"
"Jeff Samardzija","Giants","6","9","0","0","4.48","23","23","134.0","136","67","19","114","39","1.30","7.66","2.59","4.26","1.2","3254"
"Zac Gallen","Marlins","0","1","0","0","4.18","1","1","8.0","7","4","1","7","3","1.31","8.45","3.26","4.27","0.1","sa857550"
"Ryan Buchter","Athletics","2","2","0","8","4.00","0","41","41.0","35","18","5","43","19","1.32","9.48","4.18","4.27","0.1","9456"
"Tayron Guerrero","Marlins","2","2","1","11","4.15","0","45","45.0","40","21","5","53","27","1.46","10.39","5.25","4.27","-0.1","11691"
"Nick Pivetta","Phillies","4","4","0","0","4.47","11","11","62.0","61","31","10","66","21","1.33","9.49","3.11","4.27","0.7","15454"
"Steven Matz","Mets","7","8","0","0","4.19","23","23","133.0","131","62","19","130","47","1.33","8.79","3.15","4.27","1.3","13361"
"Bryse Wilson","Braves","1","1","0","0","4.32","4","4","23.0","23","11","3","21","9","1.39","8.27","3.50","4.27","0.2","19990"
"Drew Pomeranz","Giants","4","5","0","0","4.23","13","13","78.0","73","37","9","77","37","1.41","8.90","4.26","4.27","0.5","11426"
"Matt Andriese","Diamondbacks","4","5","0","8","4.45","7","44","76.0","77","37","11","72","24","1.34","8.53","2.85","4.28","0.4","12022"
"Matt Albers","Brewers","3","4","4","13","4.31","0","53","53.0","53","26","9","53","16","1.29","8.90","2.69","4.28","0.1","4300"
"Tim Mayza","Blue Jays","2","2","1","12","4.30","0","41","41.0","38","20","5","45","21","1.43","9.76","4.53","4.28","0.0","15042"
"Domingo German","Yankees","6","5","0","1","4.42","12","37","95.0","90","47","15","100","34","1.31","9.52","3.25","4.28","1.0","17149"
"Rick Porcello","Red Sox","8","8","0","0","4.51","21","21","124.0","130","62","19","114","33","1.31","8.25","2.42","4.29","1.4","2717"
"Matt Wisler","Padres","1","1","0","1","4.40","0","12","12.0","13","6","2","11","3","1.28","7.92","2.26","4.29","0.0","12804"
"Reymin Guduan","Astros","1","1","0","1","4.22","0","25","25.0","22","12","3","28","14","1.48","10.21","5.23","4.29","0.0","13058"
"Jakob Junis","Royals","8","10","0","0","4.38","25","25","149.0","153","73","23","136","37","1.27","8.17","2.26","4.29","1.5","13619"
"Eric Hanhold","Mets","0","0","0","1","4.21","0","8","8.0","8","4","1","7","4","1.42","7.98","3.90","4.29","0.0","18332"
"Jake McGee","Rockies","2","2","0","9","4.46","0","41","41.0","41","21","6","41","13","1.33","8.87","2.94","4.29","0.1","7550"
"Jon Lester","Cubs","9","9","0","0","4.26","26","26","148.0","147","70","21","134","50","1.33","8.15","3.06","4.29","1.6","4930"
"Drew VerHagen","Tigers","2","3","1","9","4.36","0","46","46.0","45","22","6","42","19","1.40","8.17","3.75","4.30","0.1","13424"
"Kyle Keller","Marlins","0","0","0","1","4.12","0","8","8.0","7","4","1","9","4","1.39","9.37","4.51","4.30","0.0","sa875759"
"Freddy Peralta","Brewers","5","5","0","0","4.28","15","15","85.0","70","40","13","108","45","1.36","11.51","4.79","4.30","0.9","18679"
"Sal Romano","Reds","2","2","0","1","4.30","1","26","33.0","33","16","5","30","11","1.34","8.15","3.04","4.30","0.1","13690"
"Ryan Dull","Athletics","1","1","0","1","4.27","0","24","24.0","23","12","4","25","8","1.26","9.04","2.96","4.31","0.0","13974"
"Lewis Thorpe","Twins","1","1","0","1","4.20","1","10","16.0","15","8","3","17","6","1.28","9.59","3.36","4.31","0.1","sa739599"
"Taijuan Walker","Diamondbacks","3","3","0","0","4.46","9","9","52.0","52","26","7","49","18","1.35","8.50","3.18","4.31","0.5","11836"
"Zack Godley","Diamondbacks","7","9","0","0","4.44","23","23","127.0","126","63","15","122","57","1.44","8.65","4.05","4.31","1.2","14862"
"Jon Duplantier","Diamondbacks","1","1","0","0","4.33","3","3","15.0","15","7","2","15","8","1.46","8.69","4.52","4.31","0.2","19546"
"Kevin Quackenbush","Dodgers","1","1","0","3","4.27","0","29","29.0","27","14","4","28","10","1.32","8.85","3.21","4.32","0.0","12360"
"Noe Ramirez","Angels","2","2","0","4","4.19","0","41","41.0","38","19","6","44","16","1.31","9.70","3.54","4.32","0.0","12800"
"Travis Bergen","Giants","2","2","0","4","4.25","0","25","25.0","23","12","3","24","11","1.38","8.86","4.04","4.32","0.0","18581"
"Keynan Middleton","Angels","1","1","0","1","4.10","0","16","16.0","14","7","2","17","7","1.33","9.51","4.08","4.32","0.0","15264"
"Anthony Swarzak","Mariners","3","3","21","6","4.23","0","53","53.0","49","25","8","56","20","1.32","9.67","3.43","4.32","0.0","7466"
"Jesse Chavez","Rangers","3","3","5","15","4.36","0","67","67.0","68","32","11","62","19","1.31","8.40","2.60","4.32","0.3","5448"
"Matthew Boyd","Tigers","8","9","0","0","4.39","23","23","134.0","130","65","20","128","43","1.29","8.58","2.88","4.33","1.8","15440"
"James Bourque","Nationals","0","0","0","1","4.21","0","8","8.0","8","4","1","8","4","1.43","8.81","4.43","4.33","0.0","sa829330"
"Kyle Gibson","Twins","10","9","0","0","4.38","27","27","161.0","166","78","21","137","60","1.40","7.66","3.35","4.33","1.9","10123"
"Alex Wilson","Brewers","1","1","0","1","4.30","0","21","21.0","21","10","3","17","7","1.33","7.31","2.90","4.34","0.0","9239"
"Trevor Richards","Marlins","7","9","0","0","4.34","23","23","131.0","127","63","18","124","50","1.36","8.53","3.48","4.34","1.1","19309"
"Walker Lockett","Mets","2","2","0","1","4.33","5","14","40.0","40","19","5","34","12","1.33","7.62","2.82","4.34","0.2","13804"
"Justin Anderson","Angels","2","2","0","9","4.12","0","45","45.0","41","21","5","46","25","1.46","9.20","5.07","4.34","0.1","16201"
"J.A. Happ","Yankees","8","6","0","0","4.28","20","20","114.0","110","54","18","107","36","1.28","8.47","2.84","4.34","1.6","7410"
"Tim Hill","Royals","2","2","1","9","4.29","0","41","41.0","42","20","5","35","17","1.43","7.60","3.75","4.34","-0.1","16814"
"Mike Minor","Rangers","9","9","0","0","4.41","24","24","143.0","140","70","22","132","42","1.28","8.36","2.66","4.34","2.0","10021"
"Dennis Santana","Dodgers","0","0","0","0","4.32","1","1","8.0","7","4","1","7","3","1.39","8.88","3.88","4.35","0.1","17878"
"Gio Gonzalez","Brewers","5","6","0","0","4.42","16","16","91.0","91","45","11","82","38","1.42","8.11","3.79","4.35","0.8","7448"
"Sean Newcomb","Braves","3","3","0","0","4.36","8","8","47.0","43","23","6","46","23","1.42","8.84","4.44","4.35","0.4","16943"
"Jose Suarez","Reds","0","0","0","0","4.40","3","3","15.0","15","8","2","15","5","1.30","8.85","3.15","4.35","0.2","sa597426"
"Taylor Williams","Brewers","1","2","0","5","4.44","0","33","33.0","32","16","4","34","16","1.45","9.45","4.27","4.35","0.0","14899"
"Nick Margevicius","Padres","4","5","0","0","4.31","13","13","75.0","75","36","11","64","21","1.29","7.76","2.56","4.35","0.7","20395"
"Joey Krehbiel","Diamondbacks","1","1","0","1","4.36","0","25","25.0","22","12","3","27","13","1.45","9.73","4.88","4.35","0.0","13707"
"Jordan Yamamoto","Marlins","0","1","0","0","4.33","1","1","8.0","7","4","1","7","3","1.36","8.08","3.46","4.36","0.1","sa829040"
"Hunter Strickland","Mariners","1","1","2","1","4.29","0","20","20.0","20","10","3","18","8","1.37","8.14","3.55","4.36","0.0","7836"
"Hansel Robles","Angels","3","3","2","13","4.20","0","49","49.0","45","23","7","51","22","1.36","9.36","4.05","4.37","0.1","11801"
"Michael Lorenzen","Reds","2","2","0","9","4.24","1","43","49.0","50","23","6","40","20","1.41","7.36","3.61","4.37","0.1","14843"
"Derian Gonzalez","Cardinals","0","0","0","1","4.24","0","8","8.0","8","4","1","8","4","1.45","8.25","4.40","4.37","0.0","sa737568"
"Mike Mayers","Cardinals","1","1","0","3","4.38","0","25","25.0","25","12","3","23","9","1.37","8.26","3.35","4.38","0.0","15451"
"Bryan Mitchell","Padres","1","1","0","1","4.28","0","17","17.0","17","8","2","14","7","1.41","7.38","3.65","4.38","0.0","11479"
"Nick Gardewine","Rangers","1","1","0","1","4.32","0","29","29.0","27","14","4","29","14","1.41","9.04","4.21","4.38","0.0","16513"
"Merrill Kelly","Diamondbacks","5","6","0","0","4.57","16","16","94.0","97","48","13","84","33","1.39","8.07","3.15","4.38","0.8","11156"
"Cory Gearrin","Mariners","2","2","1","14","4.30","0","44","44.0","42","21","5","44","20","1.40","8.85","4.14","4.38","0.1","7947"
"Josh Taylor","Red Sox","0","0","0","1","4.25","0","4","4.0","4","2","1","4","2","1.42","8.31","4.09","4.39","0.0","sa842224"
"Lance Lynn","Rangers","8","8","0","0","4.39","23","23","132.0","134","64","17","122","56","1.44","8.34","3.84","4.39","1.6","2520"
"Mike Montgomery","Cubs","5","5","1","12","4.25","8","59","98.0","99","46","11","75","37","1.39","6.93","3.40","4.39","0.4","4869"
"Martin Perez","Twins","6","6","0","1","4.55","16","25","104.0","114","52","12","73","37","1.45","6.30","3.19","4.39","1.2","6902"
"Anthony Banda","Rays","2","2","0","0","4.22","7","7","38.0","35","18","5","38","17","1.36","8.94","3.95","4.39","0.4","14706"
"R.J. Alvarez","Marlins","0","0","0","1","4.27","0","8","8.0","7","4","1","9","4","1.40","9.40","4.54","4.40","0.0","13401"
"Stephen Tarpley","Yankees","1","1","0","1","4.21","0","17","17.0","16","8","2","16","9","1.49","8.58","4.96","4.40","0.0","15859"
"Austin Brice","Marlins","1","1","0","1","4.26","0","17","17.0","16","8","2","15","6","1.37","7.98","3.52","4.40","0.0","17237"
"Brad Keller","Royals","7","9","0","0","4.48","23","23","134.0","142","67","14","95","51","1.44","6.38","3.40","4.40","1.2","15734"
"Ryan Yarbrough","Rays","5","6","0","12","4.33","4","62","82.0","83","39","12","69","26","1.32","7.62","2.82","4.40","0.2","16502"
"Chad Sobotka","Braves","2","2","1","10","4.31","0","42","42.0","36","20","5","49","26","1.50","10.48","5.68","4.41","-0.1","17470"
"Ian Kennedy","Royals","2","2","0","8","4.41","0","37","37.0","36","18","6","36","11","1.28","8.66","2.70","4.41","0.0","6986"
"James Pazos","Rockies","0","0","0","1","4.22","0","8","8.0","8","4","1","8","4","1.40","9.03","4.24","4.41","0.0","13323"
"Danny Duffy","Royals","8","10","0","0","4.48","25","25","148.0","150","74","21","130","52","1.36","7.88","3.15","4.41","1.5","3542"
"Buck Farmer","Tigers","3","3","2","13","4.36","0","50","50.0","49","24","7","47","22","1.42","8.40","3.95","4.41","0.1","14814"
"Michael Wacha","Cardinals","7","8","0","0","4.49","23","23","133.0","135","66","18","118","54","1.42","8.01","3.65","4.41","1.1","14078"
"Ryan Helsley","Cardinals","1","1","0","1","4.38","1","18","24.0","23","12","3","25","12","1.41","9.18","4.33","4.41","0.1","18138"
"Touki Toussaint","Braves","6","6","0","0","4.39","18","18","102.0","95","50","12","103","54","1.47","9.14","4.75","4.42","0.7","16929"
"Hector Velazquez","Red Sox","2","2","0","3","4.38","3","36","49.0","52","24","6","37","16","1.39","6.90","2.88","4.42","0.2","19341"
"Hunter Cervenka","Cardinals","0","0","0","1","4.17","0","8","8.0","8","4","1","9","5","1.45","9.26","4.94","4.42","0.0","10510"
"Jesus Luzardo","Athletics","6","5","0","0","4.29","16","16","90.0","87","43","13","82","34","1.34","8.16","3.44","4.43","0.9","sa917981"
"Gabriel Moya","Twins","2","2","0","9","4.25","0","42","42.0","39","20","6","43","17","1.33","9.09","3.62","4.43","0.1","16348"
"Nick Neidert","Marlins","1","1","0","0","4.39","3","3","15.0","15","7","2","13","5","1.33","7.42","2.84","4.43","0.1","sa874797"
"Frankie Montas","Athletics","6","7","0","1","4.45","16","24","100.0","104","49","13","83","38","1.41","7.45","3.38","4.43","0.8","14309"
"Dereck Rodriguez","Giants","6","7","0","0","4.40","20","20","112.0","115","55","15","90","36","1.35","7.23","2.88","4.43","0.6","14509"
"Yusmeiro Petit","Athletics","2","2","1","10","4.45","0","49","49.0","50","24","8","41","12","1.27","7.54","2.23","4.44","0.0","4020"
"Kyle Freeland","Rockies","9","10","0","0","4.56","25","25","150.0","158","76","21","129","54","1.42","7.75","3.27","4.44","1.9","16256"
"Jordan Lyles","Pirates","5","7","0","1","4.70","16","33","111.0","118","58","15","93","38","1.40","7.54","3.09","4.44","0.7","7593"
"Sam Tuivailala","Mariners","1","1","0","1","4.38","0","16","16.0","16","8","2","15","7","1.38","8.49","3.71","4.44","0.0","13485"
"Derek Holland","Giants","6","8","0","0","4.39","21","21","122.0","118","59","17","118","51","1.39","8.76","3.76","4.44","0.6","4141"
"Joe Biagini","Blue Jays","2","3","1","10","4.70","0","41","41.0","44","22","6","33","14","1.41","7.26","3.01","4.45","0.0","13194"
"Seunghwan Oh","Rockies","3","3","4","12","4.49","0","54","54.0","53","27","10","55","16","1.28","9.24","2.65","4.45","0.2","18719"
"Jeanmar Gomez","Rangers","1","1","0","5","4.56","0","33","21.0","23","11","3","16","7","1.44","6.92","3.17","4.45","0.0","9033"
"Ian Hamilton","White Sox","1","1","0","1","4.33","0","30","30.0","28","14","4","29","13","1.38","8.90","3.92","4.45","0.0","19261"
"Ben Heller","Yankees","2","2","0","4","4.35","0","37","37.0","34","18","6","41","17","1.37","9.94","4.18","4.45","0.0","15100"
"Robby Scott","Diamondbacks","0","0","0","1","4.29","0","8","8.0","7","4","1","9","4","1.37","9.46","4.13","4.45","0.0","13042"
"Jake Arrieta","Phillies","8","9","0","0","4.37","23","23","130.0","128","63","18","115","47","1.35","7.97","3.27","4.46","1.2","4153"
"Eric Lauer","Padres","6","8","0","0","4.42","20","20","115.0","115","56","16","106","45","1.40","8.31","3.53","4.46","0.8","19316"
"Shawn Kelley","Rangers","2","2","0","7","4.54","0","33","33.0","33","17","6","35","10","1.27","9.34","2.61","4.46","0.1","7773"
"Josh Tomlin","Braves","2","3","0","1","4.54","4","33","53.0","57","27","10","43","6","1.21","7.27","1.08","4.46","0.2","9388"
"Josh Tomlin","Braves","4","5","0","0","4.54","16","16","94.0","102","47","18","76","11","1.21","7.27","1.08","4.46","0.9","9388"
"Matt Shoemaker","Blue Jays","6","7","0","0","4.63","19","19","108.0","112","56","17","99","33","1.34","8.25","2.76","4.46","1.0","4776"
"Sam Freeman","Angels","2","2","0","6","4.16","0","41","41.0","37","19","4","41","25","1.50","8.90","5.49","4.47","0.0","6832"
"Tyler Kinley","Marlins","1","2","0","4","4.43","0","29","29.0","26","14","4","32","17","1.49","10.01","5.26","4.47","0.0","18297"
"Daniel Coulombe","Yankees","0","0","0","1","4.23","0","4","4.0","4","2","1","4","2","1.41","8.56","4.04","4.47","0.0","13293"
"Antonio Senzatela","Rockies","7","8","0","0","4.68","21","21","125.0","132","65","17","102","44","1.41","7.41","3.16","4.47","1.4","15488"
"Rowan Wick","Cubs","0","0","0","1","4.31","0","4","4.0","4","2","1","4","2","1.44","9.37","4.86","4.47","0.0","14646"
"Alex Reyes","Cardinals","0","0","0","0","4.39","1","1","8.0","7","4","1","8","5","1.50","9.52","5.34","4.47","0.1","15015"
"Steven Brault","Pirates","2","2","0","8","4.37","0","34","34.0","33","16","4","32","17","1.48","8.50","4.57","4.47","-0.1","15291"
"Wandy Peralta","Reds","1","1","0","3","4.38","0","25","25.0","25","12","3","21","13","1.51","7.61","4.71","4.47","0.0","14295"
"A.J. Puk","Athletics","1","1","0","0","4.33","4","4","23.0","21","11","3","22","10","1.38","8.92","4.13","4.47","0.2","sa738675"
"Junior Guerra","Brewers","2","3","2","14","4.40","0","49","49.0","47","24","7","48","20","1.37","8.75","3.66","4.48","-0.1","5702"
"Roenis Elias","Mariners","3","3","3","14","4.41","0","53","53.0","52","26","7","44","21","1.41","7.61","3.68","4.48","0.1","12673"
"Dean Deetz","Astros","1","1","0","1","4.33","0","21","21.0","18","10","3","24","12","1.45","10.39","5.31","4.48","0.0","16687"
"Nate Jones","White Sox","2","3","2","13","4.32","0","47","47.0","43","22","7","49","20","1.37","9.42","3.91","4.48","0.1","4696"
"Mitch Keller","Pirates","3","4","0","0","4.59","11","11","62.0","62","32","8","57","28","1.45","8.29","4.04","4.48","0.5","sa828700"
"John Gant","Cardinals","3","4","0","1","4.46","7","28","60.0","59","30","8","54","26","1.42","8.15","3.90","4.49","0.3","13684"
"Rhiner Cruz","","2","2","0","0","4.44","0","50","50.0","47","25","7","52","25","1.42","9.28","4.41","4.49","-0.1","711"
"Cody Reed","Reds","3","3","0","0","4.38","8","8","47.0","45","23","6","45","23","1.44","8.56","4.33","4.49","0.4","15232"
"Dan Altavilla","Mariners","0","1","0","1","4.36","0","8","8.0","7","4","1","9","4","1.42","9.61","4.66","4.49","0.0","16507"
"Matt Belisle","","2","2","0","0","4.47","0","50","50.0","52","25","7","41","18","1.38","7.45","3.15","4.49","0.0","1837"
"Yacksel Rios","Phillies","0","0","0","1","4.41","0","8","8.0","8","4","1","9","4","1.39","9.47","4.26","4.49","0.0","15007"
"Anibal Sanchez","Nationals","6","8","0","0","4.92","22","22","123.0","127","67","19","115","46","1.40","8.38","3.35","4.49","1.0","3284"
"Jacob Rhame","Mets","1","1","0","1","4.52","0","17","17.0","16","8","3","18","7","1.34","9.66","3.60","4.49","0.0","15267"
"Jonny Venters","Braves","2","3","0","1","4.42","0","33","33.0","32","16","3","32","21","1.57","8.52","5.62","4.50","-0.1","7175"
"Luke Bard","Angels","0","0","0","1","4.36","0","8","8.0","8","4","1","8","3","1.37","9.03","3.78","4.50","0.0","14288"
"Jerry Blevins","Braves","1","1","0","1","4.40","0","20","20.0","20","10","3","20","10","1.45","8.98","4.42","4.51","0.0","7841"
"Randy Rosario","Cubs","0","0","0","1","4.48","0","8","8.0","9","4","1","7","4","1.52","7.01","4.39","4.51","0.0","14508"
"Jackson Stephens","Reds","1","1","0","1","4.42","0","12","12.0","12","6","2","12","5","1.35","8.52","3.47","4.51","0.0","14420"
"Chasen Bradford","Mariners","1","1","0","3","4.43","0","24","24.0","27","12","3","17","7","1.38","6.19","2.56","4.51","0.0","12452"
"Joe Palumbo","Rangers","1","1","0","1","4.37","1","22","29.0","27","14","4","29","14","1.43","9.01","4.38","4.52","0.1","sa738453"
"Daniel Hudson","Blue Jays","2","3","0","10","4.60","0","41","41.0","40","21","6","42","19","1.43","9.23","4.05","4.52","0.0","7146"
"Aaron Sanchez","Blue Jays","6","7","0","0","4.53","21","21","123.0","123","62","13","103","63","1.50","7.48","4.56","4.52","1.0","11490"
"Anthony DeSclafani","Reds","7","8","0","0","4.50","22","22","125.0","127","63","22","120","36","1.31","8.63","2.62","4.52","1.2","13050"
"Brett Cecil","Cardinals","1","1","0","1","4.42","0","12","12.0","13","6","2","10","5","1.42","7.47","3.71","4.53","0.0","2660"
"Zach Davies","Brewers","6","7","0","0","4.61","19","19","107.0","117","55","15","81","35","1.41","6.78","2.90","4.53","0.7","13183"
"Griffin Canning","Angels","1","1","0","0","4.41","3","3","15.0","14","7","2","14","6","1.36","8.39","3.63","4.53","0.1","sa829807"
"Jeffrey Springs","Rangers","2","2","0","8","4.53","0","33","33.0","31","17","5","36","16","1.43","9.76","4.44","4.54","0.0","17677"
"Mike Leake","Mariners","5","7","0","0","4.71","17","17","101.0","116","53","15","67","21","1.35","5.98","1.88","4.54","0.8","10130"
"Jerad Eickhoff","Phillies","7","9","0","0","4.63","23","23","134.0","136","69","22","125","45","1.36","8.45","3.05","4.54","1.0","12664"
"Corbin Burnes","Brewers","4","5","0","0","4.52","13","13","77.0","76","39","12","76","30","1.37","8.91","3.52","4.54","0.6","19361"
"Tim Peterson","Mets","1","2","0","4","4.52","0","33","33.0","32","17","6","34","12","1.33","9.19","3.23","4.54","0.0","13946"
"Yimi Garcia","Dodgers","2","2","0","5","4.44","0","33","33.0","32","16","6","32","9","1.26","8.86","2.37","4.54","0.0","12095"
"Jose De Leon","Rays","5","5","0","0","4.50","15","15","84.0","79","42","14","86","34","1.33","9.16","3.61","4.54","0.6","15463"
"Jake Newberry","Royals","1","1","0","1","4.50","0","17","17.0","17","8","2","14","7","1.43","7.56","3.86","4.55","0.0","15136"
"Zach Eflin","Phillies","7","9","0","0","4.67","20","20","115.0","121","60","19","97","31","1.32","7.61","2.41","4.55","1.0","13774"
"Josh Staumont","Royals","1","1","0","1","4.34","0","12","12.0","10","6","1","15","9","1.52","10.89","6.27","4.55","0.0","sa857581"
"Nick Kingham","Pirates","2","3","0","5","4.63","3","32","45.0","47","23","7","39","14","1.36","7.81","2.77","4.55","0.1","11694"
"Cionel Perez","Astros","3","3","0","1","4.42","7","19","51.0","49","25","7","50","24","1.43","8.73","4.28","4.55","0.3","19614"
"Jimmy Cordero","Nationals","1","1","0","1","4.39","0","17","17.0","16","8","2","16","9","1.51","8.55","5.03","4.55","0.0","15690"
"Travis Lakins","Red Sox","1","1","0","1","4.61","0","17","17.0","17","8","2","14","7","1.46","7.68","3.87","4.55","0.0","18600"
"Carlos Rodon","White Sox","7","9","0","0","4.42","23","23","135.0","129","66","19","127","60","1.41","8.50","4.02","4.56","1.3","16137"
"Tyler Beede","Giants","0","1","0","0","4.36","1","1","8.0","7","4","1","7","4","1.47","8.62","4.94","4.56","0.0","16981"
"Jose Urena","Marlins","7","10","0","0","4.43","23","23","133.0","137","65","18","102","45","1.37","6.91","3.04","4.56","0.8","11589"
"Austin Gomber","Cardinals","1","1","0","0","4.36","4","4","23.0","22","11","3","21","9","1.37","8.24","3.72","4.56","0.2","16561"
"Logan Allen","Padres","6","7","0","0","4.33","20","20","115.0","108","55","16","108","53","1.41","8.47","4.19","4.56","0.7","sa875192"
"Spencer Turnbull","Tigers","6","8","0","0","4.67","20","20","116.0","118","60","14","98","51","1.46","7.59","3.99","4.56","1.0","16207"
"Gerson Bautista","Mariners","1","1","0","1","4.43","0","20","20.0","18","10","3","22","10","1.41","9.67","4.62","4.56","0.0","19256"
"Austen Williams","Nationals","1","1","0","1","4.66","0","17","17.0","17","9","3","15","6","1.41","8.07","3.32","4.56","0.0","16309"
"Bryan Shaw","Rockies","2","3","1","10","4.77","0","41","41.0","44","22","5","34","18","1.50","7.47","3.93","4.56","0.0","8110"
"Wade Miley","Astros","6","6","0","0","4.64","17","17","101.0","109","52","13","78","37","1.44","6.91","3.27","4.56","0.7","8779"
"Ruben Alaniz","Mariners","0","0","0","1","4.50","0","8","8.0","8","4","1","8","4","1.45","8.96","4.29","4.56","0.0","10819"
"Adalberto Mejia","Twins","3","3","0","1","4.58","5","27","53.0","55","27","7","44","20","1.41","7.57","3.36","4.56","0.4","13188"
"Oscar De La Cruz","Cubs","0","0","0","1","4.47","0","4","4.0","4","2","1","4","2","1.34","8.83","3.59","4.56","0.0","sa737037"
"Logan Webb","Giants","0","1","0","0","4.42","1","1","8.0","8","4","1","6","4","1.47","7.41","4.31","4.56","0.0","sa828873"
"Eduardo Jimenez","","0","0","0","0","4.60","0","13","13.0","12","6","2","14","6","1.41","9.70","4.23","4.56","0.0","sa3001404"
"Jacob Webb","Pirates","0","0","0","0","4.60","0","33","33.0","31","17","5","36","16","1.41","9.70","4.23","4.56","-0.1","sa3004799"
"Stetson Allie","Dodgers","0","0","0","0","4.60","0","8","8.0","8","4","1","9","4","1.41","9.70","4.23","4.56","0.0","sa548192"
"James Kaprielian","Athletics","0","0","0","0","4.60","0","8","8.0","8","4","1","9","4","1.41","9.70","4.23","4.56","0.0","sa658943"
"Zack Littell","Twins","1","1","0","1","4.52","1","18","25.0","25","12","4","22","9","1.36","8.09","3.37","4.57","0.1","15823"
"JT Brubaker","Pirates","0","1","0","0","4.65","1","1","8.0","8","4","1","6","3","1.44","7.22","3.47","4.57","0.1","sa875176"
"Tanner Roark","Reds","6","8","0","0","4.60","20","20","118.0","119","60","18","103","41","1.36","7.89","3.12","4.57","1.0","8753"
"Aaron Wilkerson","Brewers","2","2","0","1","4.63","3","19","32.0","32","16","5","29","11","1.36","8.29","3.15","4.57","0.1","16904"
"Bobby Poyner","Red Sox","0","0","0","1","4.54","0","8","8.0","8","4","1","7","3","1.34","7.92","2.92","4.57","0.0","17987"
"Andrew Triggs","Athletics","0","0","0","0","4.68","1","1","8.0","8","4","1","6","3","1.40","7.45","3.38","4.58","0.1","13533"
"Kyle Wright","Braves","2","3","0","0","4.66","7","7","38.0","40","20","5","33","18","1.51","7.77","4.24","4.59","0.2","19665"
"Jaime Schultz","Dodgers","0","0","0","1","4.47","0","8","8.0","7","4","1","10","5","1.44","11.16","5.25","4.59","0.0","15066"
"Cody Anderson","Indians","4","4","0","1","4.65","9","26","71.0","76","37","11","57","22","1.37","7.16","2.78","4.59","0.4","12799"
"Pierce Johnson","","2","2","0","0","4.46","0","50","50.0","46","25","7","52","26","1.44","9.33","4.76","4.60","0.0","13435"
"Fernando Romero","Twins","3","3","0","3","4.62","4","34","53.0","56","27","7","42","19","1.41","7.02","3.24","4.60","0.2","15885"
"Wily Peralta","Royals","2","3","4","11","4.74","0","45","45.0","48","24","6","39","21","1.53","7.64","4.24","4.60","-0.2","7738"
"Tanner Anderson","Athletics","0","0","0","1","4.46","0","8","8.0","9","4","1","5","3","1.47","5.69","3.47","4.60","0.0","18029"
"Daniel Poncedeleon","Cardinals","4","4","0","0","4.48","12","12","69.0","65","34","9","65","35","1.45","8.52","4.51","4.61","0.4","16110"
"Josh Fields","Brewers","1","1","0","1","4.58","0","29","29.0","28","15","5","29","11","1.34","9.00","3.39","4.61","0.0","5070"
"David McKay","Mariners","0","0","0","1","4.51","0","8","8.0","8","4","1","8","4","1.39","8.93","4.06","4.62","0.0","sa738438"
"Jake Odorizzi","Twins","8","9","0","0","4.64","25","25","143.0","139","74","23","135","56","1.36","8.49","3.51","4.62","1.6","6397"
"Robert Stephenson","Reds","3","4","0","9","4.51","1","43","49.0","44","25","8","59","28","1.45","10.74","5.09","4.62","0.0","13594"
"Brian Flynn","Royals","1","1","0","1","4.52","0","21","21.0","21","10","3","16","9","1.47","6.88","3.85","4.62","0.0","12027"
"Kyle McGowin","Nationals","1","1","0","0","4.56","3","3","15.0","15","8","2","14","6","1.38","7.90","3.47","4.62","0.1","15071"
"Sean Manaea","Athletics","1","1","0","0","4.59","4","4","23.0","24","12","3","17","7","1.35","6.78","2.67","4.62","0.2","15873"
"Jon Edwards","Indians","2","2","0","5","4.61","0","33","33.0","30","17","5","37","18","1.46","10.06","4.95","4.63","0.0","1483"
"Bryan Garcia","Tigers","0","0","0","1","4.63","0","4","4.0","4","2","1","4","2","1.43","9.20","4.38","4.63","0.0","sa873996"
"Shane Carle","Braves","1","1","0","1","4.54","0","21","21.0","22","11","2","16","9","1.47","6.91","3.90","4.64","0.0","15258"
"Pedro Avila","Padres","1","1","0","1","4.62","3","7","20.0","20","10","3","18","10","1.48","8.24","4.38","4.64","0.1","18864"
"Javy Guerra","Blue Jays","2","2","0","9","4.66","0","41","41.0","42","21","6","39","18","1.46","8.41","3.99","4.64","-0.1","7407"
"Paul Sewald","Mets","1","1","0","1","4.80","0","17","17.0","17","9","3","16","6","1.38","8.38","3.30","4.65","0.0","13892"
"Dylan Cease","White Sox","2","3","0","1","4.54","5","14","40.0","37","20","6","43","22","1.47","9.51","4.99","4.65","0.3","sa829000"
"Grant Holmes","Athletics","1","1","0","1","4.55","1","9","16.0","15","8","2","14","7","1.44","8.08","4.25","4.65","0.0","sa828669"
"James Norwood","Cubs","0","0","0","1","4.55","0","4","4.0","4","2","1","4","2","1.45","9.32","4.84","4.65","0.0","16440"
"Jesus Reyes","Reds","0","0","0","1","4.49","0","8","8.0","8","4","1","7","4","1.53","7.61","4.79","4.65","0.0","19277"
"Joe Ross","Nationals","3","3","0","0","4.71","8","8","47.0","50","24","7","37","15","1.39","7.21","2.87","4.65","0.3","12972"
"Zac Houston","Tigers","0","0","0","1","4.53","0","4","4.0","4","2","1","5","3","1.49","10.03","5.44","4.66","0.0","sa874155"
"Genesis Cabrera","Cardinals","0","0","0","1","4.40","0","8","8.0","8","4","1","8","4","1.42","8.97","4.53","4.66","0.0","sa828534"
"Cal Quantrill","Padres","1","2","0","0","4.59","4","4","23.0","24","12","3","18","8","1.39","7.23","3.28","4.67","0.1","sa738477"
"Wei-Yin Chen","Marlins","4","7","0","2","4.63","12","37","95.0","98","49","16","82","30","1.35","7.75","2.88","4.67","0.2","13071"
"Dakota Hudson","Cardinals","5","6","0","0","4.68","15","15","86.0","91","45","10","61","39","1.51","6.33","4.03","4.67","0.4","19206"
"CC Sabathia","Yankees","4","4","0","0","4.56","13","13","76.0","79","38","12","64","26","1.39","7.60","3.13","4.67","0.8","404"
"Rogelio Armenteros","Astros","1","1","0","0","4.64","3","3","15.0","14","8","2","15","7","1.38","9.11","3.95","4.67","0.1","sa877310"
"Tyler Mahle","Reds","4","6","0","0","4.67","14","14","78.0","80","41","13","72","30","1.41","8.33","3.43","4.67","0.6","16358"
"Sam Gaviglio","Blue Jays","2","3","0","1","4.93","8","20","43.0","48","24","7","35","12","1.37","7.20","2.41","4.68","0.2","12778"
"AJ Ramos","","2","3","0","0","4.60","0","50","50.0","47","26","7","52","26","1.46","9.31","4.71","4.68","0.0","8350"
"Clay Buchholz","Blue Jays","4","6","0","0","4.74","16","16","93.0","99","49","14","68","28","1.38","6.56","2.76","4.68","0.6","3543"
"Joaquin Benoit","","2","3","0","0","4.62","0","50","50.0","48","26","8","49","22","1.40","8.76","4.02","4.68","-0.1","1437"
"Forrest Whitley","Astros","1","1","0","0","4.63","4","4","23.0","21","12","4","24","11","1.39","9.31","4.14","4.69","0.2","sa917930"
"Daniel Norris","Tigers","5","6","0","0","4.83","16","16","95.0","99","51","14","84","40","1.47","7.96","3.79","4.69","0.8","13475"
"Sandy Alcantara","Marlins","5","7","0","0","4.59","20","20","115.0","117","59","13","91","57","1.51","7.06","4.47","4.69","0.6","18684"
"Nathan Karns","Orioles","3","4","0","1","4.85","8","29","67.0","68","36","11","64","28","1.43","8.59","3.74","4.69","0.4","12638"
"Nick Rumbelow","Mariners","0","0","0","1","4.66","0","8","8.0","8","4","1","8","3","1.40","8.72","3.69","4.69","0.0","14867"
"John Curtiss","Angels","0","0","0","1","4.53","0","8","8.0","8","4","1","8","5","1.47","8.87","4.96","4.69","0.0","16128"
"Jimmy Herget","Reds","0","0","0","1","4.58","0","8","8.0","7","4","1","9","4","1.42","9.91","4.77","4.70","0.0","sa658965"
"Nick Goody","Indians","1","1","0","1","4.59","0","25","25.0","23","13","4","27","11","1.36","9.63","4.08","4.70","0.0","13685"
"Erasmo Ramirez","Red Sox","4","4","0","6","4.71","5","47","72.0","78","38","12","53","18","1.33","6.54","2.23","4.70","0.1","10314"
"Reed Garrett","Tigers","2","2","0","6","4.76","0","42","42.0","43","22","5","35","22","1.55","7.42","4.63","4.71","0.0","16866"
"Tyler Bashlor","Mets","0","0","0","1","4.59","0","8","8.0","8","4","1","9","5","1.44","9.59","4.86","4.71","0.0","15203"
"Jean Carlos Mejia","Indians","0","0","0","1","4.57","0","4","4.0","4","2","1","4","2","1.48","7.56","4.26","4.71","0.0","sa830122"
"Brock Stewart","Dodgers","1","1","0","1","4.65","1","14","20.0","20","10","3","18","7","1.37","7.93","3.13","4.71","0.0","16727"
"Kevin McCarthy","Royals","2","2","0","8","4.67","0","37","37.0","42","19","4","23","14","1.48","5.57","3.29","4.71","-0.2","15240"
"Trevor Cahill","Angels","8","9","0","0","4.55","23","23","131.0","130","66","19","116","54","1.41","7.97","3.75","4.72","0.8","6249"
"Taylor Widener","Diamondbacks","1","1","0","0","4.72","3","3","15.0","14","8","2","15","7","1.40","8.95","4.04","4.72","0.1","sa918271"
"Felix Hernandez","Mariners","5","6","0","0","4.69","16","16","88.0","91","46","13","71","30","1.38","7.25","3.08","4.72","0.6","4772"
"Luis Cessa","Yankees","4","4","0","1","4.80","8","33","71.0","74","38","12","63","26","1.39","7.92","3.22","4.73","0.4","13345"
"Erik Swanson","Mariners","5","6","0","0","4.83","17","17","97.0","100","52","18","89","30","1.34","8.20","2.80","4.73","0.8","16587"
"JC Ramirez","Angels","3","3","0","1","4.62","5","34","60.0","62","31","8","46","23","1.41","6.94","3.43","4.73","0.1","8302"
"Glenn Sparkman","Royals","2","3","0","1","4.86","4","21","40.0","46","22","6","25","10","1.40","5.71","2.27","4.74","0.1","15200"
"Josh Lucas","Orioles","1","2","0","3","4.70","0","37","37.0","39","19","5","31","15","1.46","7.47","3.59","4.74","0.0","11686"
"Tanner Rainey","Nationals","1","1","0","1","4.50","0","17","17.0","14","8","2","20","13","1.59","10.72","6.71","4.74","0.0","17610"
"Julian Merryweather","Blue Jays","0","1","0","0","4.85","1","1","8.0","8","4","1","6","2","1.37","7.48","2.92","4.74","0.1","sa829363"
"Rayan Gonzalez","Rockies","1","1","0","1","4.88","0","12","12.0","13","7","2","12","6","1.52","8.50","4.58","4.75","0.0","sa455370"
"Gerardo Reyes","Padres","0","0","0","1","4.67","0","4","4.0","4","2","0","4","3","1.58","9.31","5.96","4.75","0.0","16306"
"Luke Farrell","Rangers","0","0","0","1","4.66","0","8","8.0","8","4","1","9","4","1.40","9.52","4.27","4.75","0.0","15101"
"Jeff Hoffman","Rockies","1","2","0","0","5.05","4","4","23.0","24","13","3","21","10","1.50","8.08","4.02","4.75","0.2","17432"
"Jefry Rodriguez","Indians","0","1","0","1","4.74","0","8","8.0","8","4","1","7","4","1.52","7.70","4.63","4.75","0.0","17018"
"Matthew Festa","Mariners","0","0","0","1","4.70","0","8","8.0","8","4","1","8","3","1.40","8.41","3.42","4.76","0.0","19330"
"Mike Fiers","Athletics","7","8","0","0","4.66","21","21","122.0","126","63","21","101","37","1.34","7.50","2.75","4.76","0.7","7754"
"Wade LeBlanc","Mariners","4","6","0","0","4.80","14","14","82.0","88","44","14","63","23","1.35","6.88","2.56","4.76","0.5","5221"
"Brian Johnson","Red Sox","1","1","0","1","4.81","0","25","25.0","26","13","4","22","10","1.43","7.82","3.46","4.77","0.0","14272"
"Drew Smyly","Rangers","6","8","0","0","4.80","20","20","117.0","120","63","22","118","42","1.38","9.07","3.22","4.77","0.9","11760"
"Merandy Gonzalez","Cardinals","0","0","0","1","4.61","0","8","8.0","8","4","1","7","4","1.44","7.08","3.84","4.77","0.0","17313"
"Jhoulys Chacin","Brewers","7","9","0","0","4.73","23","23","130.0","132","68","19","110","54","1.43","7.60","3.70","4.77","0.6","2608"
"Clayton Richard","Blue Jays","5","6","0","0","4.80","16","16","94.0","106","50","12","62","35","1.50","5.94","3.38","4.78","0.5","3551"
"Chase Anderson","Brewers","4","5","0","8","4.52","8","45","83.0","82","42","15","77","29","1.34","8.36","3.12","4.78","0.2","6895"
"Ben Lively","Royals","1","2","0","0","4.83","4","4","23.0","25","12","3","17","8","1.41","6.63","2.97","4.78","0.1","14932"
"Chris Stratton","Angels","2","3","0","0","4.73","7","7","39.0","40","20","6","30","15","1.43","7.10","3.49","4.78","0.2","13761"
"Chris Stratton","Angels","4","5","0","3","4.73","8","33","71.0","74","38","11","56","28","1.43","7.10","3.49","4.78","-0.1","13761"
"Chris Flexen","Mets","1","1","0","0","4.75","3","3","16.0","16","8","2","13","6","1.45","7.48","3.73","4.78","0.1","13896"
"Scott Blewett","Royals","0","0","0","1","4.69","0","8","8.0","9","4","1","6","3","1.40","7.01","3.28","4.78","0.0","sa828695"
"Evan Phillips","Orioles","2","3","0","5","4.81","0","41","41.0","38","22","6","45","23","1.50","9.86","5.13","4.79","0.0","17734"
"Tyler Anderson","Rockies","6","8","0","0","4.96","21","21","124.0","130","69","22","115","44","1.40","8.35","3.21","4.79","1.0","12880"
"Matt Harvey","Angels","4","6","0","0","4.82","15","15","85.0","92","45","14","64","24","1.37","6.81","2.59","4.79","0.5","11713"
"Adrian Houser","Brewers","2","2","0","1","4.90","3","27","40.0","43","22","6","34","15","1.45","7.59","3.34","4.80","0.0","12718"
"Jharel Cotton","Athletics","2","2","0","0","4.71","7","7","37.0","36","19","6","33","14","1.36","7.99","3.39","4.80","0.2","13654"
"Brett Martin","Rangers","1","2","0","0","4.99","4","4","23.0","26","13","3","18","10","1.53","6.88","3.91","4.81","0.2","17369"
"Tyler Thornburg","Red Sox","2","2","0","9","4.82","0","41","41.0","40","22","7","40","19","1.43","8.69","4.14","4.81","-0.1","10688"
"Justin Lawrence","Rockies","0","0","0","1","4.88","0","8","8.0","9","4","1","7","5","1.61","7.80","5.17","4.82","0.0","sa875567"
"Lucas Sims","Reds","0","0","0","0","4.68","1","1","8.0","7","4","1","8","4","1.41","9.84","4.63","4.82","0.1","13470"
"Melvin Adon","Giants","0","1","0","0","4.65","1","1","8.0","8","4","1","6","4","1.55","6.79","4.79","4.82","0.0","sa873314"
"Daniel Mengden","Athletics","4","4","0","0","4.80","12","12","67.0","71","36","11","51","22","1.38","6.82","2.94","4.82","0.4","16980"
"Neil Ramirez","Indians","2","2","2","12","4.98","0","42","42.0","38","23","8","50","20","1.40","10.88","4.29","4.83","-0.2","7677"
"Felix Pena","Angels","3","3","0","0","4.82","9","9","54.0","55","29","9","49","21","1.41","8.16","3.47","4.83","0.3","13403"
"Paul Blackburn","Athletics","1","1","0","0","4.86","3","3","15.0","16","8","2","9","5","1.45","5.76","3.03","4.83","0.1","14739"
"Julio Teheran","Braves","7","8","0","0","4.66","22","22","126.0","121","65","21","118","53","1.38","8.42","3.81","4.83","0.4","6797"
"Aaron Brooks","Athletics","0","1","0","0","4.94","1","1","8.0","9","4","1","5","2","1.43","6.46","2.65","4.84","0.0","12272"
"Tim Collins","Cubs","0","1","0","1","4.83","0","8","8.0","8","5","1","8","5","1.58","8.59","5.43","4.84","0.0","3164"
"Scott Barlow","Royals","1","1","0","1","4.89","1","14","20.0","20","11","3","20","10","1.49","9.02","4.52","4.84","0.0","14993"
"Jake Barrett","Yankees","1","1","0","1","4.70","0","12","12.0","12","6","2","13","6","1.45","9.19","4.56","4.84","0.0","13322"
"Taylor Clarke","Diamondbacks","0","1","0","0","4.91","1","1","8.0","8","4","1","6","3","1.41","7.52","3.19","4.84","0.0","17611"
"Eric Skoglund","Royals","2","3","0","0","4.83","8","8","47.0","49","25","7","36","16","1.39","6.85","3.00","4.85","0.2","16155"
"Victor Alcantara","Tigers","2","3","0","9","4.85","0","46","46.0","50","25","6","33","20","1.51","6.51","3.90","4.85","-0.1","15028"
"Josh Smith","Red Sox","0","0","0","0","4.97","1","1","8.0","8","4","1","6","3","1.38","7.64","3.15","4.86","0.0","10946"
"Cy Sneed","Astros","1","1","0","1","4.75","1","10","16.0","16","8","3","14","7","1.41","7.80","3.66","4.86","0.0","sa599742"
"Joe Harvey","Yankees","1","1","0","1","4.79","0","17","17.0","16","9","3","17","9","1.48","9.31","4.72","4.86","0.0","16459"
"Kolby Allard","Braves","0","0","0","0","4.78","1","1","8.0","8","4","1","6","3","1.43","7.33","3.48","4.86","0.0","18694"
"Josh Osich","White Sox","1","1","0","4","4.96","0","30","30.0","30","16","4","27","15","1.52","8.19","4.44","4.86","0.0","11528"
"Zac Reininger","Tigers","1","1","0","1","4.94","0","17","17.0","18","9","3","13","7","1.45","7.21","3.50","4.86","0.0","15285"
"Alec Mills","Cubs","1","1","0","0","4.77","3","3","15.0","16","8","2","13","6","1.41","7.36","3.59","4.86","0.1","13834"
"Dylan Bundy","Orioles","7","10","0","0","4.91","24","24","135.0","135","74","27","135","46","1.34","8.98","3.04","4.86","1.1","12917"
"Sean Reid-Foley","Blue Jays","2","3","0","0","4.98","7","7","39.0","38","22","6","38","19","1.48","8.87","4.43","4.87","0.2","17034"
"Ranger Suarez","Phillies","1","1","0","0","4.71","3","3","15.0","16","8","2","12","6","1.44","7.11","3.54","4.87","0.1","17277"
"Justus Sheffield","Mariners","3","4","0","0","4.78","10","10","60.0","60","32","8","52","33","1.54","7.81","4.90","4.87","0.3","17285"
"Tyler Chatwood","Cubs","3","3","0","1","4.73","4","33","53.0","50","28","6","47","35","1.61","7.98","5.97","4.88","0.0","4338"
"Jaime Barria","Angels","6","7","0","0","4.72","16","16","93.0","97","49","15","69","30","1.37","6.73","2.96","4.88","0.5","18356"
"Dillon Peters","Angels","1","2","0","0","4.79","4","4","23.0","25","12","3","16","8","1.46","6.25","3.32","4.89","0.2","18790"
"Jesus Liranzo","Pirates","1","1","0","1","4.81","0","21","21.0","19","11","3","23","14","1.55","9.71","5.80","4.89","0.0","sa658076"
"Matt Magill","Twins","2","2","0","5","4.85","0","34","34.0","34","18","6","33","16","1.46","8.79","4.23","4.89","-0.1","3950"
"Manny Banuelos","White Sox","7","9","0","0","4.81","22","22","127.0","125","68","18","122","70","1.53","8.65","4.93","4.90","0.7","5365"
"Jake Faria","Rays","2","3","0","0","4.84","8","8","47.0","46","25","7","43","22","1.46","8.25","4.28","4.90","0.2","13699"
"Jorge Lopez","Royals","4","7","0","0","5.10","16","16","92.0","99","52","14","73","39","1.50","7.19","3.80","4.90","0.2","14527"
"Kyle Zimmer","Royals","1","1","0","2","4.96","0","25","25.0","25","14","3","23","14","1.56","8.38","5.12","4.90","-0.1","14169"
"Ivan Nova","White Sox","5","8","0","0","4.94","19","19","108.0","123","59","19","77","26","1.37","6.43","2.14","4.91","0.6","1994"
"Tyson Ross","Tigers","6","9","0","0","5.09","20","20","118.0","127","66","15","88","54","1.54","6.72","4.14","4.91","0.6","7872"
"Jacob Nix","Padres","1","2","0","0","4.90","4","4","22.0","24","12","4","16","7","1.40","6.35","2.76","4.91","0.0","17775"
"Ryan Borucki","Blue Jays","4","5","0","0","4.98","13","13","77.0","82","42","12","58","30","1.47","6.80","3.53","4.92","0.4","16350"
"Enyel De Los Santos","Phillies","2","2","0","0","4.86","5","5","31.0","31","17","5","28","13","1.43","8.11","3.78","4.92","0.1","18403"
"Homer Bailey","Royals","3","5","0","0","5.01","11","11","62.0","68","35","10","45","20","1.41","6.52","2.91","4.92","0.2","8362"
"Danny Farquhar","Yankees","0","0","0","1","4.76","0","4","4.0","4","2","1","4","2","1.41","8.59","3.87","4.93","0.0","8501"
"Jeff Brigham","Marlins","2","3","0","0","4.85","7","7","37.0","37","20","6","32","16","1.42","7.70","3.75","4.93","0.0","16631"
"Kyle Dowdy","Rangers","1","1","0","1","5.24","0","17","17.0","18","10","3","15","7","1.54","7.85","3.94","4.93","0.0","19285"
"Caleb Frare","White Sox","1","1","0","1","4.76","0","21","21.0","19","11","3","24","15","1.59","10.30","6.36","4.94","0.0","14353"
"Brad Boxberger","Royals","3","5","23","3","4.97","0","50","50.0","46","27","8","55","29","1.52","10.05","5.25","4.94","-0.5","10133"
"Yovani Gallardo","","5","6","0","0","4.95","16","16","94.0","101","52","14","72","40","1.50","6.86","3.81","4.94","0.3","8173"
"Emilio Vargas","Diamondbacks","0","1","0","0","4.99","1","1","8.0","8","4","1","7","3","1.44","7.99","3.91","4.95","0.0","sa736761"
"Alex Cobb","Orioles","5","8","0","0","5.02","17","17","97.0","110","54","17","67","26","1.41","6.20","2.47","4.96","0.7","6562"
"Dylan Covey","White Sox","1","2","0","1","5.07","3","11","24.0","26","14","3","18","11","1.53","6.70","4.06","4.96","0.1","14825"
"Jason Vargas","Mets","6","9","0","0","4.92","19","19","110.0","116","60","20","93","37","1.39","7.63","3.04","4.97","0.3","8044"
"Brandon Finnegan","Reds","1","1","0","1","4.86","0","17","17.0","16","9","3","16","8","1.48","8.81","4.59","4.97","0.0","16208"
"Chad Bettis","Rockies","3","4","0","3","5.25","7","40","72.0","82","42","11","52","26","1.50","6.47","3.24","4.97","0.1","10587"
"Chandler Shepherd","Red Sox","0","0","0","0","5.04","1","1","8.0","8","4","1","6","3","1.43","6.87","3.28","4.97","0.0","sa602595"
"Hector Santiago","Mets","2","3","0","1","4.73","5","22","48.0","45","25","8","47","24","1.44","8.78","4.52","4.97","0.1","4026"
"Thomas Pannone","Blue Jays","2","3","0","3","4.97","3","32","44.0","46","25","8","41","15","1.38","8.21","3.13","4.97","0.0","17281"
"Mike Shawaryn","Red Sox","0","0","0","0","5.03","1","1","8.0","8","4","1","6","3","1.40","7.51","3.33","4.98","0.0","sa738524"
"Jordan Zimmermann","Tigers","6","10","0","0","5.14","23","23","133.0","151","76","25","98","35","1.39","6.60","2.37","4.99","0.9","4505"
"Wei-Chieh Huang","Rangers","1","2","0","1","5.06","0","29","29.0","29","16","5","28","15","1.52","8.69","4.67","5.02","0.0","17508"
"Brandon Bielak","Astros","0","0","0","0","5.02","1","1","8.0","8","4","1","6","3","1.46","7.64","3.90","5.02","0.0","sa915815"
"Matt Hall","Tigers","2","2","0","0","4.95","5","5","31.0","32","17","5","26","15","1.53","7.46","4.47","5.02","0.1","18076"
"Miguel Castro","Orioles","2","3","4","10","4.92","0","53","53.0","55","29","7","39","28","1.55","6.57","4.70","5.02","-0.3","15684"
"Trevor Oaks","Royals","1","1","0","0","5.10","3","3","15.0","17","9","2","9","5","1.48","5.52","3.05","5.03","0.0","16468"
"Matt Manning","Tigers","1","1","0","0","5.03","3","3","16.0","15","9","2","14","8","1.50","8.33","4.62","5.03","0.1","sa917924"
"Addison Reed","Twins","2","3","2","11","5.07","0","51","51.0","54","29","9","41","16","1.39","7.29","2.89","5.03","-0.2","10586"
"Jeremy Hellickson","Nationals","5","7","0","0","5.02","16","16","95.0","103","53","16","66","28","1.39","6.29","2.69","5.04","0.4","4371"
"Thyago Vieira","White Sox","0","0","0","1","4.86","0","8","8.0","8","5","1","8","5","1.52","8.38","4.88","5.04","0.0","14510"
"Corey Oswalt","Mets","1","1","0","0","5.02","3","3","16.0","17","9","3","13","6","1.46","7.34","3.50","5.04","0.0","13677"
"Kyle Bird","Rangers","1","2","0","5","4.96","0","33","33.0","34","18","5","30","18","1.57","8.00","4.96","5.04","0.0","16618"
"Nick Tropeano","Angels","4","5","0","0","4.88","13","13","75.0","75","40","13","64","30","1.40","7.72","3.58","5.04","0.3","12385"
"Luis Escobar","Pirates","1","1","0","1","5.01","1","18","25.0","25","14","3","22","14","1.57","7.96","5.07","5.05","0.0","sa828442"
"Jose Ruiz","White Sox","1","2","0","7","4.99","0","34","34.0","33","19","5","34","19","1.55","8.97","5.16","5.05","-0.1","14552"
"Steven Wright","Red Sox","3","4","0","0","5.14","11","11","62.0","68","35","10","47","25","1.49","6.85","3.58","5.05","0.1","8185"
"Junichi Tazawa","","3","3","0","0","5.04","0","60","60.0","62","34","10","51","25","1.46","7.68","3.79","5.06","-0.5","4079"
"Tommy Milone","Mariners","1","1","0","0","4.98","4","4","22.0","23","12","4","17","6","1.35","7.12","2.47","5.06","0.1","7608"
"Sam Hentges","Indians","0","0","0","1","4.81","0","4","4.0","4","2","1","4","2","1.49","8.13","4.62","5.06","0.0","sa828881"
"Kohl Stewart","Twins","0","0","0","0","5.13","1","1","8.0","9","4","1","5","4","1.57","5.90","4.17","5.07","0.0","15502"
"Reynaldo Lopez","White Sox","6","9","0","0","4.96","23","23","134.0","134","74","23","120","58","1.43","8.05","3.88","5.07","0.8","16400"
"Bo Takahashi","Diamondbacks","0","1","0","0","5.17","1","1","8.0","8","4","1","6","3","1.42","7.67","3.47","5.08","0.0","sa830370"
"Jarlin Garcia","Marlins","1","2","0","7","4.94","0","33","33.0","35","18","5","24","13","1.46","6.59","3.54","5.09","-0.3","18282"
"Chih-Wei Hu","Indians","2","2","0","1","5.00","3","19","32.0","34","18","6","26","11","1.38","7.24","3.05","5.09","0.1","16419"
"Ariel Jurado","Rangers","2","3","0","1","5.33","7","15","47.0","58","28","7","25","13","1.49","4.75","2.52","5.10","0.2","17030"
"Branden Kline","Orioles","1","1","0","1","5.09","0","16","16.0","17","9","3","14","7","1.49","7.55","3.86","5.10","0.0","14101"
"Mike Wright Jr.","Mariners","3","4","0","7","5.12","7","39","70.0","75","40","12","59","27","1.46","7.50","3.50","5.10","-0.1","12586"
"Mike Wright Jr.","Mariners","1","1","0","5","5.12","0","25","25.0","26","14","4","21","10","1.46","7.50","3.50","5.10","0.0","12586"
"Allen Webster","Cubs","1","1","0","1","5.05","0","21","21.0","22","12","4","18","9","1.49","7.69","3.83","5.10","-0.1","3993"
"Allen Webster","Cubs","2","3","0","2","5.05","0","50","50.0","53","28","9","43","21","1.49","7.69","3.83","5.10","-0.1","3993"
"Cody Carroll","Orioles","0","0","0","1","4.97","0","8","8.0","8","5","1","8","5","1.54","9.06","5.25","5.11","0.0","17664"
"Bartolo Colon","","5","6","0","0","5.21","16","16","91.0","108","53","17","57","20","1.40","5.61","1.96","5.12","0.2","375"
"Lucas Giolito","White Sox","4","7","0","0","5.10","15","15","85.0","86","48","13","71","43","1.51","7.55","4.52","5.12","0.3","15474"
"Triston McKenzie","Indians","1","1","0","0","5.01","4","4","23.0","23","13","4","21","10","1.41","8.05","3.73","5.12","0.1","sa874760"
"J.B. Bukauskas","Astros","1","1","0","0","5.10","3","3","15.0","15","9","2","14","8","1.55","8.01","4.95","5.13","0.0","sa829263"
"C.D. Pelham","Rangers","2","2","0","4","4.88","0","33","33.0","32","18","4","32","23","1.64","8.67","6.23","5.14","-0.1","19820"
"Duane Underwood Jr.","Cubs","0","1","0","0","5.06","1","1","8.0","8","4","1","6","4","1.51","7.28","4.34","5.15","0.0","14677"
"Brady Rodgers","Astros","0","0","0","0","5.14","1","1","8.0","8","4","1","5","2","1.41","6.40","2.77","5.16","0.0","13393"
"Darwinzon Hernandez","Red Sox","0","1","0","0","5.16","1","1","8.0","7","4","1","7","6","1.68","8.70","6.48","5.17","0.0","19848"
"Shelby Miller","Rangers","6","9","0","0","5.45","19","19","110.0","121","66","18","88","49","1.56","7.21","4.04","5.17","0.4","10197"
"Keury Mella","Reds","0","1","0","0","5.08","1","1","8.0","8","4","1","6","3","1.48","7.38","4.04","5.18","0.0","15964"
"Conner Greene","Royals","1","1","0","1","4.98","0","12","12.0","12","7","2","10","7","1.58","7.19","5.19","5.18","0.0","sa737829"
"Taylor Hearn","Rangers","0","1","0","0","5.21","1","1","8.0","8","5","1","7","4","1.56","8.47","4.87","5.19","0.0","18325"
"John Means","Orioles","3","6","0","0","5.22","13","13","75.0","85","44","14","54","22","1.42","6.51","2.63","5.19","0.4","16269"
"Adonis Medina","Phillies","1","1","0","0","5.11","3","3","15.0","16","9","3","13","7","1.49","7.55","4.14","5.20","0.0","sa832877"
"Matt Wotherspoon","Orioles","0","0","0","1","5.22","0","2","2.0","3","1","0","2","1","1.49","8.41","4.18","5.20","0.0","16452"
"Ryan Burr","White Sox","2","3","1","9","5.12","0","38","38.0","38","22","6","34","23","1.61","8.15","5.53","5.21","-0.2","17536"
"Heath Fillmyer","Royals","2","4","0","1","5.28","7","27","60.0","66","35","9","39","24","1.52","5.85","3.65","5.23","0.0","17466"
"Edinson Volquez","Rangers","5","8","0","0","5.42","19","19","108.0","120","65","16","80","56","1.63","6.67","4.65","5.23","0.4","3990"
"Elieser Hernandez","Marlins","1","1","0","0","5.11","3","3","15.0","15","8","3","12","7","1.46","7.37","3.97","5.24","0.0","16933"
"Jimmy Yacabonis","Orioles","2","3","1","9","5.26","0","45","45.0","48","26","7","35","22","1.55","6.90","4.35","5.24","-0.2","15157"
"Miguel Gonzalez","","9","13","0","0","5.30","32","32","191.0","214","113","35","133","63","1.44","6.25","2.94","5.24","0.0","7024"
"Ryan Carpenter","Tigers","1","2","0","0","5.23","5","5","30.0","33","18","6","23","10","1.43","6.91","3.10","5.25","0.0","12699"
"Jordan Foley","Rockies","0","0","0","1","5.29","0","8","8.0","8","5","1","8","5","1.60","8.52","5.35","5.25","0.0","sa599323"
"Gabriel Ynoa","Orioles","0","1","0","0","5.44","1","1","8.0","9","5","1","5","2","1.47","5.56","2.54","5.26","0.0","12938"
"Mike Dunn","Rockies","2","2","0","10","5.40","0","41","41.0","42","25","7","38","24","1.61","8.25","5.24","5.27","-0.2","9948"
"P.J. Conlon","Mets","0","1","0","0","5.11","1","1","8.0","8","4","1","5","3","1.46","6.38","3.40","5.28","0.0","18213"
"Brock Burke","Rangers","0","1","0","0","5.16","1","1","8.0","8","4","1","6","4","1.51","7.27","4.24","5.28","0.0","sa828798"
"Aaron Slegers","Rays","0","1","0","0","5.19","1","1","8.0","8","4","1","5","2","1.43","5.80","2.84","5.28","0.0","15231"
"Aaron Slegers","Rays","1","1","0","0","5.19","3","3","15.0","17","9","3","10","5","1.43","5.80","2.84","5.28","0.0","15231"
"Ervin Santana","White Sox","3","6","0","1","5.21","12","21","79.0","85","46","15","58","26","1.40","6.64","2.93","5.29","0.2","3200"
"Franklyn Kilome","Mets","0","1","0","0","5.19","1","1","8.0","8","4","1","6","4","1.56","7.47","4.86","5.29","0.0","sa830592"
"Jake Jewell","Angels","0","1","0","1","5.11","0","8","8.0","9","5","1","6","4","1.56","6.82","4.41","5.32","0.0","16958"
"Denyi Reyes","Red Sox","0","1","0","0","5.41","1","1","8.0","9","5","1","5","2","1.43","6.14","2.83","5.33","0.0","sa872864"
"Andrew Cashner","Orioles","5","9","0","0","5.42","20","20","115.0","132","69","19","76","47","1.56","5.91","3.70","5.34","0.3","8782"
"Adam Plutko","Indians","3","4","0","3","5.15","7","32","64.0","65","37","14","55","22","1.36","7.78","3.07","5.34","0.0","15846"
"Drew Anderson","Phillies","1","2","0","1","5.37","3","19","32.0","34","19","6","27","13","1.48","7.57","3.66","5.34","0.0","15130"
"Adbert Alzolay","Cubs","0","1","0","0","5.27","1","1","8.0","8","5","1","6","3","1.48","6.87","3.85","5.36","0.0","sa735853"
"Justin Steele","Cubs","0","1","0","0","5.16","1","1","8.0","8","4","1","6","4","1.57","7.12","4.88","5.36","0.0","sa828960"
"Elvis Luciano","Blue Jays","1","2","0","1","5.24","0","25","25.0","27","14","3","18","14","1.63","6.35","4.96","5.36","-0.1","20632"
"Harrison Musgrave","Rockies","1","2","0","1","5.52","0","25","25.0","27","15","5","21","11","1.54","7.70","4.06","5.36","-0.1","16532"
"Matt Koch","Diamondbacks","2","3","0","6","5.39","3","40","52.0","63","31","10","32","14","1.46","5.47","2.34","5.38","-0.1","13420"
"Anderson Espinoza","Padres","0","0","0","1","5.17","0","4","4.0","4","2","1","3","3","1.66","7.30","5.83","5.38","0.0","sa872856"
"Jonathan Hernandez","Rangers","1","2","0","0","5.39","4","4","23.0","24","14","4","19","13","1.63","7.29","5.18","5.38","0.0","sa737482"
"Edwin Jackson","Athletics","3","4","0","0","5.37","9","9","52.0","54","31","10","43","24","1.51","7.44","4.14","5.39","0.0","1841"
"Edwin Jackson","Athletics","4","6","0","0","5.37","16","16","91.0","95","54","17","75","42","1.51","7.44","4.14","5.39","0.0","1841"
"Kyle Funkhouser","Tigers","1","2","0","0","5.45","5","5","31.0","33","19","5","25","17","1.61","7.30","5.04","5.40","0.0","sa827397"
"James Shields","","5","8","0","0","5.42","19","19","115.0","125","69","22","94","47","1.49","7.32","3.66","5.41","0.0","7059"
"Pedro Araujo","Orioles","0","0","0","1","5.42","0","2","2.0","2","1","0","2","1","1.56","8.71","4.96","5.44","0.0","17697"
"Yency Almonte","Rockies","1","1","0","0","5.66","3","3","15.0","17","10","3","12","7","1.61","6.96","4.35","5.46","0.0","15068"
"Marco Estrada","Athletics","5","8","0","0","5.41","18","18","106.0","111","63","20","75","40","1.43","6.40","3.42","5.47","0.1","1118"
"Yohander Mendez","Rangers","3","4","0","0","5.33","11","11","60.0","62","35","11","46","28","1.52","6.98","4.29","5.47","0.2","14391"
"Hunter Harvey","Orioles","0","1","0","0","5.51","1","1","8.0","8","5","2","6","3","1.48","7.24","3.55","5.48","0.0","sa737510"
"Chris Ellis","Cardinals","2","3","0","0","5.52","7","7","39.0","42","24","7","30","18","1.57","7.01","4.30","5.50","-0.1","16125"
"Jordan Stephens","White Sox","1","2","0","1","5.43","4","13","32.0","34","19","6","26","15","1.51","7.38","4.15","5.51","0.0","sa875031"
"Yefry Ramirez","Orioles","1","1","0","0","5.46","3","3","15.0","16","9","3","14","7","1.49","8.32","4.30","5.53","0.0","15655"
"Ricardo Sanchez","Mariners","0","1","0","0","5.36","1","1","7.0","8","4","1","5","4","1.58","6.27","4.47","5.53","0.0","sa830302"
"Stephen Gonsalves","Twins","2","3","0","0","5.27","7","7","40.0","39","23","7","35","23","1.57","7.84","5.17","5.53","0.0","15492"
"Dillon Tate","Orioles","1","1","0","0","5.54","3","3","15.0","17","9","3","9","6","1.56","5.59","3.72","5.55","0.0","sa874239"
"Jesus Tinoco","Rockies","1","1","0","0","5.74","3","3","15.0","17","10","3","11","7","1.56","6.74","3.88","5.57","0.0","sa657723"
"Sandy Baez","Tigers","1","2","0","1","5.60","0","34","34.0","36","21","6","26","16","1.55","6.93","4.21","5.61","-0.1","17754"
"Domingo Acevedo","Yankees","0","1","0","0","5.51","1","1","8.0","8","5","2","6","3","1.46","7.17","3.51","5.62","0.0","sa739716"
"Alex Faedo","Tigers","1","1","0","0","5.64","3","3","16.0","17","10","3","12","5","1.44","6.92","3.19","5.63","0.0","sa829855"
"Marcos Diplan","Brewers","1","1","0","0","5.56","3","3","15.0","16","9","2","13","10","1.68","7.81","5.84","5.63","-0.1","sa828590"
"Josh Rogers","Orioles","1","3","0","0","5.70","5","5","30.0","36","19","6","18","10","1.52","5.41","2.86","5.63","0.0","18510"
"Chance Adams","Yankees","2","3","0","0","5.52","8","8","46.0","46","28","9","42","25","1.56","8.30","5.00","5.64","0.0","18135"
"Yoel Espinal","Rangers","0","0","0","1","5.47","0","8","8.0","8","5","1","9","6","1.67","9.19","6.67","5.69","0.0","sa597725"
"Carson Fulmer","White Sox","3","7","0","3","5.64","8","34","73.0","77","46","12","63","46","1.67","7.72","5.63","5.71","-0.3","18311"
"Julian Fernandez","Marlins","0","1","0","1","5.45","0","12","12.0","13","8","2","9","9","1.78","6.78","6.76","5.72","-0.1","sa737347"
"Ryan Castellani","Rockies","1","1","0","0","5.90","3","3","15.0","17","10","3","12","8","1.64","6.83","4.75","5.72","0.0","sa828689"
"Jordan Romano","Blue Jays","0","1","0","0","5.73","1","1","8.0","8","5","2","6","3","1.50","7.13","3.88","5.73","0.0","sa829155"
"Keegan Akin","Orioles","0","1","0","0","5.56","1","1","8.0","8","5","2","7","4","1.55","7.76","4.73","5.76","0.0","sa873980"
"Beau Burrows","Tigers","1","2","0","0","5.77","4","4","23.0","25","15","5","18","11","1.55","7.10","4.29","5.78","-0.1","sa874682"
"Kodi Medeiros","White Sox","0","1","0","0","5.57","1","1","8.0","8","5","1","6","5","1.68","7.03","5.76","5.83","0.0","sa828664"
"Andrew Moore","Rays","2","3","0","0","5.74","7","7","38.0","43","25","9","26","13","1.46","5.99","3.12","5.88","-0.3","17553"
"Drew Hutchison","Yankees","1","1","0","0","5.91","3","3","15.0","16","10","3","11","7","1.58","6.95","4.31","5.92","-0.1","10732"
"David Hess","Orioles","4","9","0","0","5.96","17","17","100.0","114","66","23","75","40","1.53","6.70","3.58","5.95","-0.1","16130"
"Albert Abreu","Yankees","0","1","0","0","5.98","1","1","8.0","8","5","1","6","4","1.67","6.85","5.27","6.06","0.0","sa828366"
"Luis Ortiz","Orioles","1","1","0","0","6.15","3","3","15.0","17","10","3","10","7","1.60","5.78","3.96","6.15","-0.1","16942"
"Dan Straily","Orioles","3","8","0","0","6.12","16","16","93.0","105","63","23","73","38","1.54","7.05","3.69","6.18","-0.4","9460"
"Matt Davidson","Rangers","0","0","0","0","7.72","0","8","8.0","11","7","4","7","4","1.71","7.72","3.86","8.30","-0.1","7226"
